{
    "0": {
        "self organ": 0.050923847736205834, 
        "time delay": -0.07887159618367094, 
        "high accuraci": 0.028950434645908237, 
        "new method": -0.11515641739331116, 
        "linear discrimin": 0.0520674574382315, 
        "convolut neural": 0.04855650784797648, 
        "social network": 0.09738631190409386, 
        "deep learn": 0.12876586959059474, 
        "take advantag": 0.1538400365883932, 
        "anomali detect": -0.04262705449222947, 
        "learn techniqu": 0.13520273771796898, 
        "inform retriev": -0.0644850871076642, 
        "magnet reson": 0.1320083069519157, 
        "remot sens": 0.4548648504549377, 
        "compon analysi": -0.04473074655412297, 
        "previou work": 0.10852926169248343, 
        "case studi": 0.10282005832067077, 
        "p p": 0.09379504257975914, 
        "big data": 0.02140591316519243, 
        "np hard": -0.017787498654826425, 
        "reinforc learn": -0.046180466696718624, 
        "comput vision": 0.00557532851956013, 
        "experi show": -0.0869093443492137, 
        "least squar": 0.0244958737382561, 
        "data collect": 0.16888530202632512, 
        "fault toler": 0.09676922775580887, 
        "short term": 0.04593595400344751, 
        "featur select": 0.016487622595438428, 
        "fold cross": 0.22324283403652634, 
        "similar measur": -0.06635891820899423, 
        "propos novel": 0.0953969087214389, 
        "analysi pca": -0.05092615139533323, 
        "present new": -0.05419674548112951, 
        "classif accuraci": 0.038946313022988184, 
        "e g": 0.08415204218465802, 
        "kernel function": 0.042070004334319476, 
        "sub sub": -0.07829111520678403, 
        "bayesian network": 0.07723377675422963, 
        "paper describ": 0.04607667619924415, 
        "fals alarm": -0.020743111601859827, 
        "result obtain": 0.10767353948043216, 
        "good perform": -0.014820930587929163, 
        "commonli use": 0.2008061949816502, 
        "petri net": 0.08861860129048901, 
        "method base": 0.08490852181742503, 
        "hidden node": 0.08780867406295417, 
        "licens plate": -0.03928414587739612, 
        "learn method": 0.10486486338241734, 
        "import role": 0.10066189210404017, 
        "black box": 0.060498003311418046, 
        "basi function": -0.04614232481119315, 
        "facial express": 0.05995248422512988, 
        "propos approach": 0.011694265040398135, 
        "gradient descent": -0.02923117303507901, 
        "proceed record": 0.028453140876724733, 
        "real life": 0.16012404092718768, 
        "result indic": 0.09479915163271256, 
        "chapter contain": -0.29650959087452494, 
        "improv perform": -0.0310967634141553, 
        "low level": 0.057436012656299065, 
        "comput complex": -0.07910141548706774, 
        "experi result": -0.19199567778688956, 
        "recent year": 0.023218022754017933, 
        "sentiment analysi": -0.02997988463768071, 
        "learn approach": 0.15563307858786068, 
        "mont carlo": 0.1510569869213913, 
        "naiv bay": -0.006789074937590816, 
        "cluster algorithm": -0.022933541178225755, 
        "suppli chain": -0.01977044510681947, 
        "intuitionist fuzzi": -0.09247948564278895, 
        "mobil robot": -0.004452617617594098, 
        "demonstr effect": 0.03313832806283342, 
        "confer proceed": -0.1531280649570619, 
        "train sampl": 0.05465900539408436, 
        "improv accuraci": 0.18279310258853512, 
        "maximum likelihood": 0.17467862969042355, 
        "paper present": -0.10223302422473435, 
        "gene express": 0.2957735964247822, 
        "search engin": -0.09289784108226957, 
        "experiment result": -0.03469181599786169, 
        "mobil devic": 0.04243637990968431, 
        "web servic": 0.006507979644900592, 
        "face recognit": -0.11254818839021355, 
        "non neg": -0.02525005787340152, 
        "train set": 0.110487347140597, 
        "fuzzi logic": -0.02351220009674854, 
        "machin elm": 0.044096035537948025, 
        "ad hoc": 0.10117579223825754, 
        "particl swarm": -0.07017394690101168, 
        "effect propos": -0.04171301547655873, 
        "real time": 0.09241319772152212, 
        "n gram": -0.006572821477953239, 
        "vector machin": 0.12967844173210813, 
        "mean squar": -0.02101180516241139, 
        "posit neg": 0.03144788018916145, 
        "power plant": 0.08263924188310226, 
        "supervis learn": -0.035481407038755436, 
        "upper bound": 0.04929593018812396, 
        "k mean": 0.07933684831573189, 
        "hidden layer": -0.0317430483785427, 
        "support vector": 0.12910238428629328, 
        "decis tree": 0.0714463014576953, 
        "k nearest": 0.07983003927785659, 
        "state art": 0.1146044002971167, 
        "fault diagnosi": -0.09056326588550966, 
        "set theori": -0.06912967552749684, 
        "kalman filter": 0.004453630504464255, 
        "wide use": 0.035201598267624944, 
        "high level": 0.07350611375241706, 
        "inequ lmi": -0.05864381588131686, 
        "paper propos": -0.0774772888606665, 
        "data mine": -0.13862174011095268, 
        "back propag": 0.0951084965318909, 
        "ls svm": 0.06667669498288392, 
        "larg number": 0.12092680851314844, 
        "show propos": -0.07303861659115758, 
        "larg amount": 0.08748897976179429, 
        "web page": 0.0019810249837590842, 
        "suffici condit": -0.23757562723585937, 
        "section titl": -0.30020363912177916, 
        "markov model": 0.14187827456456678, 
        "network ann": 0.19550090866028552, 
        "co occurr": 0.038545090609868715, 
        "amino acid": 0.7162991050437348, 
        "control system": 0.005677887263818112, 
        "learn algorithm": 0.09250939228256579, 
        "precis recal": 0.00032036492609521273, 
        "close loop": -0.06787968299349605, 
        "extrem learn": -0.029608633892824903, 
        "result demonstr": 0.057542403861748484, 
        "fals posit": 0.18336980178923595, 
        "decis make": 0.04440727042461837, 
        "ant coloni": -0.05126662147852268, 
        "semi supervis": 0.0067883023136690425, 
        "time consum": 0.17457386094840066, 
        "genet algorithm": -0.15862972822742494, 
        "present novel": 0.04912849280235592, 
        "social media": -0.009841007708109036, 
        "pre process": 0.08885499731930384, 
        "paper introduc": 0.029161678299484455, 
        "propos method": -0.0008044565030896423, 
        "train data": 0.10291020535455053, 
        "spatio tempor": 0.1950888418505677, 
        "h sub": -0.07524595925169195, 
        "result show": -0.0006277791529214888, 
        "contain section": -0.30020363912177916, 
        "pid control": -0.08225927910742056, 
        "take account": 0.13693575830379046, 
        "princip compon": -0.024624822003766162, 
        "predict accuraci": 0.28730045308215635, 
        "associ rule": -0.018966641820526344, 
        "breast cancer": 0.10793165806370333, 
        "knowledg discoveri": 0.020972843734861822, 
        "prior knowledg": 0.13055752302033968, 
        "ground truth": 0.24977923605592073, 
        "featur vector": 0.1346538959042127, 
        "simul result": -0.08267927972220149, 
        "time vari": -0.00440251769948664, 
        "propos algorithm": -0.1567561755166168, 
        "current committe": 0.0, 
        "rule base": -0.08191896737383549, 
        "decis maker": 0.06235309495744247, 
        "new approach": 0.05492870846990641, 
        "sup sup": 0.08233418719598902, 
        "recommend system": -0.023618104976051688, 
        "gaussian mixtur": 0.05383071832717536, 
        "real world": -0.04540794713073677, 
        "wide rang": 0.1355379936102217, 
        "e commerc": 0.023235758604152962, 
        "swarm optim": -0.0741346400608881, 
        "matrix inequ": -0.31082532032630406, 
        "propos new": -0.07592412470353976, 
        "non stationari": 0.033261728880115034,