{
    "10": {
        "self organ": -0.0030245487751131453, 
        "time delay": 0.648330154354612, 
        "high accuraci": -0.12589687664240004, 
        "new method": -0.03963428495605394, 
        "linear discrimin": -0.17319100891243433, 
        "convolut neural": -0.3010910214946218, 
        "social network": -0.23060735322815126, 
        "deep learn": -0.122065807538778, 
        "take advantag": -0.09236179141068249, 
        "anomali detect": 0.08956126932172248, 
        "learn techniqu": -0.08199348799298725, 
        "inform retriev": -0.5744723865866926, 
        "magnet reson": -0.20803992577240987, 
        "remot sens": -0.35090322287478093, 
        "compon analysi": -0.23480843050289366, 
        "previou work": -0.16487826878279113, 
        "case studi": 0.01590365455416981, 
        "p p": 0.04903625709884831, 
        "big data": -0.1602896245238511, 
        "np hard": -0.370977620345322, 
        "reinforc learn": 0.24526096035684908, 
        "comput vision": -0.23661568331564792, 
        "experi show": -0.16980393852884987, 
        "least squar": -0.039470592386796566, 
        "data collect": 0.06836374147510166, 
        "fault toler": 0.5242939285632764, 
        "short term": -0.21632472806852812, 
        "featur select": -0.35644532873158064, 
        "fold cross": -0.37497325455732, 
        "similar measur": -0.17681414349501368, 
        "propos novel": -0.18619718238616095, 
        "analysi pca": -0.14001823510903158, 
        "present new": -0.14314183301981587, 
        "classif accuraci": -0.24928137408756867, 
        "e g": 0.058129628488537796, 
        "kernel function": -0.20025576713431595, 
        "sub sub": 0.4776593712626709, 
        "bayesian network": -0.27500144379782965, 
        "paper describ": 0.11039422366937252, 
        "fals alarm": -0.10339688515464078, 
        "result obtain": -0.07864689593052304, 
        "good perform": 0.15283804547009372, 
        "commonli use": -0.09799532878507282, 
        "petri net": 0.40707671143824975, 
        "method base": -0.05485251634462004, 
        "hidden node": -0.3930788433545818, 
        "licens plate": -0.09531373618019014, 
        "learn method": -0.06133906551305812, 
        "import role": -0.10137176352413511, 
        "black box": 0.09869206773316544, 
        "basi function": 0.10620209505306209, 
        "facial express": -0.49631203819211284, 
        "propos approach": 0.035587833120911856, 
        "gradient descent": -0.2375204203462557, 
        "proceed record": 0.005662194349251966, 
        "real life": -0.08687979990757042, 
        "result indic": -0.021970479253878315, 
        "chapter contain": -1.095192178606922, 
        "improv perform": -0.11027903033475253, 
        "low level": -0.035557237177368806, 
        "comput complex": -0.2869460841870084, 
        "experi result": -0.13295983791312843, 
        "recent year": -0.1426332055498768, 
        "sentiment analysi": -0.18770912737347756, 
        "learn approach": -0.06997218154679583, 
        "mont carlo": -0.31949311776409933, 
        "naiv bay": -0.26955781720245087, 
        "cluster algorithm": -0.3894091503666878, 
        "suppli chain": -0.07857577121020971, 
        "intuitionist fuzzi": -0.6120012521570863, 
        "mobil robot": 0.37759693640650394, 
        "demonstr effect": 0.23787577404515337, 
        "confer proceed": -0.3096765978228536, 
        "train sampl": -0.3363795711215273, 
        "improv accuraci": -0.20130399855493686, 
        "maximum likelihood": -0.15432414603637276, 
        "paper present": 0.04411327466909934, 
        "gene express": -0.3712571064806241, 
        "search engin": -0.5984719641637016, 
        "experiment result": -0.19594369368481648, 
        "mobil devic": 0.12034399215028978, 
        "web servic": -0.0001350148367073664, 
        "face recognit": -0.24998773735899035, 
        "non neg": -0.6086151075763814, 
        "train set": -0.41928411282640093, 
        "fuzzi logic": 0.481774854660795, 
        "machin elm": -0.0935494812074983, 
        "ad hoc": -0.07673329427290347, 
        "particl swarm": 0.10777392027764239, 
        "effect propos": 0.31548652155984025, 
        "real time": 0.3481272040486897, 
        "n gram": -0.5484253471888543, 
        "vector machin": -0.21367307169378183, 
        "mean squar": -0.09497820011436832, 
        "posit neg": -0.4523392296583933, 
        "power plant": 0.656085441653955, 
        "supervis learn": -0.25767921247758097, 
        "upper bound": 0.28343599547108506, 
        "k mean": -0.1803664082165079, 
        "hidden layer": -0.059597583491967, 
        "support vector": -0.19958101349201823, 
        "decis tree": -0.18883210402345196, 
        "k nearest": -0.2534331634252628, 
        "state art": -0.27804783126008514, 
        "fault diagnosi": 0.14990359376183898, 
        "set theori": -0.34574778001229134, 
        "kalman filter": 0.16792331717758238, 
        "wide use": -0.06719126395065834, 
        "high level": -0.011790196412032055, 
        "inequ lmi": 0.6042559477056527, 
        "paper propos": -0.07664395304049032, 
        "data mine": -0.2647097012213658, 
        "back propag": 0.15139401758085114, 
        "ls svm": -0.30767799527968115, 
        "larg number": -0.15428340339841604, 
        "show propos": -0.015143136703599387, 
        "larg amount": -0.14769390398166446, 
        "web page": -0.7082771976879587, 
        "suffici condit": 0.4077870044018519, 
        "section titl": -1.1000783958401634, 
        "markov model": -0.11496545655915309, 
        "network ann": 0.04941040386516168, 
        "co occurr": -0.269630591062337, 
        "amino acid": -0.1810440261027919, 
        "control system": 0.8834906427602783, 
        "learn algorithm": -0.07869699717162143, 
        "precis recal": -0.3304451578244861, 
        "close loop": 0.7517636145511263, 
        "extrem learn": -0.06685658668488773, 
        "result demonstr": -0.03629496577938738, 
        "fals posit": -0.08563699159578689, 
        "decis make": 0.05791528315810254, 
        "ant coloni": -0.09026261809486649, 
        "semi supervis": -0.4277300273724802, 
        "time consum": -0.13177440828183548, 
        "genet algorithm": 0.10830139777446804, 
        "present novel": -0.08987574441250995, 
        "social media": -0.5048484910975821, 
        "pre process": -0.19862380048292708, 
        "paper introduc": 0.04380802120409343, 
        "propos method": -0.05052815904408958, 
        "train data": -0.23633860925842343, 
        "spatio tempor": -0.025700729826526478, 
        "h sub": 0.6212248376727099, 
        "result show": 0.04766329588348942, 
        "contain section": -1.1000783958401634, 
        "pid control": 0.8594098176989086, 
        "take account": -0.040973736481242216, 
        "princip compon": -0.17937020867260536, 
        "predict accuraci": -0.2643979454319927, 
        "associ rule": -0.7233914333117518, 
        "breast cancer": -0.3248676407592164, 
        "knowledg discoveri": -0.06756118446162161, 
        "prior knowledg": -0.14902633714071964, 
        "ground truth": -0.19083720170225568, 
        "featur vector": -0.3165483700869856, 
        "simul result": 0.45065557041693366, 
        "time vari": 0.602109706852513, 
        "propos algorithm": -0.18232354327335926, 
        "current committe": 0.0, 
        "rule base": 0.06777651476539745, 
        "decis maker": -0.31581981760207933, 
        "new approach": -0.07060305061016064, 
        "sup sup": -0.06922870100780475, 
        "recommend system": -0.5530350653721425, 
        "gaussian mixtur": -0.3874683482952571, 
        "real world": -0.1639353549537109, 
        "wide rang": -0.024314296339087462, 
        "e commerc": -0.1339080003739016, 
        "swarm optim": 0.07182465515589244, 
        "matrix inequ": 0.5727274268835731, 
        "propos new": -0.21466226858486742, 
        "non stationari": 0.08319721277112618,