{
    "11": {
        "self organ": 0.09444700108555353, 
        "time delay": -0.19271367953198404, 
        "high accuraci": 0.275480040595836, 
        "new method": -0.11061175978370644, 
        "linear discrimin": 0.005214983245694901, 
        "convolut neural": 0.17612479243109616, 
        "social network": 0.2196625666069136, 
        "deep learn": 0.1427596292661985, 
        "take advantag": 0.06774254435894328, 
        "anomali detect": 0.7627931872848869, 
        "learn techniqu": 0.2574357507338207, 
        "inform retriev": -0.2600388237630083, 
        "magnet reson": -0.002638094528864934, 
        "remot sens": -0.03624265215520301, 
        "compon analysi": 0.0027193566053693606, 
        "previou work": 0.03241957011339498, 
        "case studi": 0.11267763459075607, 
        "p p": 0.35296407540056723, 
        "big data": 0.10756171931712429, 
        "np hard": -0.22336819339499786, 
        "reinforc learn": -0.1273628379089341, 
        "comput vision": 0.012266020588921865, 
        "experi show": -0.10135775223618934, 
        "least squar": -0.17875853018295146, 
        "data collect": 0.24296190443793123, 
        "fault toler": 0.13791450883070322, 
        "short term": -0.14138126068211018, 
        "featur select": 0.07350475499409433, 
        "fold cross": 0.04540374450834586, 
        "similar measur": -0.23157882152393547, 
        "propos novel": 0.08391541606487503, 
        "analysi pca": 0.15325184947811907, 
        "present new": -0.20538160192455052, 
        "classif accuraci": 0.058673916662179165, 
        "e g": 0.23757885265436562, 
        "kernel function": -0.20282448297703684, 
        "sub sub": -0.19750149102467013, 
        "bayesian network": 0.009441952218919481, 
        "paper describ": 0.07623257608873757, 
        "fals alarm": 0.6204169121156738, 
        "result obtain": -0.04032086893897507, 
        "good perform": -0.09492411486591863, 
        "commonli use": 0.06633360740805398, 
        "petri net": -0.12155634151252555, 
        "method base": -0.07919020428616134, 
        "hidden node": -0.06818975101180057, 
        "licens plate": 0.21455619890174182, 
        "learn method": 0.10305655033508462, 
        "import role": -0.046721530986286855, 
        "black box": 0.19081490761197523, 
        "basi function": -0.09741802051824884, 
        "facial express": 0.0010776799957235082, 
        "propos approach": 0.08646051664251056, 
        "gradient descent": -0.1506687963817311, 
        "proceed record": 0.0, 
        "real life": 0.04497512855987877, 
        "result indic": -0.03285847626882432, 
        "chapter contain": -0.6326425033961648, 
        "improv perform": -0.03802913791146111, 
        "low level": 0.13717334337854886, 
        "comput complex": -0.007927896046081535, 
        "experi result": 0.04718435135401773, 
        "recent year": 0.2015494928185773, 
        "sentiment analysi": 0.0020483136898528428, 
        "learn approach": 0.17358938464297283, 
        "mont carlo": 0.0004115551078681588, 
        "naiv bay": 0.18928571863958035, 
        "cluster algorithm": -0.16721317357543145, 
        "suppli chain": -0.22006796358644098, 
        "intuitionist fuzzi": -0.25137833170132445, 
        "mobil robot": 0.05849825372959199, 
        "demonstr effect": -0.039894984317385515, 
        "confer proceed": -0.291687700552689, 
        "train sampl": -0.1571630336882333, 
        "improv accuraci": 0.0960764654816618, 
        "maximum likelihood": -0.029460394066936194, 
        "paper present": 0.07659303256891152, 
        "gene express": -0.09977495991041878, 
        "search engin": -0.0636939982805597, 
        "experiment result": 0.01033085760499508, 
        "mobil devic": 0.5024659346072476, 
        "web servic": 0.13619877458165622, 
        "face recognit": -0.0633007462283785, 
        "non neg": -0.21357044621563115, 
        "train set": 0.023743625273320856, 
        "fuzzi logic": -0.06397756842127432, 
        "machin elm": -0.1322917853838352, 
        "ad hoc": 0.3343964999759057, 
        "particl swarm": -0.15621454897598167, 
        "effect propos": -0.0777595699355637, 
        "real time": 0.27779161650501993, 
        "n gram": 0.28127664043890666, 
        "vector machin": 0.05774781701888705, 
        "mean squar": -0.14516473846819036, 
        "posit neg": -0.07094839935350172, 
        "power plant": -0.00966889066695854, 
        "supervis learn": 0.08853706528878302, 
        "upper bound": -0.14891670293042053, 
        "k mean": 0.04736892387002368, 
        "hidden layer": -0.1869065523259787, 
        "support vector": 0.03879411648379033, 
        "decis tree": 0.14775789419132648, 
        "k nearest": 0.07176399451558525, 
        "state art": 0.03603253871177964, 
        "fault diagnosi": 0.09642035404988362, 
        "set theori": -0.2815284970784313, 
        "kalman filter": 0.07835676911137489, 
        "wide use": 0.08502930616488935, 
        "high level": 0.08549632595684635, 
        "inequ lmi": -0.336269493134824, 
        "paper propos": 0.07422253081292667, 
        "data mine": 0.08076308514506401, 
        "back propag": -0.039469268986919645, 
        "ls svm": -0.053764726076745525, 
        "larg number": -0.06558663500333345, 
        "show propos": 0.014592050155669181, 
        "larg amount": 0.14990526667904902, 
        "web page": 0.009629644787276063, 
        "suffici condit": -0.38506865928753414, 
        "section titl": -0.6368608184096121, 
        "markov model": 0.08986137889497044, 
        "network ann": 0.0032519328971877064, 
        "co occurr": -0.10536022014799419, 
        "amino acid": -0.24252608369042644, 
        "control system": -0.1607481465111956, 
        "learn algorithm": 0.1736489005903652, 
        "precis recal": 0.11093660084705487, 
        "close loop": -0.22161893678435263, 
        "extrem learn": -0.12360184275542951, 
        "result demonstr": 0.10302470919759364, 
        "fals posit": 0.6208415715137822, 
        "decis make": -0.15751076341271075, 
        "ant coloni": -0.12555417586078027, 
        "semi supervis": 0.06947692496177053, 
        "time consum": 0.13337560311235902, 
        "genet algorithm": -0.1718189823747219, 
        "present novel": 0.07943026927328727, 
        "social media": 0.09074738847785474, 
        "pre process": 0.1252045839609867, 
        "paper introduc": -0.007846471904994917, 
        "propos method": -0.028918139363181328, 
        "train data": 0.04479091650966329, 
        "spatio tempor": 0.13372781066703027, 
        "h sub": -0.17583675423149964, 
        "result show": 0.038448188898955044, 
        "contain section": -0.6368608184096121, 
        "pid control": -0.3233972711521167, 
        "take account": -0.11308113408511385, 
        "princip compon": 0.07819893215633468, 
        "predict accuraci": -0.17726587739660915, 
        "associ rule": -0.255574526426529, 
        "breast cancer": 0.10046809534361029, 
        "knowledg discoveri": -0.02194207918861363, 
        "prior knowledg": 0.009322205380826365, 
        "ground truth": 0.14245686047516534, 
        "featur vector": -0.11041955761664343, 
        "simul result": -0.17201810731203307, 
        "time vari": -0.3312251910478709, 
        "propos algorithm": -0.09607329337097231, 
        "current committe": 0.0, 
        "rule base": 0.08795817302886494, 
        "decis maker": -0.20882371515832707, 
        "new approach": 0.023972123201854864, 
        "sup sup": -0.11301427323560852, 
        "recommend system": -0.07492785348795307, 
        "gaussian mixtur": 0.08861936978000051, 
        "real world": 0.05514327613352281, 
        "wide rang": 0.12519251018342725, 
        "e commerc": 0.1914635608550655, 
        "swarm optim": -0.2121092439844751, 
        "matrix inequ": -0.3822793046666647, 
        "propos new": -0.037096859325655956, 
        "non stationari": 0.06798266927308268,