{
    "12": {
        "self organ": -0.07892196526056217, 
        "time delay": -0.08704161072474344, 
        "high accuraci": 0.1980899015257831, 
        "new method": -0.017494915273792534, 
        "linear discrimin": 0.33816792592041506, 
        "convolut neural": 0.2161980707142863, 
        "social network": 0.09428753158524968, 
        "deep learn": 0.1258817391274909, 
        "take advantag": -0.12414662240497706, 
        "anomali detect": 0.005175289124710145, 
        "learn techniqu": 0.02481580626476753, 
        "inform retriev": -0.0177136909601871, 
        "magnet reson": 0.028183533652738544, 
        "remot sens": 0.06349040583413816, 
        "compon analysi": 0.07722082396018319, 
        "previou work": 0.10479578505024356, 
        "case studi": 0.03439598418667489, 
        "p p": 0.04863361297137981, 
        "big data": 0.12957705939797576, 
        "np hard": -0.019063027738646304, 
        "reinforc learn": -0.10477778134337616, 
        "comput vision": 0.29881986095870994, 
        "experi show": 0.05547936070832606, 
        "least squar": -0.15034007194215007, 
        "data collect": 0.07162577958640962, 
        "fault toler": 0.03189382942348649, 
        "short term": -0.08327804244737774, 
        "featur select": -0.10675434122896542, 
        "fold cross": -0.005580911284196553, 
        "similar measur": -0.03604192854022133, 
        "propos novel": 0.10184200290407087, 
        "analysi pca": 0.22703922964785145, 
        "present new": -0.022240216218897824, 
        "classif accuraci": 0.022773630593828014, 
        "e g": 0.08298844578212268, 
        "kernel function": 0.035694550642708975, 
        "sub sub": -0.03977705841912613, 
        "bayesian network": -0.1019388010458242, 
        "paper describ": 0.06574266821022277, 
        "fals alarm": 0.2288635752029935, 
        "result obtain": 0.02765917191920364, 
        "good perform": 0.06307070188636991, 
        "commonli use": 0.03652775852283749, 
        "petri net": 0.07345126154415539, 
        "method base": 0.043466958897111566, 
        "hidden node": 0.04671213450549915, 
        "licens plate": 0.078522548016705, 
        "learn method": 0.07348059285468968, 
        "import role": 0.08501975052479452, 
        "black box": -0.008323498444990451, 
        "basi function": 0.038192727836092275, 
        "facial express": 0.525432797658677, 
        "propos approach": 0.09186915997205092, 
        "gradient descent": -0.06724431738412823, 
        "proceed record": 0.0, 
        "real life": -0.12572050841779908, 
        "result indic": 0.09209330278102877, 
        "chapter contain": -0.3773533225454156, 
        "improv perform": 0.05380910183195495, 
        "low level": 0.13450932554493006, 
        "comput complex": 0.05197546919056695, 
        "experi result": 0.04217048146136958, 
        "recent year": 0.09173547427476603, 
        "sentiment analysi": 0.035437804047906814, 
        "learn approach": 0.09034934303174325, 
        "mont carlo": -0.07764713371392006, 
        "naiv bay": -0.14293004210702656, 
        "cluster algorithm": 0.017228281352026937, 
        "suppli chain": -0.03531543698018492, 
        "intuitionist fuzzi": -0.07306207669926137, 
        "mobil robot": 0.06467588087270545, 
        "demonstr effect": 0.08970063937491393, 
        "confer proceed": -0.31100441288256764, 
        "train sampl": 0.22313890062119568, 
        "improv accuraci": -0.04028167133945368, 
        "maximum likelihood": -0.016881733490400928, 
        "paper present": 0.022384749346848684, 
        "gene express": -0.12478053243505174, 
        "search engin": 0.04629107397250327, 
        "experiment result": 0.09652909206422966, 
        "mobil devic": 0.15847474048815083, 
        "web servic": 0.07573255512658233, 
        "face recognit": 0.5348304704643463, 
        "non neg": 0.1343756969306775, 
        "train set": 0.09983694850902188, 
        "fuzzi logic": -0.17071106463827043, 
        "machin elm": -0.03488643338674783, 
        "ad hoc": 0.034172169685754, 
        "particl swarm": -0.1355023465210323, 
        "effect propos": 0.0055576519991478845, 
        "real time": 0.08910622682797387, 
        "n gram": 0.025879996537861553, 
        "vector machin": -0.014938417671898588, 
        "mean squar": -0.16248863171727002, 
        "posit neg": 0.12044880456466513, 
        "power plant": -0.13137771343386756, 
        "supervis learn": 0.08745199380813881, 
        "upper bound": -0.09719225290436385, 
        "k mean": 0.11116530973308185, 
        "hidden layer": 0.05717478817599542, 
        "support vector": -0.011463222488552485, 
        "decis tree": -0.03228838392446034, 
        "k nearest": 0.025297747554533307, 
        "state art": 0.10017389460446512, 
        "fault diagnosi": -0.08926156920406499, 
        "set theori": -0.11230041960567301, 
        "kalman filter": -0.006226430017661289, 
        "wide use": 0.030494770578324063, 
        "high level": 0.16572130420899175, 
        "inequ lmi": -0.09750962528238911, 
        "paper propos": 0.10839092745431479, 
        "data mine": -0.03515381832417462, 
        "back propag": -0.013264137377719771, 
        "ls svm": -0.02678953434346459, 
        "larg number": 0.03507260963098767, 
        "show propos": 0.07488311708036217, 
        "larg amount": 0.16904538792076196, 
        "web page": 0.057920554633632736, 
        "suffici condit": -0.24252278664295773, 
        "section titl": -0.38022153850852375, 
        "markov model": -0.027318210396278336, 
        "network ann": -0.00557076543975744, 
        "co occurr": 0.01085651358330877, 
        "amino acid": 0.00010257612501523607, 
        "control system": -0.18635567487994292, 
        "learn algorithm": 0.005157513512034638, 
        "precis recal": 0.03112996064188759, 
        "close loop": -0.2687561710717921, 
        "extrem learn": -0.05663649030608434, 
        "result demonstr": 0.052168800449008526, 
        "fals posit": 0.11310109973011165, 
        "decis make": -0.05188498433985742, 
        "ant coloni": -0.12122639123945436, 
        "semi supervis": 0.06710697588868501, 
        "time consum": 0.12248461846391094, 
        "genet algorithm": -0.1384178264825782, 
        "present novel": 0.07113255605015867, 
        "social media": 0.1388932016414243, 
        "pre process": 0.13220395595980283, 
        "paper introduc": -0.07168518270415059, 
        "propos method": 0.09583347357199239, 
        "train data": 0.11464808039050527, 
        "spatio tempor": 0.13189790001518925, 
        "h sub": -0.0699640769947228, 
        "result show": 0.041538449556909426, 
        "contain section": -0.38022153850852375, 
        "pid control": -0.0636634039721807, 
        "take account": -0.012934746502430438, 
        "princip compon": 0.13746196816415332, 
        "predict accuraci": -0.024020362585430995, 
        "associ rule": -0.1998807336446741, 
        "breast cancer": 0.09784368207164816, 
        "knowledg discoveri": -0.007335998994925088, 
        "prior knowledg": -0.1033495998256765, 
        "ground truth": 0.23202014832298634, 
        "featur vector": 0.1788422427100308, 
        "simul result": -0.24013750648733065, 
        "time vari": -0.11652339972402975, 
        "propos algorithm": 0.04383782446551056, 
        "current committe": 0.0, 
        "rule base": -0.019507188998046994, 
        "decis maker": 0.07226343237206054, 
        "new approach": 0.015157186206591839, 
        "sup sup": -0.05278168095123929, 
        "recommend system": 0.07831478350311034, 
        "gaussian mixtur": -0.01420817108651842, 
        "real world": 0.051555609036289154, 
        "wide rang": 0.10993128430206671, 
        "e commerc": 0.1854608369961007, 
        "swarm optim": -0.1509155293413015, 
        "matrix inequ": -0.09948944354590508, 
        "propos new": 0.049823706503169224, 
        "non stationari": -0.02662575629228349,