{
    "13": {
        "self organ": -0.08299104384632253, 
        "time delay": -0.37504477063701724, 
        "high accuraci": 0.05556117779390762, 
        "new method": -0.19995139528027592, 
        "linear discrimin": -0.2473107351962485, 
        "convolut neural": -0.25711562089626183, 
        "social network": 0.5334493772281417, 
        "deep learn": -0.16753457385806816, 
        "take advantag": 0.1049504942372679, 
        "anomali detect": 0.05891437325967844, 
        "learn techniqu": 0.1791432633414965, 
        "inform retriev": 0.6516566199836674, 
        "magnet reson": -0.22679966260097603, 
        "remot sens": -0.051982831070207736, 
        "compon analysi": -0.2692585682806147, 
        "previou work": 0.06866897950811526, 
        "case studi": 0.11119015444946384, 
        "p p": 0.15325169763463117, 
        "big data": 0.19480834042937498, 
        "np hard": -0.35028488155603305, 
        "reinforc learn": -0.12744079296157623, 
        "comput vision": -0.09828685093763151, 
        "experi show": 0.09274068669604588, 
        "least squar": -0.4384830392353216, 
        "data collect": 0.14874083474438712, 
        "fault toler": -0.06389308085142485, 
        "short term": -0.22162694450447373, 
        "featur select": -0.04330174003974401, 
        "fold cross": 0.03259158638045606, 
        "similar measur": 0.1799118037899156, 
        "propos novel": 0.08232572601687806, 
        "analysi pca": -0.12702990629167343, 
        "present new": -0.045848846309888724, 
        "classif accuraci": -0.13689953873995064, 
        "e g": 0.273592504772833, 
        "kernel function": -0.20203290141342448, 
        "sub sub": -0.2971385299013183, 
        "bayesian network": -0.09615380151094535, 
        "paper describ": 0.12304239038311546, 
        "fals alarm": -0.0026674497754377497, 
        "result obtain": -0.1320168181393734, 
        "good perform": -0.13114869579399052, 
        "commonli use": 0.013919618504012412, 
        "petri net": 0.014918455950398367, 
        "method base": -0.10763962114277667, 
        "hidden node": -0.21606706661609992, 
        "licens plate": 0.02468732536354032, 
        "learn method": -0.009922279255773122, 
        "import role": -0.030271626794247317, 
        "black box": 0.10856461507346175, 
        "basi function": -0.28599726538001913, 
        "facial express": -0.09611809825079923, 
        "propos approach": 0.08455782281655976, 
        "gradient descent": -0.15413546271487197, 
        "proceed record": 0.03162991340999989, 
        "real life": 0.1538017197370736, 
        "result indic": -0.04771783002291177, 
        "chapter contain": -0.4100666710448715, 
        "improv perform": 0.028296356559039518, 
        "low level": 0.1870583775464546, 
        "comput complex": -0.20670844295718707, 
        "experi result": -0.026618833437206755, 
        "recent year": 0.1779799642127461, 
        "sentiment analysi": 0.4091667690875425, 
        "learn approach": 0.18898882598244449, 
        "mont carlo": -0.1180665222923618, 
        "naiv bay": 0.11384781868021004, 
        "cluster algorithm": 0.07189467294482431, 
        "suppli chain": -0.12637833142659977, 
        "intuitionist fuzzi": -0.13119082938720697, 
        "mobil robot": -0.16743745703800372, 
        "demonstr effect": 0.04169407702976451, 
        "confer proceed": -0.47007051673939426, 
        "train sampl": -0.2810703677601854, 
        "improv accuraci": 0.06429634683750332, 
        "maximum likelihood": -0.13487395146674935, 
        "paper present": 0.07853146698137156, 
        "gene express": -0.1273745411167182, 
        "search engin": 0.7692782315807936, 
        "experiment result": 0.027901179814800312, 
        "mobil devic": 0.4676517678598579, 
        "web servic": 0.5999731527381528, 
        "face recognit": -0.1729693651779424, 
        "non neg": -0.13567926380148115, 
        "train set": -0.0065148818404655315, 
        "fuzzi logic": -0.25121501451453915, 
        "machin elm": -0.3288107876109192, 
        "ad hoc": 0.09541566762092506, 
        "particl swarm": -0.36716573971231703, 
        "effect propos": -0.07557966007833106, 
        "real time": 0.030215273786407457, 
        "n gram": 0.28076535414477516, 
        "vector machin": -0.06481211496059038, 
        "mean squar": -0.2567382952805579, 
        "posit neg": 0.2659570020119757, 
        "power plant": -0.1560414247796363, 
        "supervis learn": 0.12239664208589827, 
        "upper bound": -0.1927714814746168, 
        "k mean": 0.026417979957003554, 
        "hidden layer": -0.3738434299612933, 
        "support vector": -0.07657324199362951, 
        "decis tree": 0.031118798049442283, 
        "k nearest": 0.043473160174862226, 
        "state art": 0.05824117749358711, 
        "fault diagnosi": -0.4392156500323467, 
        "set theori": -0.45267791698568305, 
        "kalman filter": -0.1571885446174655, 
        "wide use": 0.04622503684458009, 
        "high level": 0.20720672183044384, 
        "inequ lmi": -0.013622795189057672, 
        "paper propos": 0.13144508901792834, 
        "data mine": 0.14813087005811595, 
        "back propag": -0.305112993791661, 
        "ls svm": -0.06099477404766991, 
        "larg number": 0.16300933130442613, 
        "show propos": 0.013986756869431995, 
        "larg amount": 0.29560963502808413, 
        "web page": 0.7288892926634063, 
        "suffici condit": -0.16845058741775562, 
        "section titl": -0.4131446203274237, 
        "markov model": -0.10944374821612009, 
        "network ann": -0.17101173765474395, 
        "co occurr": 0.19194899977223095, 
        "amino acid": -0.15296630847779805, 
        "control system": -0.5077352433879514, 
        "learn algorithm": 0.07064233204006626, 
        "precis recal": 0.33897298759641403, 
        "close loop": -0.2625911190230307, 
        "extrem learn": -0.29053515152971837, 
        "result demonstr": 0.022385238684915366, 
        "fals posit": 0.11520976545816605, 
        "decis make": 0.029931120627414654, 
        "ant coloni": -0.24788520794270863, 
        "semi supervis": 0.05670660991639751, 
        "time consum": 0.14460188634334112, 
        "genet algorithm": -0.2468766849315439, 
        "present novel": -0.0159546245974146, 
        "social media": 0.5334043379928058, 
        "pre process": -0.018769101343939925, 
        "paper introduc": 0.09106686767861351, 
        "propos method": -0.0525722264923721, 
        "train data": 0.009020578279818108, 
        "spatio tempor": 0.05126102396027472, 
        "h sub": -0.20355216698518885, 
        "result show": 0.0029215943087269923, 
        "contain section": -0.4131446203274237, 
        "pid control": -0.22732856873316684, 
        "take account": 0.14610652059440526, 
        "princip compon": -0.2192442427581637, 
        "predict accuraci": -0.07132011790564882, 
        "associ rule": 0.0656766301335007, 
        "breast cancer": -0.22903751326072913, 
        "knowledg discoveri": -0.008993797023746954, 
        "prior knowledg": -0.14527830049187992, 
        "ground truth": 0.16589283441164124, 
        "featur vector": 0.05630371175303852, 
        "simul result": -0.5293313490650454, 
        "time vari": -0.29917437557425064, 
        "propos algorithm": -0.22442369174018262, 
        "current committe": 0.023385689418495705, 
        "rule base": 0.043594409142967736, 
        "decis maker": -0.006448610575625168, 
        "new approach": 0.048174553133926566, 
        "sup sup": -0.2183067087263609, 
        "recommend system": 0.6944251250889112, 
        "gaussian mixtur": -0.06864767078390902, 
        "real world": 0.07236927310371909, 
        "wide rang": 0.046181801150892356, 
        "e commerc": 0.6458243032591087, 
        "swarm optim": -0.4534340951840891, 
        "matrix inequ": -0.24940544230342074, 
        "propos new": 0.006749026090161195, 
        "non stationari": -0.0954295386064015,