{
    "14": {
        "self organ": 0.1813388516509096, 
        "time delay": -0.24338226619029024, 
        "high accuraci": 0.22627756887585976, 
        "new method": -0.2579499619291072, 
        "linear discrimin": 0.23256057203657376, 
        "convolut neural": 0.3059233614487189, 
        "social network": 0.06849333251000556, 
        "deep learn": 0.11291263019283931, 
        "take advantag": 0.05139788061716111, 
        "anomali detect": 0.07275555647564326, 
        "learn techniqu": 0.2510698098796286, 
        "inform retriev": -0.01785771846896583, 
        "magnet reson": 0.47704767086252853, 
        "remot sens": 0.06192417179341926, 
        "compon analysi": 0.21561114137345044, 
        "previou work": 0.17132959539513384, 
        "case studi": 0.12400202025742611, 
        "p p": 0.032278653966177254, 
        "big data": 0.11563552206276248, 
        "np hard": -0.09713729634810703, 
        "reinforc learn": -0.1343949359381968, 
        "comput vision": 0.04170196075486291, 
        "experi show": -0.13014575236353937, 
        "least squar": -0.09641506607428398, 
        "data collect": 0.180616649133703, 
        "fault toler": -0.0614606908111072, 
        "short term": -0.12580703206346294, 
        "featur select": 0.3583157857452422, 
        "fold cross": 0.349880756017541, 
        "similar measur": -0.020170085218983086, 
        "propos novel": 0.05534537847381122, 
        "analysi pca": 0.24687510867636292, 
        "present new": -0.1723944677700092, 
        "classif accuraci": 0.32450172898931384, 
        "e g": 0.16718230660434372, 
        "kernel function": 0.008445485025649855, 
        "sub sub": -0.1962628377874458, 
        "bayesian network": 0.3048778464204135, 
        "paper describ": 0.12157494705509525, 
        "fals alarm": 0.14989479809079062, 
        "result obtain": 0.23604767740836238, 
        "good perform": 0.12853937045276806, 
        "commonli use": 0.28061667254441686, 
        "petri net": -0.12162304197891927, 
        "method base": -0.0635182309945503, 
        "hidden node": 0.06171012085070794, 
        "licens plate": 0.03995977534221576, 
        "learn method": 0.17977149844788465, 
        "import role": 0.18327677882796964, 
        "black box": 0.10392458880320568, 
        "basi function": -0.048677717369665904, 
        "facial express": 0.05482303974572141, 
        "propos approach": 0.039271969801859465, 
        "gradient descent": -0.047842327641800735, 
        "proceed record": 0.0, 
        "real life": 0.07858625121434785, 
        "result indic": 0.038534949967202574, 
        "chapter contain": -0.34368183182813966, 
        "improv perform": 0.03280837054974569, 
        "low level": 0.10631498037753345, 
        "comput complex": -0.19675146824153927, 
        "experi result": -0.11272933428723919, 
        "recent year": 0.0040169138204379125, 
        "sentiment analysi": 0.12650585636007575, 
        "learn approach": 0.16254644267896678, 
        "mont carlo": -0.014565636869857087, 
        "naiv bay": 0.1349831561213087, 
        "cluster algorithm": -0.0171973159430262, 
        "suppli chain": -0.21654993548640314, 
        "intuitionist fuzzi": -0.09079494934087953, 
        "mobil robot": -0.09326798609956566, 
        "demonstr effect": -0.14232696671164177, 
        "confer proceed": -0.31159125957283174, 
        "train sampl": -0.056041917719999175, 
        "improv accuraci": 0.16241732089506666, 
        "maximum likelihood": -0.1241713128265667, 
        "paper present": -0.027845348078723853, 
        "gene express": 0.4358430501809956, 
        "search engin": 0.03607319735421318, 
        "experiment result": -0.03803285334730103, 
        "mobil devic": 0.039546505174990254, 
        "web servic": -0.03361558039901438, 
        "face recognit": -0.024089614524242825, 
        "non neg": -0.0650136237776096, 
        "train set": 0.2218643719529403, 
        "fuzzi logic": -0.1955097850066989, 
        "machin elm": 0.1505453724961961, 
        "ad hoc": 0.07088810492854156, 
        "particl swarm": -0.12228120629123869, 
        "effect propos": -0.2313963118656432, 
        "real time": -0.03706503418357845, 
        "n gram": 0.2245275083982214, 
        "vector machin": 0.19753104767724267, 
        "mean squar": -0.027751110919476393, 
        "posit neg": 0.07544825933252462, 
        "power plant": -0.10195726347097837, 
        "supervis learn": 0.1162294624481599, 
        "upper bound": -0.13947484510451938, 
        "k mean": 0.009742019362318765, 
        "hidden layer": -0.020502159679724345, 
        "support vector": 0.17811208504724485, 
        "decis tree": 0.22730141056802486, 
        "k nearest": 0.25574187569528395, 
        "state art": 0.15577373787638313, 
        "fault diagnosi": 0.14003757992762034, 
        "set theori": -0.17400577940360748, 
        "kalman filter": -0.21092675297885227, 
        "wide use": 0.11606731094830906, 
        "high level": 0.16020820373470623, 
        "inequ lmi": -0.22149830330075476, 
        "paper propos": -0.03818296205326253, 
        "data mine": 0.051433957730684154, 
        "back propag": 0.2115207766298685, 
        "ls svm": 0.10117146033553007, 
        "larg number": 0.0668630105836267, 
        "show propos": -0.03168453779742948, 
        "larg amount": 0.13636324780350356, 
        "web page": -0.09894866454023984, 
        "suffici condit": -0.2520700565526316, 
        "section titl": -0.3456285858690398, 
        "markov model": 0.08948309953456739, 
        "network ann": 0.22894086186377494, 
        "co occurr": 0.21870911024018277, 
        "amino acid": 0.19896834027135393, 
        "control system": -0.6485331786168952, 
        "learn algorithm": 0.18526869190491335, 
        "precis recal": 0.20103999009135523, 
        "close loop": -0.3000177721498188, 
        "extrem learn": 0.0931537238107691, 
        "result demonstr": 0.013412885874049067, 
        "fals posit": 0.2388929657436579, 
        "decis make": 0.1452857249243792, 
        "ant coloni": -0.18327630084411134, 
        "semi supervis": 0.10215162730317508, 
        "time consum": 0.19466061814486643, 
        "genet algorithm": -0.14247693300316197, 
        "present novel": 0.0941840707872231, 
        "social media": 0.08545373916303892, 
        "pre process": 0.3427622667933394, 
        "paper introduc": -0.10041185375346467, 
        "propos method": 0.025854330101493184, 
        "train data": 0.14475454222046452, 
        "spatio tempor": 0.034455605686704714, 
        "h sub": -0.20567954225800586, 
        "result show": 0.01840226388679458, 
        "contain section": -0.3456285858690398, 
        "pid control": -0.2165686956240602, 
        "take account": 0.13826853854032936, 
        "princip compon": 0.14536477452935925, 
        "predict accuraci": 0.1685210851714766, 
        "associ rule": -0.13283338587019308, 
        "breast cancer": 0.7781873167192291, 
        "knowledg discoveri": 0.05655980527604405, 
        "prior knowledg": 0.1723671657909106, 
        "ground truth": 0.4021139365547096, 
        "featur vector": 0.1881555347323372, 
        "simul result": -0.4867725134552616, 
        "time vari": -0.30225518795737866, 
        "propos algorithm": -0.1164955150538786, 
        "current committe": 0.0, 
        "rule base": -0.03560363975782683, 
        "decis maker": -0.14013496113513202, 
        "new approach": -0.07918447885627311, 
        "sup sup": 0.2479268871436251, 
        "recommend system": -0.024311644918417624, 
        "gaussian mixtur": 0.06548049925194492, 
        "real world": 0.06153832987244218, 
        "wide rang": 0.20375935511477677, 
        "e commerc": 0.058204571632772685, 
        "swarm optim": -0.1515445822434647, 
        "matrix inequ": -0.22173186261777383, 
        "propos new": -0.1568864695838537, 
        "non stationari": 0.018800829858004825, 
        "publicli avail": 0.22921066406089247,