{
    "15": {
        "self organ": 0.029566221827940012, 
        "time delay": -0.5034850331383651, 
        "high accuraci": 0.13721324678517574, 
        "new method": -0.1365769438216384, 
        "linear discrimin": 0.31727519106134183, 
        "convolut neural": 0.09870465113617798, 
        "social network": 0.17645831272317952, 
        "deep learn": 0.15396599298899716, 
        "take advantag": 0.035267258833524766, 
        "anomali detect": 0.13147349161930266, 
        "learn techniqu": 0.27368326907564683, 
        "inform retriev": -0.008187058459136184, 
        "magnet reson": 0.17447266066249556, 
        "remot sens": 0.1816795298293096, 
        "compon analysi": 0.13465205943767936, 
        "previou work": 0.17857795412797708, 
        "case studi": 0.07305093519558796, 
        "p p": 0.26943989227199033, 
        "big data": 0.16719262440488014, 
        "np hard": -0.08687794792006381, 
        "reinforc learn": -0.1522018427845323, 
        "comput vision": 0.06152976997277754, 
        "experi show": 6.874649705774019e-06, 
        "least squar": -0.04292117608725721, 
        "data collect": 0.18966131604633157, 
        "fault toler": -0.12825443122123176, 
        "short term": -0.016851484459451192, 
        "featur select": 0.2836032968855368, 
        "fold cross": 0.34033190014075476, 
        "similar measur": 0.08963141823297582, 
        "propos novel": 0.11805571784547803, 
        "analysi pca": 0.30513651104358774, 
        "present new": 0.010922942729321861, 
        "classif accuraci": 0.29771937144627586, 
        "e g": 0.23320738191890014, 
        "kernel function": 0.09449305460571453, 
        "sub sub": -0.31097740313046185, 
        "bayesian network": 0.1552689390513098, 
        "paper describ": -0.03157083480990608, 
        "fals alarm": 0.18285711838349744, 
        "result obtain": 0.1742361982235124, 
        "good perform": 0.11290119863582355, 
        "commonli use": 0.20718380716971752, 
        "petri net": -0.238496182511944, 
        "method base": -0.05872096946806104, 
        "hidden node": 0.09699456308369972, 
        "licens plate": -0.15213579871221092, 
        "learn method": 0.25600124328028145, 
        "import role": -0.07113692046393086, 
        "black box": 0.13729622185362864, 
        "basi function": 0.028793721448918997, 
        "facial express": 0.1515703285952797, 
        "propos approach": 0.09164781201618294, 
        "gradient descent": 0.015712617346636242, 
        "proceed record": 0.021335763313159124, 
        "real life": 0.12733550868094173, 
        "result indic": 0.12679586442136231, 
        "chapter contain": -0.3818230944755774, 
        "improv perform": 0.08407693956164816, 
        "low level": 0.18129323443402073, 
        "comput complex": 0.04772253008493109, 
        "experi result": -0.005312735713921277, 
        "recent year": 0.09633790152528496, 
        "sentiment analysi": 0.37195646712306274, 
        "learn approach": 0.26147398694796015, 
        "mont carlo": -0.1573773020633068, 
        "naiv bay": 0.45243516583589427, 
        "cluster algorithm": 0.16432354260447382, 
        "suppli chain": -0.3023664867388165, 
        "intuitionist fuzzi": -0.24194340463920438, 
        "mobil robot": -0.22012093534594634, 
        "demonstr effect": 0.03525928117138669, 
        "confer proceed": -0.6723463838738453, 
        "train sampl": 0.2111576739275164, 
        "improv accuraci": 0.18729558652325914, 
        "maximum likelihood": 0.07770668494683854, 
        "paper present": 0.03147561258499996, 
        "gene express": 0.19480026770465325, 
        "search engin": -0.028527657847267046, 
        "experiment result": 0.06463927141177339, 
        "mobil devic": 0.16213341736259138, 
        "web servic": -0.10988665037232338, 
        "face recognit": 0.07206712866241294, 
        "non neg": 0.00974141388863711, 
        "train set": 0.2655184318791159, 
        "fuzzi logic": -0.20087990545195955, 
        "machin elm": 0.01210426933398984, 
        "ad hoc": 0.05239048345208603, 
        "particl swarm": -0.21527735516911625, 
        "effect propos": -0.07198814414933667, 
        "real time": 0.0094438179399904, 
        "n gram": 0.1048385341600929, 
        "vector machin": 0.2618152784047443, 
        "mean squar": -0.043570376189038196, 
        "posit neg": 0.12220883136252111, 
        "power plant": -0.16814171691039187, 
        "supervis learn": 0.45573062546527476, 
        "upper bound": 0.015992607148148357, 
        "k mean": 0.2885999495827276, 
        "hidden layer": 0.051613386823748365, 
        "support vector": 0.24681468262620815, 
        "decis tree": 0.2657669071329837, 
        "k nearest": 0.6087889868375023, 
        "state art": 0.20980314594930513, 
        "fault diagnosi": -0.12460117516462604, 
        "set theori": -0.2127175598732473, 
        "kalman filter": -0.20169865411806745, 
        "wide use": 0.1967382874249299, 
        "high level": 0.1634555521264825, 
        "inequ lmi": -0.10665528767486938, 
        "paper propos": 0.05467976643236748, 
        "data mine": 0.17185526810860954, 
        "back propag": -0.06704423291631961, 
        "ls svm": 0.030870292249655932, 
        "larg number": 0.18626326701206447, 
        "show propos": 0.05488655116574133, 
        "larg amount": 0.1945399276130086, 
        "web page": 0.0923643544512367, 
        "suffici condit": -0.5459899731637852, 
        "section titl": -0.40995845389902297, 
        "markov model": 0.04252221898562018, 
        "network ann": 0.13547550249753507, 
        "co occurr": 0.054875277879776634, 
        "amino acid": 0.15140396656762195, 
        "control system": -0.5200318073566823, 
        "learn algorithm": 0.2842745011890514, 
        "precis recal": 0.2329865115050221, 
        "close loop": -0.4311350394151549, 
        "extrem learn": 0.07431753731580226, 
        "result demonstr": 0.06158816346293732, 
        "fals posit": 0.22970409734983543, 
        "decis make": -0.1115959768035851, 
        "ant coloni": -0.19354795249341547, 
        "semi supervis": 0.4261105612336901, 
        "time consum": 0.20203173112276668, 
        "genet algorithm": -0.2041664419702711, 
        "present novel": 0.042390984913319205, 
        "social media": 0.3110413412402968, 
        "pre process": 0.265261406333365, 
        "paper introduc": -0.02229487270827013, 
        "propos method": 0.012664156395874976, 
        "train data": 0.3445423888647824, 
        "spatio tempor": 0.1577158445347274, 
        "h sub": -0.20791650021943067, 
        "result show": 0.020684757187790285, 
        "contain section": -0.40995845389902297, 
        "pid control": -0.28487748837759425, 
        "take account": 0.11917106325608727, 
        "princip compon": 0.1946475982304823, 
        "predict accuraci": 0.22565543248985884, 
        "associ rule": -0.22006812681849483, 
        "breast cancer": 0.293836956998926, 
        "knowledg discoveri": 0.034647268700863806, 
        "prior knowledg": 0.061002647178608094, 
        "ground truth": 0.2792127688873533, 
        "featur vector": 0.2669519197543037, 
        "simul result": -0.3256922026262694, 
        "time vari": -0.27291986389405276, 
        "propos algorithm": -0.006027636863650425, 
        "current committe": 0.0, 
        "rule base": -0.05547561736102794, 
        "decis maker": -0.13938957835932847, 
        "new approach": 0.04844170358600695, 
        "sup sup": -0.02886145705671916, 
        "recommend system": 0.1309118393880178, 
        "gaussian mixtur": 0.194401615810787, 
        "real world": 0.17917017518800737, 
        "wide rang": 0.17153509549032733, 
        "e commerc": 0.15134105094220832, 
        "swarm optim": -0.2272930941145044, 
        "matrix inequ": -0.32316142307675183, 
        "propos new": 0.017116472341722328, 
        "non stationari": 0.027984831597251247, 
        "publicli avail": 0.2785991477410351,