{
    "16": {
        "self organ": 0.10751206630392235, 
        "time delay": 0.21092114193581799, 
        "high accuraci": 0.07303363809738354, 
        "new method": -0.038839228642649604, 
        "linear discrimin": -0.005400983560077059, 
        "convolut neural": 0.07390371395476987, 
        "social network": -0.17537826547333316, 
        "deep learn": 0.13387520865362076, 
        "take advantag": 0.08148556413307037, 
        "anomali detect": -0.07185324766085469, 
        "learn techniqu": -0.01916580857411513, 
        "inform retriev": -0.13760547372562038, 
        "magnet reson": 0.04261229186865492, 
        "remot sens": 0.09380789208385402, 
        "compon analysi": -0.041644983876970056, 
        "previou work": -0.13631970677383742, 
        "case studi": 0.028987029471590098, 
        "p p": 0.031608057541930794, 
        "big data": -0.023071694903459384, 
        "np hard": 0.07149847041801977, 
        "reinforc learn": 0.045186933689534484, 
        "comput vision": -0.003488707256667863, 
        "experi show": -0.14851411573504714, 
        "least squar": 0.08409274615228891, 
        "data collect": 0.027091656344800687, 
        "fault toler": 0.06753952157629785, 
        "short term": 0.047181625053143016, 
        "featur select": -0.07996172904454459, 
        "fold cross": 0.12479692316588774, 
        "similar measur": 0.004530512822555836, 
        "propos novel": -0.019765413432995937, 
        "analysi pca": 0.05172138358751214, 
        "present new": 0.009683456071656238, 
        "classif accuraci": 0.017729465539233102, 
        "e g": 0.043903094934223376, 
        "kernel function": 0.061228877303639205, 
        "sub sub": 0.12846994462467926, 
        "bayesian network": 0.013108222582134944, 
        "paper describ": -0.007090561762653103, 
        "fals alarm": 0.06984976361717135, 
        "result obtain": 0.02319275635744894, 
        "good perform": 0.19157328635149476, 
        "commonli use": 0.12755695918743526, 
        "petri net": 0.04816473287933448, 
        "method base": 0.005758354091008876, 
        "hidden node": 0.313237789481717, 
        "licens plate": -0.03037158186100325, 
        "learn method": -0.0025530557147545336, 
        "import role": -0.022765746666027185, 
        "black box": 0.12371242515950533, 
        "basi function": 0.2530410694597337, 
        "facial express": -0.061476261229265236, 
        "propos approach": -0.04142909214664139, 
        "gradient descent": 0.1435849681585282, 
        "proceed record": 0.0, 
        "real life": 0.09123195815567293, 
        "result indic": -0.00728731295014246, 
        "chapter contain": -0.3590135616867687, 
        "improv perform": -0.030862396447420476, 
        "low level": 0.008840541659228224, 
        "comput complex": 0.08571506514270376, 
        "experi result": 0.02813954840812234, 
        "recent year": -0.013932949000530413, 
        "sentiment analysi": -0.0915074448206476, 
        "learn approach": 0.011398671824275609, 
        "mont carlo": 0.1875887377550433, 
        "naiv bay": -0.1423766341880766, 
        "cluster algorithm": -0.1122714660573852, 
        "suppli chain": 0.013680010795252141, 
        "intuitionist fuzzi": -0.0165299499997214, 
        "mobil robot": 0.17422977349879704, 
        "demonstr effect": -0.029740873671135547, 
        "confer proceed": -0.33574902527064965, 
        "train sampl": 0.05167820841895025, 
        "improv accuraci": -0.08526914134696846, 
        "maximum likelihood": 0.17943819676540054, 
        "paper present": 0.05277392733643892, 
        "gene express": 0.03141374785058996, 
        "search engin": -0.15486990438333303, 
        "experiment result": -0.05443464986278136, 
        "mobil devic": -0.035955952731392724, 
        "web servic": -0.18470184114223284, 
        "face recognit": -0.07719759501244758, 
        "non neg": 0.07859168831760736, 
        "train set": -0.04513615587183325, 
        "fuzzi logic": 0.31153973470307444, 
        "machin elm": 0.27316096839769666, 
        "ad hoc": 0.15074902320040523, 
        "particl swarm": 0.1470826604135384, 
        "effect propos": 0.06952854256864963, 
        "real time": 0.19605935552416026, 
        "n gram": -0.035625810403153275, 
        "vector machin": 0.018473773320279323, 
        "mean squar": 0.13803177888841012, 
        "posit neg": -0.029827643255165827, 
        "power plant": 0.25225607593428734, 
        "supervis learn": -0.12293735527685758, 
        "upper bound": 0.08085579381412913, 
        "k mean": -0.06612759772689293, 
        "hidden layer": 0.28597675945945994, 
        "support vector": 0.015141316696394156, 
        "decis tree": -0.1089825274327802, 
        "k nearest": 0.05991232116890469, 
        "state art": -0.11256689005755863, 
        "fault diagnosi": 0.16915826842474063, 
        "set theori": -0.05200610409009097, 
        "kalman filter": 0.22523129819513468, 
        "wide use": 0.001577889127499847, 
        "high level": 0.0512465763244581, 
        "inequ lmi": 0.02075666515882485, 
        "paper propos": -0.04339246524707643, 
        "data mine": -0.18839848688634603, 
        "back propag": 0.2528631761774825, 
        "ls svm": 0.24887536365076798, 
        "larg number": 0.07882190162396074, 
        "show propos": 0.06086667548362222, 
        "larg amount": -0.20019700383138506, 
        "web page": -0.09576164877384195, 
        "suffici condit": -0.059074956132497136, 
        "section titl": -0.36279640278699815, 
        "markov model": 0.023449120933824757, 
        "network ann": 0.10980079312633505, 
        "co occurr": 0.04364401209003973, 
        "amino acid": 0.0997671361843908, 
        "control system": 0.3435363438627694, 
        "learn algorithm": -0.006034491827587021, 
        "precis recal": -0.06402342087287304, 
        "close loop": 0.30196145907594535, 
        "extrem learn": 0.2796041179876225, 
        "result demonstr": -0.06311049534929411, 
        "fals posit": 0.0491632287535921, 
        "decis make": -0.07146070472274454, 
        "ant coloni": 0.1182224073409019, 
        "semi supervis": -0.13951788204316865, 
        "time consum": 0.0030021558053354123, 
        "genet algorithm": 0.11257547096551918, 
        "present novel": 0.03371973833549156, 
        "social media": -0.1167683889289853, 
        "pre process": 0.024150432557701024, 
        "paper introduc": -0.005222872104796054, 
        "propos method": 0.038053322055685075, 
        "train data": -0.027171526152565174, 
        "spatio tempor": 0.0470457540134295, 
        "h sub": 0.11513301371559156, 
        "result show": 0.07250051415675156, 
        "contain section": -0.36279640278699815, 
        "pid control": 0.47539628745875073, 
        "take account": 0.10802643165633152, 
        "princip compon": -0.008516874204124683, 
        "predict accuraci": 0.1234279698839026, 
        "associ rule": -0.23729978429274307, 
        "breast cancer": 0.029850364037807053, 
        "knowledg discoveri": -0.06068354222660738, 
        "prior knowledg": 0.10059999953173844, 
        "ground truth": 0.08528446981662459, 
        "featur vector": -0.03210549380002148, 
        "simul result": 0.28580519958573963, 
        "time vari": 0.21119748215471604, 
        "propos algorithm": -0.004196718290397715, 
        "current committe": 0.0, 
        "rule base": -0.06438179879787416, 
        "decis maker": 0.05042340561136164, 
        "new approach": 0.07899117877912581, 
        "sup sup": 0.15221423246491364, 
        "recommend system": -0.13255930430109422, 
        "gaussian mixtur": 0.06376648128196376, 
        "real world": -0.006581061827264386, 
        "wide rang": 0.002282091110169083, 
        "e commerc": -0.09539349648199745, 
        "swarm optim": 0.2097096455655751, 
        "matrix inequ": -0.0017552272698729545, 
        "propos new": -0.023300583257154353, 
        "non stationari": 0.07980467451727112,