{
    "17": {
        "self organ": 0.0507742685787008, 
        "time delay": -0.13057797647667446, 
        "high accuraci": 0.11355547373182351, 
        "new method": -0.1906703363496238, 
        "linear discrimin": 0.504903830550104, 
        "convolut neural": 0.0547176484388968, 
        "social network": -0.11831047493082276, 
        "deep learn": 0.0807076940441791, 
        "take advantag": 0.011242725349674031, 
        "anomali detect": -0.13843517161212074, 
        "learn techniqu": 0.12956876258348718, 
        "inform retriev": -0.19803326720306724, 
        "magnet reson": 0.5183142876913165, 
        "remot sens": 0.11305395217194926, 
        "compon analysi": 0.183961785768137, 
        "previou work": -0.020896018250253865, 
        "case studi": 0.031328491720921205, 
        "p p": 0.5129114843639075, 
        "big data": 0.012713741674899397, 
        "np hard": -0.013183846861599496, 
        "reinforc learn": 0.1618764786091369, 
        "comput vision": 0.040281915486789034, 
        "experi show": -0.22462364041594315, 
        "least squar": -0.0007203344526703652, 
        "data collect": 0.26942789214636587, 
        "fault toler": 0.040779425362199966, 
        "short term": -0.04540981396839441, 
        "featur select": 0.08840688627062322, 
        "fold cross": 0.2093583850012492, 
        "similar measur": -0.1950352956583759, 
        "propos novel": -0.04092822778028479, 
        "analysi pca": 0.08249225080703639, 
        "present new": -0.140569595276993, 
        "classif accuraci": 0.29913657562346224, 
        "e g": 0.21603919214854855, 
        "kernel function": -0.01643655708972759, 
        "sub sub": -0.04805514998384933, 
        "bayesian network": 0.00441752489178256, 
        "paper describ": 0.07506167411847496, 
        "fals alarm": 0.14982521381352856, 
        "result obtain": 0.005135873089814326, 
        "good perform": -0.052623551593627166, 
        "commonli use": 0.17525735768151407, 
        "petri net": 0.07462400322953713, 
        "method base": -0.10366013769299919, 
        "hidden node": -0.016578455372088647, 
        "licens plate": 0.050661295277457274, 
        "learn method": 0.007919052583771425, 
        "import role": 0.02189992414722425, 
        "black box": 0.017622400339534466, 
        "basi function": -0.14039888374966358, 
        "facial express": 0.25737585738364643, 
        "propos approach": -0.05052896493323084, 
        "gradient descent": 0.003723935267226421, 
        "proceed record": 0.15773226858489897, 
        "real life": 0.20729473858389205, 
        "result indic": 0.08658416145121392, 
        "chapter contain": -0.3779228707301934, 
        "improv perform": -0.016733346444895124, 
        "low level": 0.11380370355299997, 
        "comput complex": -0.05320402205886968, 
        "experi result": -0.22991657506277693, 
        "recent year": -0.021897495640904877, 
        "sentiment analysi": 0.06410004792602265, 
        "learn approach": 0.047868053073257075, 
        "mont carlo": 0.11207417833711061, 
        "naiv bay": 0.027870996363196808, 
        "cluster algorithm": -0.12352139825571529, 
        "suppli chain": -0.12002498571941657, 
        "intuitionist fuzzi": -0.07502861102654111, 
        "mobil robot": -0.014107532951120424, 
        "demonstr effect": -0.1311202298509251, 
        "confer proceed": -0.17482271716872105, 
        "train sampl": -0.20622218575032347, 
        "improv accuraci": -0.0453204134796911, 
        "maximum likelihood": 0.007104206947071084, 
        "paper present": -0.01461256105738712, 
        "gene express": -0.0808098582824043, 
        "search engin": -0.03883114804405517, 
        "experiment result": -0.12334833209564956, 
        "mobil devic": 0.2860544949869011, 
        "web servic": -0.042098308363829384, 
        "face recognit": -0.11671824518101852, 
        "non neg": 0.17132973785705283, 
        "train set": -0.038184177859579296, 
        "fuzzi logic": 0.014818893894825626, 
        "machin elm": 0.044413057670534994, 
        "ad hoc": 0.0032660380689242853, 
        "particl swarm": -0.1433810458481784, 
        "effect propos": -0.16173601586169542, 
        "real time": 0.18531744640984835, 
        "n gram": 0.027516413941293852, 
        "vector machin": 0.10350659339030074, 
        "mean squar": 0.039064949024475666, 
        "posit neg": 0.027503045558305066, 
        "power plant": -0.013332732624392085, 
        "supervis learn": 0.0018847785970712988, 
        "upper bound": 0.01408489533222965, 
        "k mean": -0.0656023264324462, 
        "hidden layer": -0.11582002629999355, 
        "support vector": 0.08839700208187244, 
        "decis tree": -0.09617269093709413, 
        "k nearest": 0.0969725039435286, 
        "state art": 0.08803394520009324, 
        "fault diagnosi": -0.07369762106565951, 
        "set theori": -0.18444043194402754, 
        "kalman filter": 0.028594813717808334, 
        "wide use": -0.007497724661737528, 
        "high level": 0.17321278112200297, 
        "inequ lmi": -0.0987912981440483, 
        "paper propos": -0.11568037131596372, 
        "data mine": -0.24698590499947898, 
        "back propag": 0.04121714231336411, 
        "ls svm": -0.012507385605538834, 
        "larg number": 0.005291261071269179, 
        "show propos": -0.17762109164020143, 
        "larg amount": 0.04399574240202007, 
        "web page": -0.10065487255438785, 
        "suffici condit": -0.1420823033507322, 
        "section titl": -0.3806529502300346, 
        "markov model": 0.10587902627119243, 
        "network ann": -0.015174498458407428, 
        "co occurr": -0.0021990943153916568, 
        "amino acid": 0.057400336221141934, 
        "control system": -0.09353133970408857, 
        "learn algorithm": 0.11107181711345501, 
        "precis recal": 0.013966728667817535, 
        "close loop": -0.00483315637058964, 
        "extrem learn": 0.0890425829121689, 
        "result demonstr": -0.045734172575094004, 
        "fals posit": 0.07276218775752229, 
        "decis make": -0.13477552771283854, 
        "ant coloni": -0.1595652680282052, 
        "semi supervis": -0.08461784818987766, 
        "time consum": 0.09919132773135586, 
        "genet algorithm": -0.31731852842801384, 
        "present novel": 0.09887168566281493, 
        "social media": -0.037548979823670156, 
        "pre process": 0.18000421788412316, 
        "paper introduc": -0.03266949588866417, 
        "propos method": -0.0891866811612663, 
        "train data": 0.06068572483163184, 
        "spatio tempor": 0.3975305632083351, 
        "h sub": -0.10578723562436003, 
        "result show": -0.0687732471174254, 
        "contain section": -0.3806529502300346, 
        "pid control": -0.13792336112465065, 
        "take account": 0.044074889121346154, 
        "princip compon": 0.07634706618471404, 
        "predict accuraci": -0.034286688025497614, 
        "associ rule": -0.13098656770498326, 
        "breast cancer": 0.03594099316416949, 
        "knowledg discoveri": 0.019577058920715595, 
        "prior knowledg": 0.13364325381834496, 
        "ground truth": 0.22990180410360675, 
        "featur vector": 0.08134040490029683, 
        "simul result": -0.30511887330811416, 
        "time vari": 0.03657957384755959, 
        "propos algorithm": -0.10534742849274496, 
        "current committe": 0.0, 
        "rule base": -0.12374128114171289, 
        "decis maker": -0.028967757083027915, 
        "new approach": 0.02954526964849082, 
        "sup sup": 0.22753560498343972, 
        "recommend system": -0.03075866530930037, 
        "gaussian mixtur": 0.14527618679125454, 
        "real world": -0.005194269135599294, 
        "wide rang": 0.07774604725637156, 
        "e commerc": 0.04183255366414316, 
        "swarm optim": -0.08657633588296676, 
        "matrix inequ": -0.1783888075252062, 
        "propos new": -0.1351395205931011,