{
    "18": {
        "self organ": 0.00996040318487409, 
        "time delay": -0.13771645957564801, 
        "high accuraci": 0.02465934750971604, 
        "new method": -0.03780676044491753, 
        "linear discrimin": -0.047169862411635774, 
        "convolut neural": 0.059401283242812256, 
        "social network": 0.18605310999558639, 
        "deep learn": 0.1810679545604221, 
        "take advantag": 0.1080620154702649, 
        "anomali detect": -0.0031357291047213447, 
        "learn techniqu": 0.03461159918988901, 
        "inform retriev": 0.2411112402670643, 
        "magnet reson": -0.07149336443368208, 
        "remot sens": 0.07563612185827155, 
        "compon analysi": -0.2063652856046732, 
        "previou work": 0.03351942036585895, 
        "case studi": 0.007455035346017177, 
        "p p": 0.04100256454224629, 
        "big data": -0.00583834840484964, 
        "np hard": 0.04603219485064742, 
        "reinforc learn": -0.05994927811878911, 
        "comput vision": 0.0782477529525218, 
        "experi show": 0.056349434714442426, 
        "least squar": -0.10783584991181999, 
        "data collect": 0.03542871581231508, 
        "fault toler": 0.028880652860295092, 
        "short term": 0.06316962993625928, 
        "featur select": 0.012838700247478303, 
        "fold cross": -0.01662286592362653, 
        "similar measur": 0.06499737249014875, 
        "propos novel": -0.030631514590815777, 
        "analysi pca": -0.1156521215394671, 
        "present new": -0.0039770919670227955, 
        "classif accuraci": -0.07205001634174714, 
        "e g": 0.06003345464644419, 
        "kernel function": -0.12758136684049043, 
        "sub sub": -0.022295594141938976, 
        "bayesian network": 0.01988709063818421, 
        "paper describ": 0.12320153916239308, 
        "fals alarm": -0.010742911362318735, 
        "result obtain": 0.05899096694727011, 
        "good perform": 0.003946746919008537, 
        "commonli use": 0.06542214163425362, 
        "petri net": 0.11240759720617416, 
        "method base": 0.031994089390316956, 
        "hidden node": 0.03854941166233372, 
        "licens plate": 0.052889444295176516, 
        "learn method": 0.06520516577561371, 
        "import role": 0.0553795258757413, 
        "black box": 0.09893217432034787, 
        "basi function": -0.036220281138376775, 
        "facial express": 0.12160806647260035, 
        "propos approach": 0.034037640123666744, 
        "gradient descent": 0.036984922813248895, 
        "proceed record": 0.0050180001114568315, 
        "real life": 0.08664233486896183, 
        "result indic": -0.10644272349364317, 
        "chapter contain": -0.33421617817700644, 
        "improv perform": 0.05889603033798509, 
        "low level": 0.10886425892854378, 
        "comput complex": -0.2096899858853701, 
        "experi result": 0.04229509141097427, 
        "recent year": 0.10460032781320171, 
        "sentiment analysi": 0.23034193103185344, 
        "learn approach": 0.07914454976894206, 
        "mont carlo": -0.04140316785405389, 
        "naiv bay": 0.03867649274964346, 
        "cluster algorithm": -0.22872368469123278, 
        "suppli chain": -0.01656318068270074, 
        "intuitionist fuzzi": -0.025317516711552204, 
        "mobil robot": -0.09494542409705779, 
        "demonstr effect": -0.10750767250193717, 
        "confer proceed": -0.24338355074560936, 
        "train sampl": -0.0782007011649806, 
        "improv accuraci": 0.1492123535345696, 
        "maximum likelihood": -0.014000800333434475, 
        "paper present": 0.0315783199077365, 
        "gene express": 0.042707523070715465, 
        "search engin": 0.10781147490954154, 
        "experiment result": -0.019078054768004768, 
        "mobil devic": 0.011416013153764186, 
        "web servic": 0.1356693436511199, 
        "face recognit": -0.13006296868135336, 
        "non neg": 0.04226592964613779, 
        "train set": 0.11234756076993903, 
        "fuzzi logic": -0.07724261001455926, 
        "machin elm": -0.3235359485218759, 
        "ad hoc": 0.00377667975063589, 
        "particl swarm": -0.04154308121956338, 
        "effect propos": -0.17133583252745765, 
        "real time": -0.05300922758272861, 
        "n gram": 0.4161074874279733, 
        "vector machin": -0.012837708968908776, 
        "mean squar": -0.03993779944241486, 
        "posit neg": 0.18062955028558855, 
        "power plant": 0.009741710346113373, 
        "supervis learn": 0.05076134089791414, 
        "upper bound": 0.022312278336872576, 
        "k mean": 0.0476836870364329, 
        "hidden layer": -0.1113276031542877, 
        "support vector": -0.010037456877442901, 
        "decis tree": -0.0256530311719106, 
        "k nearest": 0.004626699984081883, 
        "state art": 0.061497419874689256, 
        "fault diagnosi": -0.057744673471059396, 
        "set theori": -0.16044130616613025, 
        "kalman filter": -0.11320695683751658, 
        "wide use": 0.01737832678067455, 
        "high level": 0.07250122270203836, 
        "inequ lmi": -0.09156435779651365, 
        "paper propos": 0.0023734238980336825, 
        "data mine": 0.0032037419652162094, 
        "back propag": -0.056395314548201896, 
        "ls svm": 0.027135433838943863, 
        "larg number": 0.0003732079376076621, 
        "show propos": -0.026514047608362096, 
        "larg amount": 0.09306239884546515, 
        "web page": 0.20135648778852738, 
        "suffici condit": -0.16565701700937863, 
        "section titl": -0.33705265564863013, 
        "markov model": 0.15016158954267958, 
        "network ann": -0.013571189421507576, 
        "co occurr": 0.3540442484256672, 
        "amino acid": 0.1555190134314642, 
        "control system": -0.18743220837316527, 
        "learn algorithm": -0.007592857169864504, 
        "precis recal": 0.27791123189920375, 
        "close loop": -0.19117265639297631, 
        "extrem learn": -0.22391978024582482, 
        "result demonstr": 0.020354545084641833, 
        "fals posit": 0.011474555074000558, 
        "decis make": -0.04509167846981706, 
        "ant coloni": 0.05011969689375162, 
        "semi supervis": 0.11122925132312216, 
        "time consum": 0.08120887851956689, 
        "genet algorithm": -0.10660195672905316, 
        "present novel": 0.006425371241541114, 
        "social media": 0.2505598871189675, 
        "pre process": 0.1218070614042083, 
        "paper introduc": -0.0008813870617279944, 
        "propos method": -0.04457000635916437, 
        "train data": 0.053221114937171896, 
        "spatio tempor": 0.06629023622274954, 
        "h sub": -0.06509094816536688, 
        "result show": 0.00906259685301704, 
        "contain section": -0.33705265564863013, 
        "pid control": -0.045792997091873476, 
        "take account": -0.011422870508134909, 
        "princip compon": -0.02765357808823661, 
        "predict accuraci": 0.042500028153264494, 
        "associ rule": 0.027303999562832623, 
        "breast cancer": -0.04095947847872301, 
        "knowledg discoveri": -0.0943043583409929, 
        "prior knowledg": -0.01294733414628801, 
        "ground truth": -0.0016495707693176755, 
        "featur vector": 0.09234573661653524, 
        "simul result": -0.3710989578210925, 
        "time vari": -0.011296852104722904, 
        "propos algorithm": -0.1797421286843667, 
        "current committe": 0.0, 
        "rule base": 0.10567829459828611, 
        "decis maker": 0.02280257777734291, 
        "new approach": 0.054402419032754716, 
        "sup sup": 0.0581700608576093, 
        "recommend system": 0.011707798964716255, 
        "gaussian mixtur": 0.012580646785481514, 
        "real world": -0.04604365214336418, 
        "wide rang": 0.0715462621244869, 
        "e commerc": 0.11206378808855438, 
        "swarm optim": -0.03443596976854681, 
        "matrix inequ": -0.114618613451944, 
        "propos new": -0.05053204368571909,