{
    "19": {
        "self organ": 0.0006467641057669501, 
        "time delay": -0.09313456774589038, 
        "high accuraci": 0.18013807676569066, 
        "new method": -0.1522104484491738, 
        "linear discrimin": 0.25759364139983326, 
        "convolut neural": 0.006705521210640539, 
        "social network": -0.010167301811081404, 
        "deep learn": -0.09273882331509922, 
        "take advantag": 0.09841081953158383, 
        "anomali detect": 0.012492317315220724, 
        "learn techniqu": 0.08267683945533771, 
        "inform retriev": -0.0777220536986461, 
        "magnet reson": 0.15952369471431083, 
        "remot sens": -0.04136883863358517, 
        "compon analysi": 0.046681609791236825, 
        "previou work": 0.06970305665686777, 
        "case studi": 0.06281965337665851, 
        "p p": 0.04388658814059123, 
        "big data": 0.004667024269669294, 
        "np hard": -0.12664834432076572, 
        "reinforc learn": 0.23815965451108853, 
        "comput vision": 0.1613010764324432, 
        "experi show": -0.10532004650983603, 
        "least squar": 0.04321522384182533, 
        "data collect": 0.2296927770048954, 
        "fault toler": 0.15381524316591605, 
        "short term": -0.1198964660742358, 
        "featur select": 0.037809052354920804, 
        "fold cross": 0.16480984495281767, 
        "similar measur": 0.05832810596422373, 
        "propos novel": 0.03616586253970142, 
        "analysi pca": 0.0689264762702388, 
        "present new": -0.17361317234089357, 
        "classif accuraci": 0.13219934401166383, 
        "e g": 0.15588820380332644, 
        "kernel function": 0.11071060001920109, 
        "sub sub": 0.1321221136465104, 
        "bayesian network": -0.0718162486207774, 
        "paper describ": 0.08296291081181573, 
        "fals alarm": 0.10708732633252001, 
        "result obtain": 0.06207018423760802, 
        "good perform": 0.06626139768585747, 
        "commonli use": 0.2662944024597464, 
        "petri net": 0.02940663209402926, 
        "method base": -0.04704183118266575, 
        "hidden node": -0.027449948040998203, 
        "licens plate": 0.05848214369614282, 
        "learn method": 0.03748103008254028, 
        "import role": -0.014166002613121044, 
        "black box": -0.08392852115730508, 
        "basi function": 0.05439514590340289, 
        "facial express": 0.11858742150952854, 
        "propos approach": 0.023417093257778625, 
        "gradient descent": 0.21906509685614936, 
        "proceed record": 0.037654529992928586, 
        "real life": 0.14600640553460656, 
        "result indic": 0.00315472623088843, 
        "chapter contain": -0.22213337726008733, 
        "improv perform": 0.01818616018385403, 
        "low level": 0.21386519016864475, 
        "comput complex": 0.0469715295088989, 
        "experi result": 0.010057916705864525, 
        "recent year": 0.07410131634877572, 
        "sentiment analysi": -0.007958050979642087, 
        "learn approach": -0.009910404859565361, 
        "mont carlo": 0.13356107850824284, 
        "naiv bay": 0.014118723175882275, 
        "cluster algorithm": -0.09464918718594187, 
        "suppli chain": -0.11657484316149624, 
        "intuitionist fuzzi": -0.021087678855369694, 
        "mobil robot": 0.09212953699736685, 
        "demonstr effect": 0.12171065275776459, 
        "confer proceed": -0.3200933397024501, 
        "train sampl": -0.01721297540606126, 
        "improv accuraci": -0.019455112757994403, 
        "maximum likelihood": 0.014236912007992325, 
        "paper present": -0.02817885974802886, 
        "gene express": 0.047547713278885566, 
        "search engin": -0.13959219941123308, 
        "experiment result": -0.006330349511473873, 
        "mobil devic": 0.3849586047314507, 
        "web servic": -0.08437262399357193, 
        "face recognit": -0.09944111717358724, 
        "non neg": 0.09621919785506669, 
        "train set": 0.09868977124370965, 
        "fuzzi logic": -0.02289308780476177, 
        "machin elm": 0.06218234816748952, 
        "ad hoc": 0.0102174438775865, 
        "particl swarm": -0.06465599382157185, 
        "effect propos": 0.05188139104175242, 
        "real time": 0.19045106794082262, 
        "n gram": 0.09691984096162042, 
        "vector machin": 0.010414862720448415, 
        "mean squar": -0.014890596012295663, 
        "posit neg": 0.044652267729085225, 
        "power plant": -0.03670874255560614, 
        "supervis learn": 0.0396167598943707, 
        "upper bound": -0.07697388847189754, 
        "k mean": -0.10256229501120971, 
        "hidden layer": 0.04961104641199342, 
        "support vector": 0.00313492313185692, 
        "decis tree": -0.10122690596137804, 
        "k nearest": 0.0016223678779908627, 
        "state art": 0.055999380093755026, 
        "fault diagnosi": -0.19973909736644865, 
        "set theori": -0.2753874597246182, 
        "kalman filter": 0.3642712285794486, 
        "wide use": 0.017694875196862483, 
        "high level": 0.1040378510217653, 
        "inequ lmi": 0.03668590150575231, 
        "paper propos": 0.04233151303302877, 
        "data mine": -0.25769232555175253, 
        "back propag": -0.06812840626641031, 
        "ls svm": -0.08841557255975976, 
        "larg number": 0.028271490204566055, 
        "show propos": -0.017881131553527392, 
        "larg amount": 0.04987918105563255, 
        "web page": 0.04731925710854776, 
        "suffici condit": -0.08849566041527286, 
        "section titl": -0.22401684742585054, 
        "markov model": 0.06393009568814428, 
        "network ann": 0.10325189677401603, 
        "co occurr": 0.034605197629439796, 
        "amino acid": 0.2142316471580848, 
        "control system": 0.0011015180925735772, 
        "learn algorithm": -0.049447646204596366, 
        "precis recal": -0.0690497406642878, 
        "close loop": 0.06822127557299852, 
        "extrem learn": 0.05785873607760893, 
        "result demonstr": 0.09445726123865278, 
        "fals posit": 0.15587804598752508, 
        "decis make": -0.11686072948730403, 
        "ant coloni": -0.25350368387619354, 
        "semi supervis": -0.011601502204210357, 
        "time consum": -0.10412200031612105, 
        "genet algorithm": -0.15163026798093732, 
        "present novel": 0.06928072844829464, 
        "social media": -0.045819265719338836, 
        "pre process": -0.05283644064437611, 
        "paper introduc": -0.036902466658583315, 
        "propos method": 0.002380747866909725, 
        "train data": 0.1401107005866376, 
        "spatio tempor": 0.22855778752486733, 
        "h sub": 0.09819807978259928, 
        "result show": 0.022548393850950636, 
        "contain section": -0.22401684742585054, 
        "pid control": 0.0638987019379286, 
        "take account": 0.07696769587003635, 
        "princip compon": 0.08158578412782365, 
        "predict accuraci": 0.12337025477945478, 
        "associ rule": -0.14096292106106284, 
        "breast cancer": 0.014986347121086659, 
        "knowledg discoveri": 0.020153717281083023, 
        "prior knowledg": 0.23866356321167417, 
        "ground truth": 0.27251594416161484, 
        "featur vector": 0.13814759320130685, 
        "simul result": 0.042103418867403535, 
        "time vari": 0.0035426502528325132, 
        "propos algorithm": -0.003395467001217704, 
        "current committe": 0.0, 
        "rule base": -0.18418309418913192, 
        "decis maker": -0.008086458489750856, 
        "new approach": -0.0799643268100536, 
        "sup sup": 0.16939450513095294, 
        "recommend system": 0.08490982165280553, 
        "gaussian mixtur": 0.06888946447112418, 
        "real world": 0.03842502505065622, 
        "wide rang": 0.19213100511498873, 
        "e commerc": 0.048543012284782305, 
        "swarm optim": -0.12855390675561268, 
        "matrix inequ": 0.02569541183304219, 
        "propos new": -0.09752491503455567, 
        "non stationari": 0.08678578182317802,