{
    "1": {
        "self organ": 0.21473678166253546, 
        "time delay": -0.4303003920325055, 
        "high accuraci": 0.02618067011101257, 
        "new method": -0.3485310688061512, 
        "linear discrimin": -0.0295645666620011, 
        "convolut neural": -0.045831701556878365, 
        "social network": 0.13678608451314217, 
        "deep learn": 0.06977043054088142, 
        "take advantag": 0.06377558528774414, 
        "anomali detect": 0.05004733077656698, 
        "learn techniqu": 0.14983430989750565, 
        "inform retriev": -0.2354246603236651, 
        "magnet reson": -0.39916022613027735, 
        "remot sens": 0.01409552650406233, 
        "compon analysi": -0.1952493431136721, 
        "previou work": 0.007654956089681479, 
        "case studi": 0.13111857772407362, 
        "p p": 0.9504682305976676, 
        "big data": 0.2942860559692703, 
        "np hard": -0.1005600632890882, 
        "reinforc learn": 0.590790782600966, 
        "comput vision": -0.1329885311824958, 
        "experi show": -0.22246814734355433, 
        "least squar": -0.3603376012428357, 
        "data collect": 0.33018189030418676, 
        "fault toler": 0.35548320005733414, 
        "short term": -0.0684007140417506, 
        "featur select": -0.2708226374198774, 
        "fold cross": -0.0002019218603741017, 
        "similar measur": -0.3172046988479215, 
        "propos novel": -0.1439149472909469, 
        "analysi pca": 0.0023807538612222613, 
        "present new": -0.29310028850660885, 
        "classif accuraci": -0.2233218121363618, 
        "e g": 0.18299893696821495, 
        "kernel function": -0.1763840503000799, 
        "sub sub": -0.24812402339061712, 
        "bayesian network": 0.024374444038553388, 
        "paper describ": 0.30295561438366353, 
        "fals alarm": 0.131855138537824, 
        "result obtain": -0.03627862006406788, 
        "good perform": -0.16389631483663675, 
        "commonli use": -0.12192550346199264, 
        "petri net": 0.32720313111769317, 
        "method base": -0.3193381258790423, 
        "hidden node": -0.16661185249082158, 
        "licens plate": 0.07534521197776478, 
        "learn method": -0.042049409387341974, 
        "import role": -0.0812871988800955, 
        "black box": 0.12784115653536204, 
        "basi function": -0.21810646869173828, 
        "facial express": -0.01283657223353284, 
        "propos approach": -0.18159156448554178, 
        "gradient descent": -0.1881625532502913, 
        "proceed record": 0.0, 
        "real life": 0.03191754540207495, 
        "result indic": -0.041932024627807866, 
        "chapter contain": -0.5771871293370313, 
        "improv perform": -0.05590474323441496, 
        "low level": -0.01996071406183443, 
        "comput complex": -0.25728631657576123, 
        "experi result": -0.1665868884538654, 
        "recent year": 0.176003203303909, 
        "sentiment analysi": -0.05172748879863036, 
        "learn approach": 0.15856996249603955, 
        "mont carlo": -0.24678347121086006, 
        "naiv bay": -0.07043688452687842, 
        "cluster algorithm": -0.4060408732492062, 
        "suppli chain": 0.09843762799747426, 
        "intuitionist fuzzi": -0.10634020036486118, 
        "mobil robot": 0.5384909333116265, 
        "demonstr effect": 0.012053254751574692, 
        "confer proceed": -0.30554447772905347, 
        "train sampl": -0.1695886637459999, 
        "improv accuraci": -0.06244865756712829, 
        "maximum likelihood": -0.10819142907486956, 
        "paper present": 0.04978799459230787, 
        "gene express": -0.20474374436157233, 
        "search engin": 0.008453408167078406, 
        "experiment result": -0.2079575568613618, 
        "mobil devic": 0.9306679650985492, 
        "web servic": 0.22336069009973972, 
        "face recognit": -0.27838312017164846, 
        "non neg": -0.21109372791534847, 
        "train set": -0.3055701272588973, 
        "fuzzi logic": -0.11387329513728238, 
        "machin elm": -0.17636046085107235, 
        "ad hoc": 0.3798096401684631, 
        "particl swarm": -0.2973878752737736, 
        "effect propos": -0.21942271208656725, 
        "real time": 0.3875071611093353, 
        "n gram": 0.09047769146558746, 
        "vector machin": -0.24251036304097218, 
        "mean squar": -0.03836558512541819, 
        "posit neg": 0.09853304549273009, 
        "power plant": 0.05055959430963558, 
        "supervis learn": -0.10655373756642103, 
        "upper bound": -0.05350624227328612, 
        "k mean": -0.33428232339167746, 
        "hidden layer": -0.3397122897797561, 
        "support vector": -0.2384934013250913, 
        "decis tree": -0.03189106940139199, 
        "k nearest": 0.08913795024596853, 
        "state art": -0.08857734104429385, 
        "fault diagnosi": -0.02615980462798558, 
        "set theori": -0.4014747232751367, 
        "kalman filter": 0.1335232917894664, 
        "wide use": -0.09174057471530045, 
        "high level": 0.17091193045730957, 
        "inequ lmi": -0.1466013819460129, 
        "paper propos": -0.010279898365546635, 
        "data mine": -0.08259328061163082, 
        "back propag": -0.2931983921274879, 
        "ls svm": 0.000493781272534975, 
        "larg number": -0.012023897786939925, 
        "show propos": -0.26774617441877047, 
        "larg amount": -0.10485207538492054, 
        "web page": -0.06051712301373107, 
        "suffici condit": -0.5604715173463869, 
        "section titl": -0.5816563548640992, 
        "markov model": 0.055328074832778115, 
        "network ann": -0.04220070413848476, 
        "co occurr": -0.08741414389898139, 
        "amino acid": 0.03640298640771007, 
        "control system": 7.326782376621422e-05, 
        "learn algorithm": 0.19014089877589085, 
        "precis recal": -0.15014161662303846, 
        "close loop": -0.36129530073688065, 
        "extrem learn": -0.27413810142456263, 
        "result demonstr": -0.11623937128694344, 
        "fals posit": -0.1021471374502074, 
        "decis make": 0.23347194214494332, 
        "ant coloni": 0.01941165185078584, 
        "semi supervis": -0.2881894014756441, 
        "time consum": -0.027790149137345167, 
        "genet algorithm": -0.23383319811479825, 
        "present novel": -0.03608715703981904, 
        "social media": 0.020942334695281787, 
        "pre process": -0.09520736558401191, 
        "paper introduc": 0.1265311141772721, 
        "propos method": -0.23918069858131838, 
        "train data": -0.20329404323557038, 
        "spatio tempor": 0.02127966187239592, 
        "h sub": -0.11705091784394646, 
        "result show": -0.0889298033229302, 
        "contain section": -0.5816563548640992, 
        "pid control": -0.3131651757509623, 
        "take account": 0.02472489159203492, 
        "princip compon": -0.27095047194927624, 
        "predict accuraci": -0.34728389687614514, 
        "associ rule": -0.13042401538043757, 
        "breast cancer": -0.05264129923932108, 
        "knowledg discoveri": 0.0035579837584167546, 
        "prior knowledg": -0.03271143766612731, 
        "ground truth": 0.06958278902986417, 
        "featur vector": -0.275691294958023, 
        "simul result": -0.03596747622072181, 
        "time vari": -0.354897248174714, 
        "propos algorithm": -0.2812163603506223, 
        "current committe": 0.016524036853596148, 
        "rule base": 0.009353672008812798, 
        "decis maker": 0.06406958105769624, 
        "new approach": 0.03332109155920445, 
        "sup sup": -0.03662858737550574, 
        "recommend system": 0.060903957576067015, 
        "gaussian mixtur": -0.024376998025106678, 
        "real world": 0.06915904888624812, 
        "wide rang": -0.1174176647326545, 
        "e commerc": 0.33244599559226345, 
        "swarm optim": -0.2893686455036407, 
        "matrix inequ": -0.23628241577844492, 
        "propos new": -0.19950403018597088, 
        "non stationari": -0.049664037035578194,