{
    "20": {
        "self organ": 0.10336871438508763, 
        "time delay": -0.3004604010823861, 
        "high accuraci": 0.11413142063832614, 
        "new method": -0.37446352353343076, 
        "linear discrimin": 0.8252845332522618, 
        "convolut neural": 0.31071523139144414, 
        "social network": -0.1352458293897711, 
        "deep learn": 0.3601237990204888, 
        "take advantag": 0.0009053076373345484, 
        "anomali detect": -0.14907352905797713, 
        "learn techniqu": 0.0889595783575923, 
        "inform retriev": -0.1774230176665639, 
        "magnet reson": 0.49753922499656256, 
        "remot sens": 0.31723620743549436, 
        "compon analysi": 0.2032600660624705, 
        "previou work": 0.1287525076143335, 
        "case studi": 0.04535084506575044, 
        "p p": 0.12862847383298864, 
        "big data": 0.14362804770843984, 
        "np hard": 0.18538171056272043, 
        "reinforc learn": -0.08231109808036098, 
        "comput vision": 0.17363845955558563, 
        "experi show": -0.26405283126504764, 
        "least squar": -0.014811147468725052, 
        "data collect": 0.2428733542006928, 
        "fault toler": -0.02815501317504334, 
        "short term": -0.07538659479248394, 
        "featur select": 0.16051267326680269, 
        "fold cross": 0.7865467176523885, 
        "similar measur": -0.15809421186990497, 
        "propos novel": -0.08736334596429694, 
        "analysi pca": 0.32747415213368497, 
        "present new": -0.29599545572043745, 
        "classif accuraci": 0.33362018969550067, 
        "e g": 0.23705037553802757, 
        "kernel function": 0.1400399907366528, 
        "sub sub": 0.3892487288696193, 
        "bayesian network": 0.04028104052383984, 
        "paper describ": 0.021954199224520608, 
        "fals alarm": 0.47924963369643886, 
        "result obtain": -0.04373502195623912, 
        "good perform": -0.2280714805493869, 
        "commonli use": 0.0431493193856461, 
        "petri net": -0.15911721196120296, 
        "method base": -0.3530227708318512, 
        "hidden node": 0.3528725821116368, 
        "licens plate": 0.12269144380078754, 
        "learn method": 0.06555957984920989, 
        "import role": -0.11558904354715523, 
        "black box": 0.00018829240469470012, 
        "basi function": 0.16671913540634403, 
        "facial express": 0.31038978986857846, 
        "propos approach": -0.0817793550524253, 
        "gradient descent": 0.41699167284342614, 
        "proceed record": 0.083463408317436, 
        "real life": 0.10851475043847236, 
        "result indic": 0.028158743443608098, 
        "chapter contain": 1.5668183439795642, 
        "improv perform": -0.1838099712542216, 
        "low level": 0.08929298080772989, 
        "comput complex": -0.04244795793456314, 
        "experi result": -0.22976944316587186, 
        "recent year": -0.012376809786824958, 
        "sentiment analysi": 0.029042827210379357, 
        "learn approach": -0.011594853206478841, 
        "mont carlo": 0.008564345138984762, 
        "naiv bay": 0.32410235656773984, 
        "cluster algorithm": -0.4333085527991659, 
        "suppli chain": -0.14092322414673145, 
        "intuitionist fuzzi": -0.01609214146864818, 
        "mobil robot": -0.2120783206224321, 
        "demonstr effect": -0.33538049619212223, 
        "confer proceed": 0.09664831412839685, 
        "train sampl": 0.0751960268906513, 
        "improv accuraci": -0.030462297996193093, 
        "maximum likelihood": 0.3460703651808098, 
        "paper present": -0.15718723464963044, 
        "gene express": 0.0333109704393414, 
        "search engin": -0.06301655673774288, 
        "experiment result": -0.24056167488064145, 
        "mobil devic": 0.1381635346293778, 
        "web servic": -0.2543119784367598, 
        "face recognit": -0.24473671840691763, 
        "non neg": -0.033062645932489795, 
        "train set": 0.17274361573428082, 
        "fuzzi logic": -0.05335239675391045, 
        "machin elm": -0.021345442929382008, 
        "ad hoc": -0.0734583851938666, 
        "particl swarm": -0.430477363099386, 
        "effect propos": -0.48941225873795957, 
        "real time": 0.057178048477552, 
        "n gram": 0.530325667319171, 
        "vector machin": 0.21272937767516983, 
        "mean squar": 0.43757017941981524, 
        "posit neg": 0.029080460049788016, 
        "power plant": -0.07159806395398972, 
        "supervis learn": 0.07963965031953164, 
        "upper bound": -0.09901943228539585, 
        "k mean": 0.13049111389508739, 
        "hidden layer": 0.21941088473396786, 
        "support vector": 0.2135801825923303, 
        "decis tree": 0.23651453304378772, 
        "k nearest": 0.2215613003698356, 
        "state art": 0.10251890753518662, 
        "fault diagnosi": -0.2410204071786527, 
        "set theori": -0.5270276493812096, 
        "kalman filter": -0.41775085358524944, 
        "wide use": -0.0689569522920785, 
        "high level": -0.009854499389190795, 
        "inequ lmi": -0.10693285602510225, 
        "paper propos": -0.20847540012080332, 
        "data mine": -0.3849577907101538, 
        "back propag": 0.06990139673252675, 
        "ls svm": 0.132321867933212, 
        "larg number": -0.015136763026977352, 
        "show propos": -0.3682049978492428, 
        "larg amount": 0.024580479417056555, 
        "web page": -0.04870441893127925, 
        "suffici condit": -0.1744976149255751, 
        "section titl": 1.5602541726407382, 
        "markov model": 0.15955262765406375, 
        "network ann": 0.457649690683254, 
        "co occurr": -0.022147215605049904, 
        "amino acid": 0.5672971853985874, 
        "control system": -0.6096241643525637, 
        "learn algorithm": 0.09107530609630839, 
        "precis recal": 0.1920108038603656, 
        "close loop": -0.32322028240717143, 
        "extrem learn": -0.07505005105175849, 
        "result demonstr": -0.15939238998821906, 
        "fals posit": 0.6217758981076679, 
        "decis make": -0.3589618864253808, 
        "ant coloni": -0.40377455090456205, 
        "semi supervis": -0.04992527116047789, 
        "time consum": 0.165169618096711, 
        "genet algorithm": -0.5525238865300651, 
        "present novel": 0.019010199090788552, 
        "social media": -0.07708516527692136, 
        "pre process": -0.01777501387720011, 
        "paper introduc": -0.23020237970879134, 
        "propos method": -0.20787976066978991, 
        "train data": 0.1033024026994857, 
        "spatio tempor": 0.08167329258043134, 
        "h sub": -0.04449404690571659, 
        "result show": -0.10166542821713472, 
        "contain section": 1.5602541726407382, 
        "pid control": -0.2343252351665924, 
        "take account": -0.18009428332537725, 
        "princip compon": 0.30413869746652367, 
        "predict accuraci": 0.2937902313414456, 
        "associ rule": -0.19443865159607093, 
        "breast cancer": 0.29615061711255425, 
        "knowledg discoveri": -0.15558593161206777, 
        "prior knowledg": -0.12120160124518228, 
        "ground truth": 0.33040901434833786, 
        "featur vector": -0.002207051197448335, 
        "simul result": -0.48834467836339585, 
        "time vari": -0.6493620389922327, 
        "propos algorithm": -0.3531350791365346, 
        "current committe": 0.0, 
        "rule base": 0.03257233314290882, 
        "decis maker": -0.07741790449063297, 
        "new approach": -0.19784526582012182, 
        "sup sup": 0.5932647013530986, 
        "recommend system": -0.030260999350916154, 
        "gaussian mixtur": 0.0904380328756522, 
        "real world": -0.13131380598385436, 
        "wide rang": 0.24440013495470866, 
        "e commerc": -0.039789248525968074, 
        "swarm optim": -0.43338155963965813, 
        "matrix inequ": -0.21025575065566135, 
        "propos new": -0.2845863438640612, 
        "non stationari": -0.13929889954684316,