{
    "21": {
        "self organ": 0.01351733843934735, 
        "time delay": 0.18115739802853895, 
        "high accuraci": -0.036196566797899926, 
        "new method": -0.09138184259651361, 
        "linear discrimin": 0.11435588352632842, 
        "convolut neural": 0.0421493692164952, 
        "social network": -0.1359158301032562, 
        "deep learn": 0.16345896264402962, 
        "take advantag": 0.012587939186827721, 
        "anomali detect": -0.025192838221197604, 
        "learn techniqu": -0.21202244170234935, 
        "inform retriev": -0.016600618929899984, 
        "magnet reson": 0.2709441603451028, 
        "remot sens": 0.2700620791307393, 
        "compon analysi": 0.15115806349864147, 
        "previou work": 0.11664266837948979, 
        "case studi": -0.14607115721937572, 
        "p p": 0.23805797869538528, 
        "big data": -0.10517525431946083, 
        "np hard": 0.3744396254670724, 
        "reinforc learn": -0.04291367625353809, 
        "comput vision": 0.16181334486293894, 
        "experi show": -0.02047520482337449, 
        "least squar": 0.35623416656837503, 
        "data collect": -0.2766455406142125, 
        "fault toler": -0.11901238701576158, 
        "short term": -0.16249440911234478, 
        "featur select": 0.09069386253702741, 
        "fold cross": 0.2918166531658045, 
        "similar measur": 0.10831480474975914, 
        "propos novel": 0.14309963764366398, 
        "analysi pca": -0.10582856068184074, 
        "present new": 0.06610857744038244, 
        "classif accuraci": 0.011988772670165751, 
        "e g": 0.2514827141998028, 
        "kernel function": 0.127797591706743, 
        "sub sub": 1.049724744555337, 
        "bayesian network": -0.030029189184998077, 
        "paper describ": -0.06468282320918708, 
        "fals alarm": 0.12449268945553853, 
        "result obtain": -0.16696957273152255, 
        "good perform": -0.14637869499452216, 
        "commonli use": 0.22291643276886025, 
        "petri net": 0.14638690250886133, 
        "method base": 0.02744700540010132, 
        "hidden node": 0.08327951755482478, 
        "licens plate": -0.04660695524058732, 
        "learn method": 0.07824725875563707, 
        "import role": -0.16317102882080628, 
        "black box": 0.0025396530269282186, 
        "basi function": 0.0037055647412683576, 
        "facial express": 0.08762444467238384, 
        "propos approach": 0.11437778968758791, 
        "gradient descent": 0.29803245787557964, 
        "proceed record": -0.06332818331338716, 
        "real life": 0.15849414831342565, 
        "result indic": -0.14694380312169236, 
        "chapter contain": -0.07941638924112517, 
        "improv perform": 0.007347172920740844, 
        "low level": 0.14627198602939484, 
        "comput complex": 0.1821600550147896, 
        "experi result": -0.09069725111996625, 
        "recent year": -0.19095083577975056, 
        "sentiment analysi": 0.09536232276740957, 
        "learn approach": -0.19773113248125723, 
        "mont carlo": 0.12565766585552246, 
        "naiv bay": -0.0807819390925759, 
        "cluster algorithm": -0.27673804381383527, 
        "suppli chain": -0.13340989191915095, 
        "intuitionist fuzzi": 0.0556152393800125, 
        "mobil robot": 0.049030678152280543, 
        "demonstr effect": 0.21284492862065826, 
        "confer proceed": -0.06350962145645625, 
        "train sampl": 0.09374899682373243, 
        "improv accuraci": -0.2962575766500964, 
        "maximum likelihood": 0.23963648792396658, 
        "paper present": -0.08120152074145406, 
        "gene express": 0.23506419834812456, 
        "search engin": -0.057235984680558565, 
        "experiment result": 0.09579516642959414, 
        "mobil devic": -0.21409920624130122, 
        "web servic": -0.06382511291741769, 
        "face recognit": 0.20680235812369074, 
        "non neg": 0.6630149811982269, 
        "train set": -0.004271158270347046, 
        "fuzzi logic": -0.0860866226441514, 
        "machin elm": -0.10705865883210801, 
        "ad hoc": 0.05098979458228795, 
        "particl swarm": -0.2991768834673584, 
        "effect propos": 0.1798604716437211, 
        "real time": -0.1484096870026627, 
        "n gram": 0.2560676660600674, 
        "vector machin": 0.048998658015141826, 
        "mean squar": 0.34269863360824104, 
        "posit neg": 0.11492824590047562, 
        "power plant": -0.07987903068749848, 
        "supervis learn": -0.048303626914067616, 
        "upper bound": 0.36169562306607805, 
        "k mean": -0.013465848202684084, 
        "hidden layer": 0.045379228353088774, 
        "support vector": 0.03792394971030409, 
        "decis tree": -0.2098788908138937, 
        "k nearest": -0.15034252091864123, 
        "state art": 0.2744602714858252, 
        "fault diagnosi": -0.3284009225931143, 
        "set theori": -0.3466951309527586, 
        "kalman filter": -0.05349601536769528, 
        "wide use": -0.03251476080332823, 
        "high level": 0.10631350919596434, 
        "inequ lmi": 0.34906899740857333, 
        "paper propos": 0.029493171979443317, 
        "data mine": -0.30077203386607565, 
        "back propag": -0.08737173448800871, 
        "ls svm": 0.2993264763858211, 
        "larg number": 0.13752089140856305, 
        "show propos": -0.007570347886352451, 
        "larg amount": -0.07238541419717467, 
        "web page": -0.17466716939802665, 
        "suffici condit": 0.27389987019667594, 
        "section titl": -0.08310906429754987, 
        "markov model": -0.09986505877798994, 
        "network ann": 0.08922266519944114, 
        "co occurr": 0.21127322822748204, 
        "amino acid": 0.3349966963905403, 
        "control system": -0.27802564613389796, 
        "learn algorithm": -0.034262020714389045, 
        "precis recal": 0.15331120116042496, 
        "close loop": 0.3037206632102285, 
        "extrem learn": -0.16283958393656084, 
        "result demonstr": 0.03388816169131198, 
        "fals posit": -0.14084573368918957, 
        "decis make": -0.3317960890791121, 
        "ant coloni": -0.23560831105782842, 
        "semi supervis": 0.12524499008914575, 
        "time consum": -0.016192797056957194, 
        "genet algorithm": -0.33478975306335995, 
        "present novel": 0.07723682975947674, 
        "social media": -0.25237648094418835, 
        "pre process": -0.011892442889706967, 
        "paper introduc": 0.021786053982084313, 
        "propos method": 0.11120735989682637, 
        "train data": -0.005271170364028543, 
        "spatio tempor": 0.305546869321513, 
        "h sub": 0.5916382717147437, 
        "result show": 0.00022733046806388147, 
        "contain section": -0.08310906429754987, 
        "pid control": -0.11268990056846129, 
        "take account": -0.10948346339530568, 
        "princip compon": 0.25317111832427813, 
        "predict accuraci": -0.056767928088921775, 
        "associ rule": -0.010052650106647118, 
        "breast cancer": -0.04223102820897855, 
        "knowledg discoveri": -0.05400836991504516, 
        "prior knowledg": 0.35006622448244024, 
        "ground truth": -0.10907365041619106, 
        "featur vector": -0.05041717044943536, 
        "simul result": -0.06979183650888976, 
        "time vari": 0.021461685627120124, 
        "propos algorithm": 0.0787760835869114, 
        "current committe": 0.0, 
        "rule base": -0.06352515146468614, 
        "decis maker": 0.0367701094445813, 
        "new approach": -0.04827606167739238, 
        "sup sup": 0.8492201256927034, 
        "recommend system": -0.05530902722806153, 
        "gaussian mixtur": 0.072401757955663, 
        "real world": 0.042032064357003886, 
        "wide rang": 0.2106173835513723, 
        "e commerc": -0.014536754879745147, 
        "swarm optim": -0.30766537813083633, 
        "matrix inequ": 0.39547304951795287, 
        "propos new": -0.03905678460682836, 
        "non stationari": 0.016507598918549866,