{
    "22": {
        "self organ": 0.05836680845016156, 
        "time delay": -0.321856278731082, 
        "high accuraci": 0.12880140126685632, 
        "new method": -0.00672304373135945, 
        "linear discrimin": 0.2132842861290509, 
        "convolut neural": 0.3716878680285743, 
        "social network": -0.09647873031152457, 
        "deep learn": 0.22764281778731518, 
        "take advantag": 0.126406375939922, 
        "anomali detect": -0.07863543827617708, 
        "learn techniqu": 0.07194006678857465, 
        "inform retriev": -0.09516049282034551, 
        "magnet reson": 0.22005587857768985, 
        "remot sens": 0.1589467942846841, 
        "compon analysi": 0.1374722532192772, 
        "previou work": 0.038115487599325586, 
        "case studi": -0.1354567412752562, 
        "p p": 0.24923263152082029, 
        "big data": 0.0020162185095932263, 
        "np hard": -0.10056605181956597, 
        "reinforc learn": -0.05900052112970554, 
        "comput vision": 0.46550530602929435, 
        "experi show": 0.04166652529129268, 
        "least squar": -0.11937105799887286, 
        "data collect": 0.09817834163348889, 
        "fault toler": -0.08796056909397089, 
        "short term": -0.09633009270779026, 
        "featur select": 0.02175886889686119, 
        "fold cross": 0.10332818078251822, 
        "similar measur": -0.09824769461956336, 
        "propos novel": 0.16036598735381105, 
        "analysi pca": 0.18866307227730048, 
        "present new": -0.02897321405867262, 
        "classif accuraci": 0.06636119106247955, 
        "e g": 0.1959026528822913, 
        "kernel function": 0.018896602583657857, 
        "sub sub": -0.21873009825457868, 
        "bayesian network": -0.07064838993146026, 
        "paper describ": 0.07065395747592873, 
        "fals alarm": 0.03368094354543363, 
        "result obtain": 0.11520162881179408, 
        "good perform": 0.03671267234686272, 
        "commonli use": 0.08581218795321242, 
        "petri net": -0.04785580022244676, 
        "method base": 0.06470007380673823, 
        "hidden node": 0.1417213789496108, 
        "licens plate": 0.22694884727302583, 
        "learn method": 0.04514528048815453, 
        "import role": 0.05279445516570376, 
        "black box": -0.034052825101012804, 
        "basi function": -0.04211733950629309, 
        "facial express": 0.4199763573465747, 
        "propos approach": 0.16933272327029547, 
        "gradient descent": 0.012658036210666768, 
        "proceed record": 0.0, 
        "real life": 0.04463362220065805, 
        "result indic": 0.04358436772076751, 
        "chapter contain": -0.5143485326690135, 
        "improv perform": -0.07149900272868395, 
        "low level": 0.2805587303711932, 
        "comput complex": 0.049334064614951656, 
        "experi result": 0.06011061289156858, 
        "recent year": 0.046683170341804935, 
        "sentiment analysi": -0.11230667840166277, 
        "learn approach": -0.021392810885791726, 
        "mont carlo": 0.018199183827198567, 
        "naiv bay": -0.023524994511371942, 
        "cluster algorithm": -0.1793667371942171, 
        "suppli chain": -0.24565723277754917, 
        "intuitionist fuzzi": -0.09772943655673713, 
        "mobil robot": 0.10877554814802289, 
        "demonstr effect": 0.08477957716068599, 
        "confer proceed": -0.5226935725164618, 
        "train sampl": 0.12493106443288658, 
        "improv accuraci": 0.014260132770266363, 
        "maximum likelihood": -0.07460777484427919, 
        "paper present": 0.07057552545432672, 
        "gene express": 0.00046648568647497234, 
        "search engin": -0.03755703914480774, 
        "experiment result": 0.14449242904087456, 
        "mobil devic": 0.08224846391465496, 
        "web servic": -0.20280342817465533, 
        "face recognit": 0.2686233156543563, 
        "non neg": 0.07135920990828619, 
        "train set": 0.09129214084440382, 
        "fuzzi logic": -0.09111229048879227, 
        "machin elm": 0.08055135440202206, 
        "ad hoc": -0.06651464420071997, 
        "particl swarm": -0.18572918553997342, 
        "effect propos": 0.024319497504585987, 
        "real time": 0.2342187220962822, 
        "n gram": 0.13774596670660452, 
        "vector machin": 0.08530383870170785, 
        "mean squar": 0.00410589747478398, 
        "posit neg": 0.026810003916383437, 
        "power plant": -0.18061708041215802, 
        "supervis learn": 0.014339947600719827, 
        "upper bound": -0.12730832348946394, 
        "k mean": 0.009022900996309867, 
        "hidden layer": -0.060552751713127906, 
        "support vector": 0.0777924690734759, 
        "decis tree": -0.04931907743189439, 
        "k nearest": 0.15430815290880498, 
        "state art": 0.19146935961779138, 
        "fault diagnosi": -0.1730163137315632, 
        "set theori": -0.21555083408242934, 
        "kalman filter": 0.04671418831264722, 
        "wide use": 0.0037571988101474598, 
        "high level": 0.13442379229252327, 
        "inequ lmi": -0.14601029840764101, 
        "paper propos": 0.0805631937408205, 
        "data mine": -0.24954654175880162, 
        "back propag": 0.0668633325798112, 
        "ls svm": 0.08954446318516061, 
        "larg number": 0.03783982319896042, 
        "show propos": 0.08472578044128615, 
        "larg amount": 0.04040645200130591, 
        "web page": -0.10231599273859679, 
        "suffici condit": -0.5258221575214415, 
        "section titl": -0.5176095309645375, 
        "markov model": 0.22247148472234723, 
        "network ann": 0.0330855696578649, 
        "co occurr": -0.0013688400174754018, 
        "amino acid": 0.07464741378608841, 
        "control system": -0.20851574464686506, 
        "learn algorithm": 0.06548633746180164, 
        "precis recal": 0.11235824437486316, 
        "close loop": -0.3214965026062708, 
        "extrem learn": 0.09238899474901956, 
        "result demonstr": 0.10209656537611199, 
        "fals posit": 0.031448140904894, 
        "decis make": -0.20076892473565897, 
        "ant coloni": -0.0924628190782498, 
        "semi supervis": 0.0381797480707986, 
        "time consum": 0.08634886915784948, 
        "genet algorithm": -0.18365514593836224, 
        "present novel": 0.1265091521168826, 
        "social media": -0.10097983858789755, 
        "pre process": 0.2114179759447422, 
        "paper introduc": -0.052091172877151704, 
        "propos method": 0.1175127428400959, 
        "train data": 0.10846167641164028, 
        "spatio tempor": 0.34578634860937, 
        "h sub": -0.19636912447038096, 
        "result show": 0.06113129907540567, 
        "contain section": -0.5176095309645375, 
        "pid control": -0.2554917756378299, 
        "take account": 0.05446947231208063, 
        "princip compon": 0.15004495215988814, 
        "predict accuraci": -0.0410590421928652, 
        "associ rule": -0.20274403238615918, 
        "breast cancer": -0.044113772632597144, 
        "knowledg discoveri": -0.04282667295522906, 
        "prior knowledg": 0.08268421016937605, 
        "ground truth": 0.37243203240639045, 
        "featur vector": 0.17740512379557896, 
        "simul result": -0.21482924160949132, 
        "time vari": -0.15240479660843145, 
        "propos algorithm": 0.0519937049975586, 
        "current committe": 0.0, 
        "rule base": 0.01441627743745734, 
        "decis maker": -0.10639280963237038, 
        "new approach": 0.008204546231317673, 
        "sup sup": -0.04232997488836331, 
        "recommend system": -0.11075032327953789, 
        "gaussian mixtur": 0.1286751216106118, 
        "real world": -0.0001416390285729754, 
        "wide rang": 0.1545283096170225, 
        "e commerc": -0.09036558222714684, 
        "swarm optim": -0.18429883384148302, 
        "matrix inequ": -0.2226702522837037, 
        "propos new": -0.13953888038013465, 
        "non stationari": 0.07941337473922538, 
        "publicli avail": 0.23313599765650236,