{
    "23": {
        "self organ": 0.19497238980290682, 
        "time delay": -0.33982912032607676, 
        "high accuraci": 0.06436157054605864, 
        "new method": -0.03395229570476144, 
        "linear discrimin": 0.2513593606461839, 
        "convolut neural": 0.316228473024421, 
        "social network": -0.22060356579396415, 
        "deep learn": 0.17143208538952132, 
        "take advantag": 0.053200511845252284, 
        "anomali detect": -0.15085070184764876, 
        "learn techniqu": 0.0273513961992345, 
        "inform retriev": -0.02332783359433404, 
        "magnet reson": 0.03543161718014678, 
        "remot sens": -0.0004376448524141185, 
        "compon analysi": 0.21087806440262238, 
        "previou work": 0.018882633797624924, 
        "case studi": -0.12079475408747674, 
        "p p": 0.1670035659181826, 
        "big data": 0.03541024807942246, 
        "np hard": -0.0021267597372388986, 
        "reinforc learn": -0.2757099943580677, 
        "comput vision": 0.5505105545617444, 
        "experi show": 0.029937490071018296, 
        "least squar": -0.21844196849854497, 
        "data collect": 0.05511232842088895, 
        "fault toler": -0.1485039396287841, 
        "short term": -0.13683789398929552, 
        "featur select": -0.08940343678933028, 
        "fold cross": 0.041098819358624805, 
        "similar measur": 0.010108908614579474, 
        "propos novel": 0.11949829654612443, 
        "analysi pca": 0.28939911577825156, 
        "present new": -0.03439669824408267, 
        "classif accuraci": -0.06946498220804224, 
        "e g": 0.16586647183753278, 
        "kernel function": -0.16388664582930387, 
        "sub sub": -0.11116700863684648, 
        "bayesian network": -0.1748532236762965, 
        "paper describ": 0.1525131482240413, 
        "fals alarm": 0.08651606173497364, 
        "result obtain": 0.11918208585356294, 
        "good perform": -0.00338169002484855, 
        "commonli use": 0.07341957282993582, 
        "petri net": 0.035132054349043526, 
        "method base": 0.03874068331228644, 
        "hidden node": -0.048671615184417955, 
        "licens plate": 0.3576543789464621, 
        "learn method": -0.029322770537824096, 
        "import role": 0.035390077112976336, 
        "black box": -0.14634118852800532, 
        "basi function": -0.1434760320696382, 
        "facial express": 0.5293616887857712, 
        "propos approach": 0.12220448577242296, 
        "gradient descent": -0.09837240558505798, 
        "proceed record": 0.005220866592943557, 
        "real life": -0.16937368128220348, 
        "result indic": 0.09219974522355662, 
        "chapter contain": -0.45583815712727915, 
        "improv perform": -0.10073176995558675, 
        "low level": 0.29939725662771094, 
        "comput complex": 0.09900317244074011, 
        "experi result": 0.08248555432527323, 
        "recent year": 0.051072148626531054, 
        "sentiment analysi": -0.2476108520177351, 
        "learn approach": 0.026852980638452883, 
        "mont carlo": -0.12235844716766445, 
        "naiv bay": -0.3499720803539685, 
        "cluster algorithm": -0.07689926530842321, 
        "suppli chain": -0.18402847309821554, 
        "intuitionist fuzzi": -0.10763110856028475, 
        "mobil robot": 0.019174743068904595, 
        "demonstr effect": 0.08599365579656841, 
        "confer proceed": -0.35860361765986415, 
        "train sampl": 0.09007189478767255, 
        "improv accuraci": 0.014834167006728705, 
        "maximum likelihood": 0.023240624445435638, 
        "paper present": 0.04339193948001783, 
        "gene express": -0.16289419937698074, 
        "search engin": -0.05847008866745675, 
        "experiment result": 0.1443356931774939, 
        "mobil devic": -0.07570623851138415, 
        "web servic": -0.20061683230783608, 
        "face recognit": 0.40396249557891195, 
        "non neg": 0.09420715129129192, 
        "train set": 0.11652542932048798, 
        "fuzzi logic": -0.2213414147677736, 
        "machin elm": -0.03937156591591361, 
        "ad hoc": 0.04114372788924573, 
        "particl swarm": -0.36606318954313727, 
        "effect propos": -0.027587393372624475, 
        "real time": 0.19586637168549148, 
        "n gram": 0.059382577534489445, 
        "vector machin": -0.009386157887467208, 
        "mean squar": -0.20457909341311947, 
        "posit neg": -0.016250103869052346, 
        "power plant": -0.31248631252625453, 
        "supervis learn": -0.03194855970286719, 
        "upper bound": -0.0897558883237318, 
        "k mean": 0.06480065791411894, 
        "hidden layer": -0.10520076691667775, 
        "support vector": -0.010917567272187612, 
        "decis tree": -0.11008182120940006, 
        "k nearest": 0.01877389345352193, 
        "state art": 0.21829436644998365, 
        "fault diagnosi": -0.36903376175278746, 
        "set theori": -0.27947333347499076, 
        "kalman filter": 0.042247460216128824, 
        "wide use": 0.06746195169391085, 
        "high level": 0.24032958411951372, 
        "inequ lmi": -0.1174922252844916, 
        "paper propos": 0.0935203776071801, 
        "data mine": -0.0948315009295636, 
        "back propag": -0.07212721263711887, 
        "ls svm": 0.05338935058780922, 
        "larg number": 0.05712721650132431, 
        "show propos": 0.07109300067316683, 
        "larg amount": 0.20608307860679886, 
        "web page": -0.18583330699830106, 
        "suffici condit": -0.5211527736949456, 
        "section titl": -0.4606907774915822, 
        "markov model": 0.24936996097914577, 
        "network ann": -0.043496506711485035, 
        "co occurr": 0.12001165865738006, 
        "amino acid": 0.22990844534674995, 
        "control system": -0.44116429717065814, 
        "learn algorithm": -0.04059940145549109, 
        "precis recal": -0.032494497077093204, 
        "close loop": -0.4117561736578017, 
        "extrem learn": -0.08845099753893387, 
        "result demonstr": 0.08245228372014243, 
        "fals posit": 0.023397608510162468, 
        "decis make": -0.18308928903307684, 
        "ant coloni": -0.21497874424578847, 
        "semi supervis": 0.04906709181655439, 
        "time consum": 0.16387549989166336, 
        "genet algorithm": -0.3725598294110069, 
        "present novel": 0.1457809515964452, 
        "social media": -0.09610143979885685, 
        "pre process": 0.2278225901176547, 
        "paper introduc": 0.02722868384200069, 
        "propos method": 0.1449932761968525, 
        "train data": 0.08284632700290759, 
        "spatio tempor": 0.2980809569925043, 
        "h sub": -0.18797891016480647, 
        "result show": 0.020818275259582256, 
        "contain section": -0.4606907774915822, 
        "pid control": -0.20557943505260304, 
        "take account": -0.003195462613925818, 
        "princip compon": 0.24127725335947636, 
        "predict accuraci": -0.0920749591597785, 
        "associ rule": -0.07465402312358586, 
        "breast cancer": -0.04567114608684007, 
        "knowledg discoveri": 0.13008185016048462, 
        "prior knowledg": -0.14296262718761532, 
        "ground truth": 0.3708328662712006, 
        "featur vector": 0.2263039421075714, 
        "simul result": -0.3061335479694917, 
        "time vari": -0.21354418026044164, 
        "propos algorithm": 0.09970039083915488, 
        "current committe": 0.0, 
        "rule base": -0.03799075245090519, 
        "decis maker": -0.1281635103764401, 
        "new approach": 0.035069610896311644, 
        "sup sup": -0.04004597976337431, 
        "recommend system": -0.12832664769563626, 
        "gaussian mixtur": 0.08575255877421929, 
        "real world": -0.003945122963132089, 
        "wide rang": 0.14445523858747167, 
        "e commerc": -0.011291758788173378, 
        "swarm optim": -0.3558980840963002, 
        "matrix inequ": -0.26680055356070104, 
        "propos new": -0.03231411191238531, 
        "non stationari": -0.08687150296705173,