{
    "24": {
        "self organ": -0.004334745372306875, 
        "time delay": -0.17707643783139193, 
        "high accuraci": -0.07356968629961101, 
        "new method": 0.15069020735763, 
        "linear discrimin": -0.5649272896072403, 
        "convolut neural": -0.752057353074708, 
        "social network": -0.2576473177284091, 
        "deep learn": -0.39800666540474616, 
        "take advantag": -0.01589745613570174, 
        "anomali detect": -0.04879345696280021, 
        "learn techniqu": -0.19825159937543585, 
        "inform retriev": -0.056071932431362055, 
        "magnet reson": -0.42822393268426523, 
        "remot sens": -0.09206429132923948, 
        "compon analysi": -0.3078139555967886, 
        "previou work": -0.20229723073320793, 
        "case studi": -0.010863661470723148, 
        "p p": 0.2360382538304157, 
        "big data": -0.25097592733702817, 
        "np hard": -0.20794929109197854, 
        "reinforc learn": -0.31127904463861106, 
        "comput vision": -0.7243901534007466, 
        "experi show": 0.019208958288583072, 
        "least squar": -0.03468478207238253, 
        "data collect": -0.1815635857802827, 
        "fault toler": -0.12924848212509035, 
        "short term": -0.18198650058513502, 
        "featur select": -0.12655553685606807, 
        "fold cross": -0.057740580530362524, 
        "similar measur": 0.27526146327835205, 
        "propos novel": -0.041877140415923816, 
        "analysi pca": -0.3339867831157884, 
        "present new": 0.1831602200147098, 
        "classif accuraci": -0.022190278815968037, 
        "e g": -0.20525867449037982, 
        "kernel function": -0.16312621399542884, 
        "sub sub": -0.22973960503022656, 
        "bayesian network": -0.19412692726579991, 
        "paper describ": -0.20196873552365527, 
        "fals alarm": -0.14364656944562187, 
        "result obtain": -0.08129104565567814, 
        "good perform": 0.041783820393183076, 
        "commonli use": -0.06906765583011057, 
        "petri net": 0.24419131532130925, 
        "method base": 0.12061134426542619, 
        "hidden node": -0.2913836227569821, 
        "licens plate": -0.21329292958380305, 
        "learn method": -0.04685676163529453, 
        "import role": 0.01788296568756806, 
        "black box": 0.30156739553647904, 
        "basi function": 0.014389586902783864, 
        "facial express": -0.6634459200575363, 
        "propos approach": 0.017447730259196104, 
        "gradient descent": 0.06916329428013551, 
        "proceed record": 0.008425255511966103, 
        "real life": -0.0008748542249935893, 
        "result indic": -0.022004237452530447, 
        "chapter contain": -1.018697840858442, 
        "improv perform": -0.05201125773127556, 
        "low level": 0.029222177836488034, 
        "comput complex": -0.05210907321793828, 
        "experi result": 0.05040075567553613, 
        "recent year": -0.13026394526589868, 
        "sentiment analysi": 0.0038223812678508245, 
        "learn approach": -0.041596637502737344, 
        "mont carlo": -0.4505336144741823, 
        "naiv bay": -0.20127962556219373, 
        "cluster algorithm": 0.25879540826809055, 
        "suppli chain": -0.03678888951880079, 
        "intuitionist fuzzi": 0.5919272213930039, 
        "mobil robot": 0.026022952139218673, 
        "demonstr effect": 0.04025545922277008, 
        "confer proceed": -0.8074677547955953, 
        "train sampl": -0.01722105214752053, 
        "improv accuraci": -0.02277956423401948, 
        "maximum likelihood": -0.24074995460863036, 
        "paper present": 0.015462437854033286, 
        "gene express": -0.29924705903598187, 
        "search engin": -0.445699899855521, 
        "experiment result": 0.005793284674239017, 
        "mobil devic": -0.3290123499576064, 
        "web servic": -0.30057461047033507, 
        "face recognit": -0.43707227658221415, 
        "non neg": -0.3403044257320916, 
        "train set": 0.024375004622642985, 
        "fuzzi logic": 0.6221004771390711, 
        "machin elm": -0.3540981849225482, 
        "ad hoc": -0.14065037007423492, 
        "particl swarm": 0.06294055488192649, 
        "effect propos": 0.03891578940529034, 
        "real time": -0.11369640868741933, 
        "n gram": -0.0389984059393673, 
        "vector machin": -0.16589655399039901, 
        "mean squar": -0.09268265899192041, 
        "posit neg": -0.021641222788127804, 
        "power plant": 0.11063499829322002, 
        "supervis learn": -0.1558119133717169, 
        "upper bound": -0.25316365448889555, 
        "k mean": -0.01578485707716032, 
        "hidden layer": -0.18151840965487223, 
        "support vector": -0.17208885300035826, 
        "decis tree": 0.24514453361777333, 
        "k nearest": -0.1287646560544418, 
        "state art": -0.47409403778570414, 
        "fault diagnosi": 0.10322913920113658, 
        "set theori": 0.6906329065158324, 
        "kalman filter": -0.16071204566700859, 
        "wide use": -0.01603569287485916, 
        "high level": -0.003173840164287798, 
        "inequ lmi": -0.17259257719759163, 
        "paper propos": 0.03040000711925551, 
        "data mine": 0.21687197358930008, 
        "back propag": 0.07998670897520856, 
        "ls svm": -0.1984074182107263, 
        "larg number": 0.03767338687872056, 
        "show propos": 0.02991578028178073, 
        "larg amount": 0.03190176111514053, 
        "web page": -0.21422640049806468, 
        "suffici condit": -0.07075329227080719, 
        "section titl": -1.0162121097065124, 
        "markov model": -0.41752611829751446, 
        "network ann": -0.05217282263276456, 
        "co occurr": 0.12517657080838854, 
        "amino acid": -0.19454772764456216, 
        "control system": 0.08621298189993692, 
        "learn algorithm": -0.04025346112874306, 
        "precis recal": -0.19327530031168486, 
        "close loop": -0.04545883687281432, 
        "extrem learn": -0.27586772937477, 
        "result demonstr": -0.03164902451595433, 
        "fals posit": -0.4620764584229605, 
        "decis make": 0.30615706557255035, 
        "ant coloni": -0.2318104939381408, 
        "semi supervis": -0.20184423681455033, 
        "time consum": -0.18949692349019004, 
        "genet algorithm": 0.195729224900689, 
        "present novel": -0.206778493881932, 
        "social media": -0.41181230924705486, 
        "pre process": -0.026639395740384427, 
        "paper introduc": 0.026564437121628273, 
        "propos method": 0.051914053165852916, 
        "train data": 0.09260158604213331, 
        "spatio tempor": -0.3230697833515958, 
        "h sub": -0.1993271246811616, 
        "result show": 0.04943800954543818, 
        "contain section": -1.0162121097065124, 
        "pid control": 0.20062644006100988, 
        "take account": 0.09768386344874258, 
        "princip compon": -0.27281115103208275, 
        "predict accuraci": 0.05788014183870145, 
        "associ rule": 0.5176103254000819, 
        "breast cancer": 0.02085636440748086, 
        "knowledg discoveri": 0.3908737320054811, 
        "prior knowledg": 0.03876015594603266, 
        "ground truth": -0.0373926988439667, 
        "featur vector": -0.28256165737135247, 
        "simul result": 0.07679748756064679, 
        "time vari": -0.0034593426981997517, 
        "propos algorithm": 0.0332980418403562, 
        "current committe": 0.0, 
        "rule base": 0.7978460227769149, 
        "decis maker": 0.35600316295255535, 
        "new approach": 0.13710192432022772, 
        "sup sup": 0.05867602598455375, 
        "recommend system": -0.07091857738193089, 
        "gaussian mixtur": -0.5130889267162194, 
        "real world": 0.05413914905114196, 
        "wide rang": -0.23177872318336545, 
        "e commerc": 0.022008289993497566, 
        "swarm optim": 0.037210539728396004, 
        "matrix inequ": -0.17503726194921806, 
        "propos new": 0.12418653563994209, 
        "non stationari": -0.3747331138439589,