{
    "25": {
        "self organ": 0.08236422539708335, 
        "time delay": -0.10249954872461887, 
        "high accuraci": 0.09504002944735812, 
        "new method": -0.10010509998605986, 
        "linear discrimin": -0.030838322273789003, 
        "convolut neural": 0.028557139307378607, 
        "social network": 0.16647727029683118, 
        "deep learn": 0.05303610321439814, 
        "take advantag": 0.1279624371573445, 
        "anomali detect": 0.3035481625760113, 
        "learn techniqu": 0.11455521627795569, 
        "inform retriev": -0.044257804542741516, 
        "magnet reson": 0.012195292967935239, 
        "remot sens": 0.0948025184131903, 
        "compon analysi": -0.012730355552497748, 
        "previou work": 0.09711869399920257, 
        "case studi": 0.14517111855540224, 
        "p p": 0.06042301064618086, 
        "big data": 0.3165954211069197, 
        "np hard": 0.015744363686608042, 
        "reinforc learn": 0.06323767673214045, 
        "comput vision": 0.022615756025416104, 
        "experi show": -0.13175778240620914, 
        "least squar": -0.09853387355986322, 
        "data collect": 0.11220668606947728, 
        "fault toler": 0.15704924795880948, 
        "short term": 0.08538136416654071, 
        "featur select": -0.16969862133835908, 
        "fold cross": -0.016172982731815465, 
        "similar measur": -0.08044131737036807, 
        "propos novel": 0.024669895345262514, 
        "analysi pca": 0.04921858274447955, 
        "present new": -0.08846095952763773, 
        "classif accuraci": -0.09235473804103178, 
        "e g": 0.18062572353407602, 
        "kernel function": -0.03245300222432542, 
        "sub sub": 3.0391299089076694e-05, 
        "bayesian network": 0.031013038680747607, 
        "paper describ": 0.032513268725950506, 
        "fals alarm": 0.17307855284448417, 
        "result obtain": -0.07720954612367283, 
        "good perform": 0.010069252836318486, 
        "commonli use": -0.022857181239462246, 
        "petri net": 0.025460654027243186, 
        "method base": -0.16517394722150652, 
        "hidden node": 0.011053106092285615, 
        "licens plate": 0.06432857233010046, 
        "learn method": -0.04029729342894926, 
        "import role": -0.009899724208616503, 
        "black box": 0.17872740899223383, 
        "basi function": -0.1677434372623318, 
        "facial express": -0.008562774859769723, 
        "propos approach": 0.009788352356399006, 
        "gradient descent": 0.021281508835648638, 
        "proceed record": 0.0, 
        "real life": 0.10707734201383384, 
        "result indic": -0.020627511451343238, 
        "chapter contain": -0.24470358329718847, 
        "improv perform": -0.03577792425700591, 
        "low level": 0.1167147431618328, 
        "comput complex": -0.02585545645425732, 
        "experi result": -0.019890355441652772, 
        "recent year": 0.09461219798572969, 
        "sentiment analysi": 0.07661788594133809, 
        "learn approach": 0.05089924436379217, 
        "mont carlo": -0.019155082886514727, 
        "naiv bay": 0.01984945213294737, 
        "cluster algorithm": 0.010651733172783555, 
        "suppli chain": 0.1370556646204815, 
        "intuitionist fuzzi": -0.08316532392505759, 
        "mobil robot": -0.01939217937187637, 
        "demonstr effect": 0.02185761495085888, 
        "confer proceed": -0.164631172464534, 
        "train sampl": -0.08735858777350207, 
        "improv accuraci": 0.04191077272502047, 
        "maximum likelihood": 0.004081887946543735, 
        "paper present": 0.016914929703687673, 
        "gene express": -0.03223115241104787, 
        "search engin": 0.03315557378100508, 
        "experiment result": -0.05530833029456628, 
        "mobil devic": 0.3055124309900711, 
        "web servic": 0.34284428054747473, 
        "face recognit": -0.09225049241233721, 
        "non neg": -0.05630389965813858, 
        "train set": -0.05850888232327466, 
        "fuzzi logic": -0.022337790514769962, 
        "machin elm": 0.005967542038424727, 
        "ad hoc": 0.06104189113027088, 
        "particl swarm": -0.1532550322444504, 
        "effect propos": -0.07177153821172445, 
        "real time": 0.09923733855117288, 
        "n gram": 0.11717864366074095, 
        "vector machin": -0.07918623484661644, 
        "mean squar": -0.03298420197376051, 
        "posit neg": 0.0777623621715606, 
        "power plant": 0.032208784186196535, 
        "supervis learn": -0.04662480312814087, 
        "upper bound": -0.024219148023365188, 
        "k mean": 0.015243708419664832, 
        "hidden layer": -0.13939977028522763, 
        "support vector": -0.07680267979053017, 
        "decis tree": -0.010560530351239295, 
        "k nearest": -0.008155516171052245, 
        "state art": -0.01649269104962693, 
        "fault diagnosi": -0.00821712751763353, 
        "set theori": -0.08853059590284215, 
        "kalman filter": -0.014492750348562735, 
        "wide use": 0.02214399775697687, 
        "high level": 0.16023606379532307, 
        "inequ lmi": -0.06194449878194899, 
        "paper propos": 0.05705213282403734, 
        "data mine": 0.07021633520412042, 
        "back propag": -0.01695375176928714, 
        "ls svm": 0.04862544724314111, 
        "larg number": 0.09527138067464752, 
        "show propos": -0.10504381600118401, 
        "larg amount": 0.16217374045652252, 
        "web page": 0.0844845717851188, 
        "suffici condit": -0.14916292391730473, 
        "section titl": -0.24610352762384233, 
        "markov model": 0.007658317418893295, 
        "network ann": 0.005245423047822168, 
        "co occurr": 0.009679620490777646, 
        "amino acid": -0.018659555067812954, 
        "control system": -0.2369261836512669, 
        "learn algorithm": 0.07753202447399372, 
        "precis recal": 0.14832176591270704, 
        "close loop": -0.07696333107072816, 
        "extrem learn": 0.003258664978355217, 
        "result demonstr": 0.04156078115386384, 
        "fals posit": 0.26072623744973145, 
        "decis make": 0.10768364440504653, 
        "ant coloni": -0.011419764997527657, 
        "semi supervis": -0.08146927571606, 
        "time consum": 0.051069208987734135, 
        "genet algorithm": -0.17961138981245078, 
        "present novel": 0.05684754255842736, 
        "social media": 0.19788644977326234, 
        "pre process": 0.037065034763343135, 
        "paper introduc": -0.012774112357397446, 
        "propos method": -0.15238603520455204, 
        "train data": 0.01710060256825936, 
        "spatio tempor": 0.05199258123947852, 
        "h sub": -0.08769540192774022, 
        "result show": -0.005849812723381026, 
        "contain section": -0.24610352762384233, 
        "pid control": -0.10770926220164241, 
        "take account": 0.08195225711543687, 
        "princip compon": -0.0005670300251933774, 
        "predict accuraci": 0.0998782474230056, 
        "associ rule": -0.0854266662427113, 
        "breast cancer": 0.032413129613240596, 
        "knowledg discoveri": 0.009122205372412616, 
        "prior knowledg": 0.010441317873236804, 
        "ground truth": 0.09185752019129854, 
        "featur vector": -0.006338040253478514, 
        "simul result": -0.1549174063647027, 
        "time vari": -0.1428087079731954, 
        "propos algorithm": -0.13875190428405254, 
        "current committe": 0.015824557289062912, 
        "rule base": -0.04915124509138913, 
        "decis maker": 0.08646564419044424, 
        "new approach": -0.07441377183789719, 
        "sup sup": -0.051678347689338294, 
        "recommend system": 0.18504368739260288, 
        "gaussian mixtur": -0.022153443424988557, 
        "real world": 0.07173092435017664, 
        "wide rang": 0.19915533210186306, 
        "e commerc": 0.16880553596121045, 
        "swarm optim": -0.17480350420565977, 
        "matrix inequ": -0.10302886674903423, 
        "propos new": -0.13281224413818185,