{
    "26": {
        "self organ": -0.03038491296122634, 
        "time delay": -0.13729630742541896, 
        "high accuraci": 0.12187796413206632, 
        "new method": -0.021912356279774767, 
        "linear discrimin": 0.08998299227723926, 
        "convolut neural": 0.11014270734690498, 
        "social network": 0.10503401509955798, 
        "deep learn": 0.06326233963468432, 
        "take advantag": 0.10948041716534603, 
        "anomali detect": 0.1701609826064024, 
        "learn techniqu": 0.08753830906575764, 
        "inform retriev": -0.028355709256358642, 
        "magnet reson": 0.12821628514712236, 
        "remot sens": -0.05165490740923688, 
        "compon analysi": 0.0450267455366008, 
        "previou work": 0.01379774909963485, 
        "case studi": 0.050481787577272945, 
        "p p": 0.136465317781654, 
        "big data": 0.018635866075945456, 
        "np hard": -0.017633002593176492, 
        "reinforc learn": -0.1459869264737236, 
        "comput vision": 0.042332107587632346, 
        "experi show": -0.04929105772513414, 
        "least squar": -0.021187475882480385, 
        "data collect": 0.09205644895359175, 
        "fault toler": -0.004909895930921476, 
        "short term": -0.02300828661911723, 
        "featur select": 0.08888198560378571, 
        "fold cross": 0.12264973015441383, 
        "similar measur": -0.06643972463733712, 
        "propos novel": 0.08237572952923597, 
        "analysi pca": 0.09251419139395164, 
        "present new": -0.029547409801232008, 
        "classif accuraci": 0.13508361167457816, 
        "e g": 0.14645174135547895, 
        "kernel function": 0.081240136494941, 
        "sub sub": -0.1819830309554369, 
        "bayesian network": -0.1155911677504271, 
        "paper describ": 0.011055035789077095, 
        "fals alarm": 0.14492914611641242, 
        "result obtain": 0.023629074444843395, 
        "good perform": 0.03237989286971375, 
        "commonli use": 0.14407670698806077, 
        "petri net": -0.007341445644200808, 
        "method base": -0.039785547425832395, 
        "hidden node": 0.08006233062851015, 
        "licens plate": 0.010492223235362442, 
        "learn method": 0.09482548481802269, 
        "import role": -0.01758435737845328, 
        "black box": 0.060621465245741926, 
        "basi function": 0.07698243719726536, 
        "facial express": 0.09776212108672555, 
        "propos approach": 0.06517853311164942, 
        "gradient descent": -0.042807796990173196, 
        "proceed record": 0.0, 
        "real life": 0.14323259638939692, 
        "result indic": -0.011092232255384148, 
        "chapter contain": -0.29148456238362214, 
        "improv perform": 0.05385252318360871, 
        "low level": 0.11839040762956327, 
        "comput complex": -0.05291732507919845, 
        "experi result": -0.029607041351754376, 
        "recent year": 0.09982387846985916, 
        "sentiment analysi": 0.1940448005765604, 
        "learn approach": 0.1266723620540262, 
        "mont carlo": -0.02802430464377384, 
        "naiv bay": 0.1612988520250008, 
        "cluster algorithm": -0.007957925610434556, 
        "suppli chain": -0.07752073616020332, 
        "intuitionist fuzzi": 0.024303137193903805, 
        "mobil robot": -0.025689802070372275, 
        "demonstr effect": 0.014627644718375856, 
        "confer proceed": -0.3202241041546733, 
        "train sampl": 0.15397747020940375, 
        "improv accuraci": 0.07846282975765044, 
        "maximum likelihood": -0.023491580019527034, 
        "paper present": -0.009417908596230954, 
        "gene express": 0.04314626188998984, 
        "search engin": 0.020695182187692042, 
        "experiment result": 0.02618374090649152, 
        "mobil devic": 0.15965047598016688, 
        "web servic": -0.09269841767727847, 
        "face recognit": -0.09771856159622566, 
        "non neg": 0.25017966924190405, 
        "train set": 0.23025224229753904, 
        "fuzzi logic": -0.1174852826947796, 
        "machin elm": 0.04937614495265472, 
        "ad hoc": 0.09594793870388585, 
        "particl swarm": -0.08118255168213066, 
        "effect propos": -0.06873801660213745, 
        "real time": 0.05958018951643407, 
        "n gram": 0.11545694755295913, 
        "vector machin": 0.1077119016165305, 
        "mean squar": -0.03619088763222016, 
        "posit neg": 0.34251818046657695, 
        "power plant": -0.12552300497013627, 
        "supervis learn": 0.21624635777675147, 
        "upper bound": 0.07470047767897592, 
        "k mean": -0.012726570192490452, 
        "hidden layer": 0.0057723404241300244, 
        "support vector": 0.09700318911201666, 
        "decis tree": 0.07231134473320068, 
        "k nearest": 0.13196359627159251, 
        "state art": 0.13568419868105797, 
        "fault diagnosi": -0.2432832264071591, 
        "set theori": -0.15829945013719832, 
        "kalman filter": -0.04885258454377773, 
        "wide use": 0.08012619172464434, 
        "high level": 0.10370186207264313, 
        "inequ lmi": 0.036139147030013065, 
        "paper propos": 0.05396607813928047, 
        "data mine": 0.007376488403567417, 
        "back propag": -0.012301339928902378, 
        "ls svm": 0.05083529507327814, 
        "larg number": 0.09520792127485303, 
        "show propos": 0.016608664477280193, 
        "larg amount": 0.0624269131937286, 
        "web page": -0.055977091623056335, 
        "suffici condit": -0.25820681047189653, 
        "section titl": -0.2943092119632422, 
        "markov model": 0.04480867530903399, 
        "network ann": 0.0903879986164294, 
        "co occurr": -0.06124379624920586, 
        "amino acid": 0.09492003839336395, 
        "control system": -0.3103219129772876, 
        "learn algorithm": 0.11646572278824471, 
        "precis recal": 0.12169216149447341, 
        "close loop": -0.16159634783759844, 
        "extrem learn": 0.05382675441096457, 
        "result demonstr": 0.09147220278372802, 
        "fals posit": 0.4021576038444808, 
        "decis make": -0.09677404433234954, 
        "ant coloni": -0.08765659522740395, 
        "semi supervis": 0.18953439913124442, 
        "time consum": 0.14943588520489548, 
        "genet algorithm": -0.11925427359504835, 
        "present novel": 0.03220015411007922, 
        "social media": 0.13190861691294734, 
        "pre process": 0.06716218131610702, 
        "paper introduc": 0.0354942482527329, 
        "propos method": 0.020953638386652762, 
        "train data": 0.14189105145626263, 
        "spatio tempor": 0.15244634934068274, 
        "h sub": -0.09340601947247167, 
        "result show": 0.012171829303970481, 
        "contain section": -0.2943092119632422, 
        "pid control": -0.10092840453286886, 
        "take account": 0.061304619949753406, 
        "princip compon": 0.032256861766406894, 
        "predict accuraci": 0.1148615949558359, 
        "associ rule": -0.19903545264232014, 
        "breast cancer": 0.06548749308031175, 
        "knowledg discoveri": 0.018613837285782975, 
        "prior knowledg": 0.06018351525888723, 
        "ground truth": 0.18916629384856412, 
        "featur vector": 0.04778874986718456, 
        "simul result": -0.18584161044739766, 
        "time vari": -0.17109707621676837, 
        "propos algorithm": 0.015050976200736496, 
        "current committe": 0.0, 
        "rule base": 0.011000569818539044, 
        "decis maker": -0.054944979021705254, 
        "new approach": 0.04842954128540687, 
        "sup sup": -0.05446388709854057, 
        "recommend system": -0.04761878719538237, 
        "gaussian mixtur": 0.10855300072737865, 
        "real world": 0.1278784085796806, 
        "wide rang": 0.08727202186893768, 
        "e commerc": -0.0016996273890196641, 
        "swarm optim": -0.08843996702334525, 
        "matrix inequ": -0.08959755292767592, 
        "propos new": 0.03159650807509066, 
        "non stationari": 0.06096226222205684,