{
    "27": {
        "self organ": 0.05372256967408104, 
        "time delay": -0.06937782601792535, 
        "high accuraci": 0.07417142654889812, 
        "new method": -0.028913605834824333, 
        "linear discrimin": 0.12767809590935697, 
        "convolut neural": 0.1587610694405433, 
        "social network": 0.19234653443025743, 
        "deep learn": 0.09237573175798716, 
        "take advantag": 0.06683729516751871, 
        "anomali detect": 0.00998135354010718, 
        "learn techniqu": 0.13104647834909333, 
        "inform retriev": 0.1701697048776073, 
        "magnet reson": 0.14186181138890638, 
        "remot sens": 0.04137770331593082, 
        "compon analysi": 0.1310432684687059, 
        "previou work": 0.12662582187415014, 
        "case studi": 0.011111327533050582, 
        "p p": 0.1108694409579952, 
        "big data": 0.025701263449061065, 
        "np hard": -0.00866281412129535, 
        "reinforc learn": -0.08632320960675584, 
        "comput vision": 0.07259070816541681, 
        "experi show": 0.12699832137489714, 
        "least squar": -0.016297306792289877, 
        "data collect": 0.11704953167948397, 
        "fault toler": -0.05321034495013352, 
        "short term": 0.0057339451108565295, 
        "featur select": 0.09176673578507116, 
        "fold cross": 0.19727337852649926, 
        "similar measur": 0.06863363968607068, 
        "propos novel": 0.09320557451875758, 
        "analysi pca": 0.16159737468045637, 
        "present new": 0.04121802797988472, 
        "classif accuraci": 0.23340163303143904, 
        "e g": 0.135783578122899, 
        "kernel function": 0.06354514143417993, 
        "sub sub": -0.08289437732948471, 
        "bayesian network": 0.0926458207304048, 
        "paper describ": 0.07513453472776475, 
        "fals alarm": 0.09386984785857717, 
        "result obtain": 0.07191529240325192, 
        "good perform": 0.05252433653448778, 
        "commonli use": 0.13248442806910685, 
        "petri net": -0.015424235646992721, 
        "method base": -0.0015429919040499977, 
        "hidden node": 0.07023922307814238, 
        "licens plate": 0.05956360727651581, 
        "learn method": 0.07240898470187268, 
        "import role": 0.05308017292428711, 
        "black box": -0.01132494514528638, 
        "basi function": 0.06190026720358435, 
        "facial express": 0.25493328300785284, 
        "propos approach": 0.014127638515065441, 
        "gradient descent": 0.0022755938443354135, 
        "proceed record": 0.0, 
        "real life": 0.12846051176017653, 
        "result indic": 0.013800941919832097, 
        "chapter contain": -0.31037295588205954, 
        "improv perform": -0.00940665091061726, 
        "low level": 0.26357523355363954, 
        "comput complex": 0.09041521156965633, 
        "experi result": 0.024819270274773993, 
        "recent year": 0.10279822692993724, 
        "sentiment analysi": 0.115727793152785, 
        "learn approach": 0.0742174947262589, 
        "mont carlo": -0.03014755722574308, 
        "naiv bay": 0.2174297751201636, 
        "cluster algorithm": 0.05981781251307573, 
        "suppli chain": -0.1650718475363782, 
        "intuitionist fuzzi": -0.08258302279607962, 
        "mobil robot": 0.041429813677746986, 
        "demonstr effect": 0.0014477585939038878, 
        "confer proceed": -0.415564938879922, 
        "train sampl": 0.04085446977400591, 
        "improv accuraci": 0.11300925754746702, 
        "maximum likelihood": 0.14403298408876608, 
        "paper present": 0.046455972412554745, 
        "gene express": 0.07999434903623957, 
        "search engin": 0.16107375134534982, 
        "experiment result": -0.016630362714323943, 
        "mobil devic": 0.19971932276210977, 
        "web servic": 0.024848854378138337, 
        "face recognit": 0.15913037981657957, 
        "non neg": 0.19732466066815987, 
        "train set": 0.13451386283026182, 
        "fuzzi logic": -0.09151770767963983, 
        "machin elm": 0.012302776724197703, 
        "ad hoc": -0.011994277995656187, 
        "particl swarm": -0.030225323574521814, 
        "effect propos": -0.06702736362697174, 
        "real time": 0.008163084030343572, 
        "n gram": 0.22325679643371055, 
        "vector machin": 0.06398393252140513, 
        "mean squar": 0.0006358549094915727, 
        "posit neg": 0.1658716148100208, 
        "power plant": -0.04424469312469748, 
        "supervis learn": 0.08795640215688708, 
        "upper bound": -0.01954784971347206, 
        "k mean": 0.05948436254118399, 
        "hidden layer": 0.025381282838006947, 
        "support vector": 0.059728120749290535, 
        "decis tree": 0.04757680092362502, 
        "k nearest": 0.1721621680652409, 
        "state art": 0.11001298843233151, 
        "fault diagnosi": 0.04558413511190093, 
        "set theori": -0.04782070320575524, 
        "kalman filter": 0.034817970953019306, 
        "wide use": 0.08266654120951496, 
        "high level": 0.16156790397380583, 
        "inequ lmi": -0.07046363013968314, 
        "paper propos": 0.03455176981885857, 
        "data mine": -0.013730539446545665, 
        "back propag": 0.06134797726529112, 
        "ls svm": 0.06032277792035489, 
        "larg number": 0.10400203239421324, 
        "show propos": 0.030421960978350565, 
        "larg amount": 0.16785865456552415, 
        "web page": 0.09774597838673299, 
        "suffici condit": -0.19967278617373801, 
        "section titl": -0.3127059394032479, 
        "markov model": 0.24737990236132865, 
        "network ann": 0.12607644130174886, 
        "co occurr": 0.19302013412840932, 
        "amino acid": 0.048289052923427354, 
        "control system": -0.08754108389985897, 
        "learn algorithm": -0.02455369801772026, 
        "precis recal": 0.18260574557080467, 
        "close loop": -0.17777868467415714, 
        "extrem learn": -0.050494385806654024, 
        "result demonstr": 0.019489237287782457, 
        "fals posit": 0.13549458742040105, 
        "decis make": -0.018446630034441625, 
        "ant coloni": -0.06110506784346256, 
        "semi supervis": 0.03679380437595656, 
        "time consum": 0.06495300797107406, 
        "genet algorithm": -0.1420593077078554, 
        "present novel": 0.07112818021050599, 
        "social media": 0.1435341113466429, 
        "pre process": 0.1960654840870908, 
        "paper introduc": 0.01694932428178402, 
        "propos method": -0.0023767070745990258, 
        "train data": 0.16308787574374334, 
        "spatio tempor": 0.06744786515030748, 
        "h sub": -0.15051371121025287, 
        "result show": 0.03302128664256587, 
        "contain section": -0.3127059394032479, 
        "pid control": -0.11926053213187607, 
        "take account": 0.14014795113781378, 
        "princip compon": 0.09551522237208615, 
        "predict accuraci": 0.07312789775093027, 
        "associ rule": -0.07543825079510579, 
        "breast cancer": 0.09708970162589972, 
        "knowledg discoveri": 0.04055199567721001, 
        "prior knowledg": 0.10601635804970926, 
        "ground truth": 0.25017965371585743, 
        "featur vector": 0.18065566782765252, 
        "simul result": -0.15377295468563773, 
        "time vari": -0.011864562235924522, 
        "propos algorithm": -0.024014600786057945, 
        "current committe": 0.0, 
        "rule base": 0.03391496437376818, 
        "decis maker": -0.03053969967426977, 
        "new approach": 0.04849694448302489, 
        "sup sup": -0.0448677711695392, 
        "recommend system": 0.15544812903659289, 
        "gaussian mixtur": 0.21103645439638896, 
        "real world": 0.10041725650902988, 
        "wide rang": 0.1274970147934459, 
        "e commerc": 0.0979599097030516, 
        "swarm optim": -0.05658756718633481, 
        "matrix inequ": -0.1276559804765775, 
        "propos new": 0.009618265690448973, 
        "non stationari": 0.19714120466118099,