{
    "28": {
        "self organ": 0.09777714487757976, 
        "time delay": -0.039122782343799435, 
        "high accuraci": 0.03655160982183239, 
        "new method": -0.041111095978958304, 
        "linear discrimin": -0.03169904676700055, 
        "convolut neural": -0.0052101305228789245, 
        "social network": 0.051086128317601696, 
        "deep learn": 0.07263116065640303, 
        "take advantag": 0.11596602367514076, 
        "anomali detect": 0.03577832483032929, 
        "learn techniqu": 0.08733456393211954, 
        "inform retriev": -0.014750502687298817, 
        "magnet reson": 0.073251907980761, 
        "remot sens": 0.2043819320864924, 
        "compon analysi": 0.04414137371754133, 
        "previou work": 0.05086283078465815, 
        "case studi": 0.11001947595625003, 
        "p p": 0.23599397117479293, 
        "big data": 0.13666619014057213, 
        "np hard": 0.09299428968512977, 
        "reinforc learn": -0.02914450116680714, 
        "comput vision": 0.1266955795340352, 
        "experi show": -0.05043833029527835, 
        "least squar": -0.032602870507306855, 
        "data collect": 0.15587515296878873, 
        "fault toler": 0.00036765855120243426, 
        "short term": 0.0267538307074758, 
        "featur select": 0.04143908983364017, 
        "fold cross": 0.11131318389237593, 
        "similar measur": -0.08666679768141623, 
        "propos novel": 0.04461375597242415, 
        "analysi pca": 0.09982555411533407, 
        "present new": -0.058431180087454945, 
        "classif accuraci": -0.021770998415234017, 
        "e g": 0.21598288967223844, 
        "kernel function": 0.07109796633118091, 
        "sub sub": -0.06349646307427838, 
        "bayesian network": 0.05405270801038713, 
        "paper describ": 0.047365234326498494, 
        "fals alarm": 0.08374537487773182, 
        "result obtain": 0.09479805018995957, 
        "good perform": 0.00842262715878339, 
        "commonli use": 0.11019084323932049, 
        "petri net": 0.1403177102222831, 
        "method base": -0.008985557619623035, 
        "hidden node": 0.061000300876237395, 
        "licens plate": 0.047592364299685976, 
        "learn method": 0.0578371631046346, 
        "import role": 0.09241521802345912, 
        "black box": 0.015269576025782465, 
        "basi function": 0.0015978859306815425, 
        "facial express": 0.0009467765758710452, 
        "propos approach": 0.018140982907946086, 
        "gradient descent": -0.046849440330531344, 
        "proceed record": 0.0, 
        "real life": 0.029425307790335378, 
        "result indic": 0.016392489333296942, 
        "chapter contain": -0.23334393213075816, 
        "improv perform": -0.045540787441008576, 
        "low level": 0.02166503809983012, 
        "comput complex": 0.018052430455815484, 
        "experi result": -0.1446277678801762, 
        "recent year": 0.04350767556462568, 
        "sentiment analysi": 0.10847202456117445, 
        "learn approach": 0.10466405867820419, 
        "mont carlo": 0.012570223273502493, 
        "naiv bay": 0.11793269954853988, 
        "cluster algorithm": -0.0005356023685817114, 
        "suppli chain": 0.11965394680413938, 
        "intuitionist fuzzi": -0.0765007359261741, 
        "mobil robot": -0.023054028432586735, 
        "demonstr effect": -0.014320233566251103, 
        "confer proceed": -0.21906098755183, 
        "train sampl": 0.010192893275076248, 
        "improv accuraci": 0.06250294263457938, 
        "maximum likelihood": 0.09630227293298033, 
        "paper present": -0.004789521436431001, 
        "gene express": 0.06436944837359232, 
        "search engin": -0.08472342811716872, 
        "experiment result": -0.06733467363241953, 
        "mobil devic": 0.12526926741215336, 
        "web servic": 0.05691744287361801, 
        "face recognit": -0.13865687066556526, 
        "non neg": 0.04991622732665495, 
        "train set": -0.02907627034886122, 
        "fuzzi logic": 0.0016305454382230236, 
        "machin elm": -0.00041135021658770567, 
        "ad hoc": 0.05972495017163881, 
        "particl swarm": -0.03680111085367106, 
        "effect propos": -0.036238590846372216, 
        "real time": 0.03593748701633232, 
        "n gram": -0.007207835852771828, 
        "vector machin": -0.0066023775518285225, 
        "mean squar": 0.04618239717763225, 
        "posit neg": 0.15233997094713475, 
        "power plant": 0.0394769918066229, 
        "supervis learn": 0.09864569540597375, 
        "upper bound": 0.0646236642295618, 
        "k mean": 0.08658264429754146, 
        "hidden layer": 0.02616853459095414, 
        "support vector": 0.007696571042970817, 
        "decis tree": 0.016390530091004184, 
        "k nearest": 0.09216753315404383, 
        "state art": 0.022752812712930004, 
        "fault diagnosi": 0.05485651977999735, 
        "set theori": -0.0954150957088345, 
        "kalman filter": -0.0005068393342032356, 
        "wide use": 0.07518649736014898, 
        "high level": 0.07972422728058313, 
        "inequ lmi": -0.10792000710268544, 
        "paper propos": 0.0021890041514561996, 
        "data mine": 0.024762143209126414, 
        "back propag": 0.09448212731814713, 
        "ls svm": 0.009986630866147022, 
        "larg number": 0.11785298135378845, 
        "show propos": -0.01276116230010146, 
        "larg amount": 0.18613369581000272, 
        "web page": -0.05091834319280675, 
        "suffici condit": -0.25192173211813684, 
        "section titl": -0.23395008444888798, 
        "markov model": 0.04549634727847033, 
        "network ann": 0.11025708971498979, 
        "co occurr": -0.01733258538372975, 
        "amino acid": 0.01342875118037358, 
        "control system": -0.016826306560615546, 
        "learn algorithm": 0.008902999926513581, 
        "precis recal": 0.13320028355778563, 
        "close loop": -0.14255455656654945, 
        "extrem learn": -0.00676207611312212, 
        "result demonstr": -0.0027517236636035594, 
        "fals posit": 0.10092803621140203, 
        "decis make": 0.1041196997262053, 
        "ant coloni": -0.008179111053532898, 
        "semi supervis": 0.09620344087119352, 
        "time consum": 0.1408694348990628, 
        "genet algorithm": 0.0069971151358277466, 
        "present novel": -0.01780572235756533, 
        "social media": 0.12199968704613516, 
        "pre process": 0.1723677280671536, 
        "paper introduc": -0.0357987577876729, 
        "propos method": -0.05042791843860876, 
        "train data": 0.02263891516425125, 
        "spatio tempor": -0.04801959915990182, 
        "h sub": -0.16299195257765078, 
        "result show": -0.015151979487903446, 
        "contain section": -0.23395008444888798, 
        "pid control": -0.07417521189820966, 
        "take account": 0.11758849434498934, 
        "princip compon": 0.0739438595822181, 
        "predict accuraci": 0.10476571459596414, 
        "associ rule": -0.07467313357952104, 
        "breast cancer": 0.1652578406980212, 
        "knowledg discoveri": 0.14041481844460463, 
        "prior knowledg": 0.07973001066583639, 
        "ground truth": 0.08337686158374694, 
        "featur vector": 0.017977166151516913, 
        "simul result": -0.06169032170075897, 
        "time vari": -0.08508601050011191, 
        "propos algorithm": -0.077345777516229, 
        "current committe": 0.0, 
        "rule base": 0.04504338944522994, 
        "decis maker": 0.02224313251762048, 
        "new approach": -0.02369832174523765, 
        "sup sup": -0.0017593563760647437, 
        "recommend system": 0.15113386295711145, 
        "gaussian mixtur": -0.043837100086104676, 
        "real world": -0.022662497426995613, 
        "wide rang": 0.10164060200219224, 
        "e commerc": 0.16860656295208332, 
        "swarm optim": -0.027971878628400604, 
        "matrix inequ": -0.23170191587563974, 
        "propos new": -0.02413036354822564, 
        "non stationari": 0.06668993666214462,