{
    "29": {
        "self organ": 0.0730188668286569, 
        "time delay": -0.10863930774634964, 
        "high accuraci": 0.03146247315766847, 
        "new method": -0.0060298970087791295, 
        "linear discrimin": 0.13134579514509948, 
        "convolut neural": 0.07121730106034974, 
        "social network": -0.041575958492937305, 
        "deep learn": 0.07219987761525234, 
        "take advantag": 0.11951594442037744, 
        "anomali detect": 0.14343408558579188, 
        "learn techniqu": -0.017252527148070348, 
        "inform retriev": 0.007132988003960236, 
        "magnet reson": 0.11308417051389119, 
        "remot sens": 0.1034668068959657, 
        "compon analysi": -0.012052795732798844, 
        "previou work": 0.050899415016565884, 
        "case studi": -0.07003808242163988, 
        "p p": 0.18856315788070185, 
        "big data": -0.03978895341442094, 
        "np hard": -0.00975810229669494, 
        "reinforc learn": 0.030327679378177874, 
        "comput vision": 0.11948831102226684, 
        "experi show": -0.07725455590127453, 
        "least squar": -0.012580927600082602, 
        "data collect": 0.02083787661658247, 
        "fault toler": 0.05345120700617301, 
        "short term": -0.05709105447396721, 
        "featur select": 0.05459310767232092, 
        "fold cross": 0.0901479976799532, 
        "similar measur": 0.1267903817478673, 
        "propos novel": -0.015586030232318146, 
        "analysi pca": 0.09437297615858503, 
        "present new": 0.02686047000283222, 
        "classif accuraci": 0.11071593845820887, 
        "e g": 0.11052004765367072, 
        "kernel function": 0.1227865211698377, 
        "sub sub": -0.06381208192896738, 
        "bayesian network": 0.0038769423130678264, 
        "paper describ": -0.03842748639319529, 
        "fals alarm": 0.05213708583589029, 
        "result obtain": 0.06316546973279101, 
        "good perform": 0.11118200270612404, 
        "commonli use": 0.12542379176606996, 
        "petri net": 0.010415592592313982, 
        "method base": -0.011614373594104941, 
        "hidden node": 0.12712384191855866, 
        "licens plate": 0.051643385925892016, 
        "learn method": 0.03150332766448641, 
        "import role": 0.023360146808665917, 
        "black box": 0.16850974907389785, 
        "basi function": 0.056236280527437635, 
        "facial express": 0.1250608060776197, 
        "propos approach": 0.044047208591884386, 
        "gradient descent": -0.02788033107624673, 
        "proceed record": 0.19104339255703426, 
        "real life": 0.08100787362851608, 
        "result indic": -0.01333678388773686, 
        "chapter contain": -0.15478125716228908, 
        "improv perform": -0.058412058768870095, 
        "low level": 0.13672435297430605, 
        "comput complex": -0.02551991452503303, 
        "experi result": 0.019433348015527586, 
        "recent year": 0.024036356939630348, 
        "sentiment analysi": -0.034489675201515135, 
        "learn approach": 0.015463878157367765, 
        "mont carlo": 0.01755303674700032, 
        "naiv bay": 0.027062477511055904, 
        "cluster algorithm": 0.012796239934484083, 
        "suppli chain": -0.07932964239188375, 
        "intuitionist fuzzi": -0.022437290591239407, 
        "mobil robot": 0.1309798763033894, 
        "demonstr effect": 0.09369536340060457, 
        "confer proceed": -0.17583729697369566, 
        "train sampl": 0.036820916830769955, 
        "improv accuraci": 0.07855219621298319, 
        "maximum likelihood": 0.0554350411049839, 
        "paper present": 0.031148097066835502, 
        "gene express": 0.04041543728896837, 
        "search engin": -0.005436509972657631, 
        "experiment result": 0.028076217921488168, 
        "mobil devic": 0.05610638035256119, 
        "web servic": 0.030811044413287487, 
        "face recognit": 0.19251907112936506, 
        "non neg": 0.07820411021899491, 
        "train set": 0.059698719898184524, 
        "fuzzi logic": -0.045559470762080036, 
        "machin elm": 0.02125526915716373, 
        "ad hoc": 0.08988399517878573, 
        "particl swarm": -0.12161371264380427, 
        "effect propos": -0.042554032654278144, 
        "real time": -0.039919152223068674, 
        "n gram": 0.09943641454708745, 
        "vector machin": 0.02765615233084903, 
        "mean squar": -0.06721325083560645, 
        "posit neg": 0.11170684017727597, 
        "power plant": -0.02583145413641825, 
        "supervis learn": 0.0868167557750541, 
        "upper bound": 0.10374815509011263, 
        "k mean": 0.09729370358371671, 
        "hidden layer": -0.01811499434847047, 
        "support vector": 0.04318914213502452, 
        "decis tree": 0.04160062737809021, 
        "k nearest": 0.09465352760237716, 
        "state art": 0.09511079192173631, 
        "fault diagnosi": -0.03290102817044713, 
        "set theori": 0.0946084672637604, 
        "kalman filter": -0.01872145627451445, 
        "wide use": 0.03862730872916814, 
        "high level": 0.02379149699931773, 
        "inequ lmi": -0.01568568227529428, 
        "paper propos": 0.005365598266167183, 
        "data mine": 0.06192587462923873, 
        "back propag": 0.08455105382883388, 
        "ls svm": 0.10644760134162852, 
        "larg number": 0.00017499774235640842, 
        "show propos": -0.026208492954558744, 
        "larg amount": -0.061765179226497206, 
        "web page": -0.011639183325169604, 
        "suffici condit": -0.10520779955021069, 
        "section titl": -0.15449506271058394, 
        "markov model": 0.09283756854050296, 
        "network ann": 0.06787501234384748, 
        "co occurr": 0.07219251050363129, 
        "amino acid": 0.08651371938620152, 
        "control system": -0.19289646580576764, 
        "learn algorithm": 0.03944895900481071, 
        "precis recal": 0.03992921877807034, 
        "close loop": -0.020257712291220222, 
        "extrem learn": -0.021361400532436247, 
        "result demonstr": 0.07393041568567149, 
        "fals posit": 0.055980424470791955, 
        "decis make": 0.0029537744911393533, 
        "ant coloni": -0.0012596983684870894, 
        "semi supervis": 0.08330539373192399, 
        "time consum": 0.09571774315526423, 
        "genet algorithm": -0.0947158508401291, 
        "present novel": 0.0781652171149225, 
        "social media": -0.0052533145895679745, 
        "pre process": 0.17505666484156748, 
        "paper introduc": -0.05345210096995637, 
        "propos method": -0.004167169645248701, 
        "train data": 0.08064690697264199, 
        "spatio tempor": 0.11889500891526351, 
        "h sub": -0.03244367203198159, 
        "result show": -0.02492846749851677, 
        "contain section": -0.15449506271058394, 
        "pid control": -0.04472855581867009, 
        "take account": 0.1069140131939186, 
        "princip compon": 0.030907881209781163, 
        "predict accuraci": 0.00876846595901571, 
        "associ rule": 0.0344077467855543, 
        "breast cancer": 0.07010836591195527, 
        "knowledg discoveri": 0.018890000330469125, 
        "prior knowledg": 0.05779069861484194, 
        "ground truth": 0.17327054329750916, 
        "featur vector": 0.09538508089502264, 
        "simul result": -0.14556912919233797, 
        "time vari": -0.0697904970638715, 
        "propos algorithm": -0.017278128417884155, 
        "current committe": 0.0, 
        "rule base": 0.11328381924033325, 
        "decis maker": 0.04490044820647875, 
        "new approach": 0.03360657979965554, 
        "sup sup": 0.02658173530463924, 
        "recommend system": 0.012027329087424299, 
        "gaussian mixtur": 0.05119549121454855, 
        "real world": 0.10258235801113044, 
        "wide rang": 0.13227972905065613, 
        "e commerc": 0.16831210012170714, 
        "swarm optim": -0.10487509514457631, 
        "matrix inequ": -0.03731252366171043, 
        "propos new": 0.03785162929394753,