{
    "2": {
        "self organ": 0.06887669660617345, 
        "time delay": -0.35269476834209484, 
        "high accuraci": 0.16161447925625608, 
        "new method": 0.00030579012323147473, 
        "linear discrimin": 0.1062886582268377, 
        "convolut neural": 0.01993235922777485, 
        "social network": 0.04563652923045596, 
        "deep learn": 0.027959056147611985, 
        "take advantag": 0.059213259023147564, 
        "anomali detect": 0.08701235069479234, 
        "learn techniqu": 0.15367692446482742, 
        "inform retriev": -0.061294962914838255, 
        "magnet reson": 0.01481911735630566, 
        "remot sens": 0.14341183480288994, 
        "compon analysi": 0.06451193770737641, 
        "previou work": 0.04138427974545726, 
        "case studi": 0.033550346202427785, 
        "p p": 0.14405811315610534, 
        "big data": 0.01377440288054808, 
        "np hard": -0.0054268130005983815, 
        "reinforc learn": -0.20421245807879587, 
        "comput vision": 0.005288727000247096, 
        "experi show": 0.05340601123787068, 
        "least squar": 0.0005685684781779996, 
        "data collect": 0.15988591665517793, 
        "fault toler": -0.1736590060613378, 
        "short term": 0.04255097972223606, 
        "featur select": 0.23364149839967915, 
        "fold cross": 0.31022659656888485, 
        "similar measur": -0.04351732416171551, 
        "propos novel": 0.10270952490378758, 
        "analysi pca": 0.16004112191750303, 
        "present new": 0.0359314500861279, 
        "classif accuraci": 0.2867914909628336, 
        "e g": 0.09238534410448447, 
        "kernel function": 0.054115005360376216, 
        "sub sub": -0.29353474189243206, 
        "bayesian network": 0.14664103356624478, 
        "paper describ": -0.04852805855510233, 
        "fals alarm": 0.13306920291558177, 
        "result obtain": 0.14779020328368567, 
        "good perform": 0.07086160058988666, 
        "commonli use": 0.13865563056161156, 
        "petri net": -0.35113411065041733, 
        "method base": 0.05076733254522274, 
        "hidden node": 0.19561016597722736, 
        "licens plate": -0.14428239444382537, 
        "learn method": 0.19778626746908642, 
        "import role": 0.030045010213210977, 
        "black box": 0.05473214914229713, 
        "basi function": 0.04960811926693709, 
        "facial express": -0.002587982198421473, 
        "propos approach": 0.07772969829629747, 
        "gradient descent": -0.09003600416743579, 
        "proceed record": 0.0, 
        "real life": 0.10084481193807877, 
        "result indic": 0.052686407161957265, 
        "chapter contain": -0.6144433304132718, 
        "improv perform": 0.11390516251327636, 
        "low level": 0.059633235305929996, 
        "comput complex": 0.0832900244704942, 
        "experi result": 0.013965519400532082, 
        "recent year": 0.03274323591891917, 
        "sentiment analysi": 0.13526631030316433, 
        "learn approach": 0.141775661083153, 
        "mont carlo": -0.03369818787145584, 
        "naiv bay": 0.3566683635591649, 
        "cluster algorithm": 0.04651101298041341, 
        "suppli chain": -0.3218566781505088, 
        "intuitionist fuzzi": -0.19808754451163277, 
        "mobil robot": -0.14899002001565603, 
        "demonstr effect": -0.04790139231718721, 
        "confer proceed": -0.8164995743661075, 
        "train sampl": 0.14306219249487093, 
        "improv accuraci": 0.20257472811046986, 
        "maximum likelihood": 0.0336813672456085, 
        "paper present": 0.035759750334408175, 
        "gene express": 0.17345677928324257, 
        "search engin": -0.03354218834518699, 
        "experiment result": 0.09945354546837187, 
        "mobil devic": -0.0031732049952973664, 
        "web servic": -0.18732254870817194, 
        "face recognit": -0.04177967314628786, 
        "non neg": -0.1074958331929453, 
        "train set": 0.25977007778137834, 
        "fuzzi logic": -0.13915179172403125, 
        "machin elm": -0.0011826191928673326, 
        "ad hoc": -0.0003681738136318202, 
        "particl swarm": -0.06625670768200495, 
        "effect propos": -0.054460133595568255, 
        "real time": 0.02941161853066659, 
        "n gram": 0.06371490877314614, 
        "vector machin": 0.18705555020997544, 
        "mean squar": 0.003388153389350073, 
        "posit neg": 0.17922046457005164, 
        "power plant": -0.1550845581812356, 
        "supervis learn": 0.17588907815884167, 
        "upper bound": -0.15270886219639426, 
        "k mean": 0.12018036992470539, 
        "hidden layer": 0.06419123414409508, 
        "support vector": 0.1820649325547637, 
        "decis tree": 0.4583313936171866, 
        "k nearest": 0.29978009744226125, 
        "state art": 0.14021303179388345, 
        "fault diagnosi": -0.03292804006895762, 
        "set theori": -0.006663484186039213, 
        "kalman filter": -0.111213306527116, 
        "wide use": 0.13095632515399, 
        "high level": 0.00360331951451456, 
        "inequ lmi": -0.19050948202869358, 
        "paper propos": 0.08459398449710069, 
        "data mine": 0.14281921233224554, 
        "back propag": 0.04330292998145239, 
        "ls svm": 0.05710475533514568, 
        "larg number": 0.1415777286416884, 
        "show propos": 0.11243197571445833, 
        "larg amount": 0.06167907094191683, 
        "web page": -0.0383419972243912, 
        "suffici condit": -0.5618153163029957, 
        "section titl": -0.6156299399315569, 
        "markov model": -0.023689415661040922, 
        "network ann": 0.11957394617640871, 
        "co occurr": 0.010444784180580743, 
        "amino acid": 0.06354794611077676, 
        "control system": -0.4008604968698127, 
        "learn algorithm": 0.18797772082450206, 
        "precis recal": 0.15847633100944308, 
        "close loop": -0.5508206342346416, 
        "extrem learn": 0.01832840760461414, 
        "result demonstr": 0.07889458227143134, 
        "fals posit": 0.18658725779373606, 
        "decis make": 0.03546059010791321, 
        "ant coloni": -0.11911016503053118, 
        "semi supervis": 0.08676923133172063, 
        "time consum": 0.12132244963088297, 
        "genet algorithm": -0.010985080188356436, 
        "present novel": 0.04558367274941338, 
        "social media": 0.05135071659257753, 
        "pre process": 0.14662926778971638, 
        "paper introduc": -0.004605217099088187, 
        "propos method": 0.07964424964241062, 
        "train data": 0.2034606733634588, 
        "spatio tempor": -0.000784900209847195, 
        "h sub": -0.3232461284736816, 
        "result show": 0.10149702696338657, 
        "contain section": -0.6156299399315569, 
        "pid control": -0.22270137789669345, 
        "take account": 0.04331319046433218, 
        "princip compon": 0.09021666928444498, 
        "predict accuraci": 0.2682166767485517, 
        "associ rule": 0.031132178914235475, 
        "breast cancer": 0.21742825819715084, 
        "knowledg discoveri": 0.07088146175681462, 
        "prior knowledg": -0.043232710973526094, 
        "ground truth": 0.11576945729697515, 
        "featur vector": 0.08322063118715756, 
        "simul result": -0.1681792573133744, 
        "time vari": -0.3556420658395455, 
        "propos algorithm": 0.0967976773284478, 
        "current committe": 0.0, 
        "rule base": 0.12100757980454835, 
        "decis maker": -0.06360042630812976, 
        "new approach": 0.0781606007266549, 
        "sup sup": -0.136868167104907, 
        "recommend system": -0.01963336196830954, 
        "gaussian mixtur": 0.05357030818630435, 
        "real world": 0.08323977383844378, 
        "wide rang": 0.06713281838225443, 
        "e commerc": -0.0006393449558577521, 
        "swarm optim": -0.06193642388765678, 
        "matrix inequ": -0.3283622041177107, 
        "propos new": 0.07575932288792155, 
        "non stationari": -0.08082808971111982, 
        "publicli avail": 0.19986466916385473,