{
    "30": {
        "self organ": 0.04887195399104476, 
        "time delay": -0.09217651352045297, 
        "high accuraci": 0.09072833049477574, 
        "new method": -0.07697805556928217, 
        "linear discrimin": 0.2509691316268748, 
        "convolut neural": 0.25291661976456903, 
        "social network": 0.06433122741770349, 
        "deep learn": 0.2097789140001892, 
        "take advantag": 0.10331302857981382, 
        "anomali detect": -0.021656161833919038, 
        "learn techniqu": 0.014194920425096036, 
        "inform retriev": -0.12677869174886, 
        "magnet reson": -0.08970930552322605, 
        "remot sens": -0.06040560492362886, 
        "compon analysi": 0.09056355479418027, 
        "previou work": -0.03610139908097353, 
        "case studi": -0.06915183917121268, 
        "p p": 0.35709951344551116, 
        "big data": -0.11304336922276852, 
        "np hard": -0.05468831219511319, 
        "reinforc learn": -0.06356854842936477, 
        "comput vision": 0.1324511343043254, 
        "experi show": 0.07745175034527044, 
        "least squar": -0.1282154253491203, 
        "data collect": 0.09419305728205059, 
        "fault toler": -0.0982306781780334, 
        "short term": -0.02572228830115343, 
        "featur select": 0.09520007653209356, 
        "fold cross": 0.19509803820260374, 
        "similar measur": -0.07928082597678711, 
        "propos novel": 0.03801073156135143, 
        "analysi pca": 0.13147948010197405, 
        "present new": -0.06480036570175039, 
        "classif accuraci": 0.17566873047668916, 
        "e g": 0.0856687810077634, 
        "kernel function": 0.05567202382946752, 
        "sub sub": -0.014480209088169346, 
        "bayesian network": 0.1490468763743236, 
        "paper describ": 0.029761739786937594, 
        "fals alarm": 0.0340361377176048, 
        "result obtain": 0.12978196514940368, 
        "good perform": 0.02578915235513642, 
        "commonli use": 0.023512900547965815, 
        "petri net": 0.0043547191410394405, 
        "method base": 0.022448105148874947, 
        "hidden node": 0.10657297262848536, 
        "licens plate": 0.12207272246749586, 
        "learn method": 0.05509120862450986, 
        "import role": 0.06806440230315397, 
        "black box": 0.08863556928851934, 
        "basi function": 0.03473723903316885, 
        "facial express": 0.7384883241040994, 
        "propos approach": 0.16928419229910283, 
        "gradient descent": 0.06007347196370326, 
        "proceed record": 0.0, 
        "real life": 0.12156883462465053, 
        "result indic": 0.06600489426958123, 
        "chapter contain": -0.4203482718769109, 
        "improv perform": 0.0017197892978289536, 
        "low level": 0.2123535036836089, 
        "comput complex": 0.048032538379395105, 
        "experi result": 0.10404438480857042, 
        "recent year": 0.1183912403361599, 
        "sentiment analysi": 0.08923618422840836, 
        "learn approach": 0.04091396830096164, 
        "mont carlo": 0.1311374969727574, 
        "naiv bay": 0.1272244986853583, 
        "cluster algorithm": -0.16919549110766913, 
        "suppli chain": -0.27599651049597745, 
        "intuitionist fuzzi": -0.07896166995395454, 
        "mobil robot": 0.0037276825677430322, 
        "demonstr effect": 0.02772932061740361, 
        "confer proceed": -0.2709332217942549, 
        "train sampl": 0.12235284371048981, 
        "improv accuraci": 0.08960110976756691, 
        "maximum likelihood": 0.21945077979975455, 
        "paper present": 0.0616539994356, 
        "gene express": 0.05658148557581896, 
        "search engin": -0.15476197858126398, 
        "experiment result": 0.08325178837233667, 
        "mobil devic": 0.03371676186927061, 
        "web servic": -0.23195393242662, 
        "face recognit": 0.3212568195404103, 
        "non neg": 0.1637949521113302, 
        "train set": 0.12801130266631283, 
        "fuzzi logic": -0.19912429013206517, 
        "machin elm": 0.023159321895476006, 
        "ad hoc": 0.0051797986768701695, 
        "particl swarm": -0.15219673934876726, 
        "effect propos": 0.05754181571454223, 
        "real time": 0.13172452440115953, 
        "n gram": 0.15660446714632736, 
        "vector machin": 0.14652835682410265, 
        "mean squar": -0.05183894758216671, 
        "posit neg": 0.23742917464709665, 
        "power plant": -0.17189454869421683, 
        "supervis learn": 0.1019426342190753, 
        "upper bound": 0.038492210348135526, 
        "k mean": -0.020646360228088884, 
        "hidden layer": 0.05262238158731421, 
        "support vector": 0.13555165730411683, 
        "decis tree": 0.008680067685786656, 
        "k nearest": 0.22504320364173275, 
        "state art": 0.1693695104708848, 
        "fault diagnosi": -0.050129470626848714, 
        "set theori": -0.14985668888401005, 
        "kalman filter": -0.05359921413914093, 
        "wide use": 0.07024515558989322, 
        "high level": 0.1321980870170917, 
        "inequ lmi": 0.04325682353782866, 
        "paper propos": 0.0724187134208492, 
        "data mine": -0.18966955272184613, 
        "back propag": 0.02613140974584195, 
        "ls svm": 0.05998225898363854, 
        "larg number": -0.0054836225370855545, 
        "show propos": 0.10193829195771066, 
        "larg amount": 0.019470597937397763, 
        "web page": -0.16426788833219838, 
        "suffici condit": -0.3040639089876233, 
        "section titl": -0.4223230992975032, 
        "markov model": 0.5916387752479447, 
        "network ann": 0.081745510394863, 
        "co occurr": 0.05290102385689475, 
        "amino acid": 0.05550867665655755, 
        "control system": -0.2912975890052191, 
        "learn algorithm": 0.05324828708110297, 
        "precis recal": 0.14944031936493463, 
        "close loop": -0.3438005774930526, 
        "extrem learn": 0.09473058923799282, 
        "result demonstr": 0.06394956975426783, 
        "fals posit": 0.05065696225301526, 
        "decis make": -0.15271360501137873, 
        "ant coloni": -0.21607233697459455, 
        "semi supervis": 0.06643670175933455, 
        "time consum": -0.07606002258365903, 
        "genet algorithm": -0.2190138833123671, 
        "present novel": 0.07758939874875696, 
        "social media": 0.05802052950174919, 
        "pre process": 0.17584595878632628, 
        "paper introduc": -0.10694377480475623, 
        "propos method": 0.02640797746963911, 
        "train data": 0.15056526739067558, 
        "spatio tempor": 0.17829592559399968, 
        "h sub": 0.005463212345330669, 
        "result show": 0.05176081133371148, 
        "contain section": -0.4223230992975032, 
        "pid control": -0.25479957703187, 
        "take account": 0.09184144157923747, 
        "princip compon": 0.10188339093374708, 
        "predict accuraci": -0.018360150796964306, 
        "associ rule": -0.2837752522078397, 
        "breast cancer": 0.0016160758884075591, 
        "knowledg discoveri": -0.04201221072947239, 
        "prior knowledg": 0.098456486943765, 
        "ground truth": 0.13355021188294294, 
        "featur vector": 0.2574019128624645, 
        "simul result": -0.16587505354706833, 
        "time vari": -0.06174924753875586, 
        "propos algorithm": -0.054794813689759844, 
        "current committe": 0.0, 
        "rule base": -0.10062715417125612, 
        "decis maker": -0.17044086964692381, 
        "new approach": 0.012896147527122996, 
        "sup sup": -0.11937726348049696, 
        "recommend system": -0.10168912528498322, 
        "gaussian mixtur": 0.39621072830296794, 
        "real world": 0.04394895385054613, 
        "wide rang": 0.18493045331144503, 
        "e commerc": -0.0927472984235666, 
        "swarm optim": -0.13817894019705684, 
        "matrix inequ": 0.011467199097458601, 
        "propos new": -0.05353347755597723, 
        "non stationari": 0.2426019304143522, 
        "publicli avail": 0.16156528149642024,