{
    "31": {
        "self organ": -0.014213517775525191, 
        "time delay": -0.2107434889162743, 
        "high accuraci": 0.11787258562068809, 
        "new method": -0.15149158829203266, 
        "linear discrimin": -0.028248959751148675, 
        "convolut neural": 0.10534193658699574, 
        "social network": 0.05376506039865684, 
        "deep learn": 0.1387772743097873, 
        "take advantag": 0.03345609093447504, 
        "anomali detect": 0.09234104037133838, 
        "learn techniqu": 0.2345617083702886, 
        "inform retriev": 0.06704695887607272, 
        "magnet reson": 0.014287319988693852, 
        "remot sens": 0.02027900853407198, 
        "compon analysi": -0.03840056981006957, 
        "previou work": 0.09110002065013063, 
        "case studi": 0.24192139478110244, 
        "p p": 0.1568749567896264, 
        "big data": 0.1916188693313452, 
        "np hard": -0.10454319406931961, 
        "reinforc learn": -0.06879993719576095, 
        "comput vision": 0.040834311934238726, 
        "experi show": -0.11042069504929908, 
        "least squar": -0.1109850656332651, 
        "data collect": 0.2236917533479066, 
        "fault toler": -0.02284237494659662, 
        "short term": -0.03913940939554502, 
        "featur select": 0.10041348025635276, 
        "fold cross": 0.12114212655610788, 
        "similar measur": -0.15815407217178154, 
        "propos novel": 0.023405972437806424, 
        "analysi pca": 0.04498720493771945, 
        "present new": -0.11257416986414456, 
        "classif accuraci": -0.011113035449046129, 
        "e g": 0.2098677458083687, 
        "kernel function": -0.1295991989552294, 
        "sub sub": -0.17953636773648468, 
        "bayesian network": -0.009437796104234515, 
        "paper describ": 0.11824301198699165, 
        "fals alarm": 0.08258242503196482, 
        "result obtain": 0.04906879553093516, 
        "good perform": -0.11522490482843456, 
        "commonli use": 0.07392788950262986, 
        "petri net": 0.06978623385292906, 
        "method base": -0.073905135485226, 
        "hidden node": -0.029819415677922057, 
        "licens plate": -0.09931685463163739, 
        "learn method": 0.11516261181961461, 
        "import role": 0.0031330720582432507, 
        "black box": 0.17958012068001344, 
        "basi function": -0.05801420585448727, 
        "facial express": -0.03332281026844508, 
        "propos approach": 0.04665838685095803, 
        "gradient descent": -0.12429458208458295, 
        "proceed record": 0.0, 
        "real life": -0.030000435160975062, 
        "result indic": 0.0027388346207205512, 
        "chapter contain": -0.6353992222690947, 
        "improv perform": 0.025983637782090042, 
        "low level": 0.02044872177279626, 
        "comput complex": -0.0497129320935485, 
        "experi result": -0.15511964777619106, 
        "recent year": 0.08028406922030752, 
        "sentiment analysi": 0.07989235994883556, 
        "learn approach": 0.18834586754786006, 
        "mont carlo": -0.04901267439911181, 
        "naiv bay": 0.1555813498797758, 
        "cluster algorithm": -0.19793104128823638, 
        "suppli chain": -0.13655395589153316, 
        "intuitionist fuzzi": -0.16738106749811715, 
        "mobil robot": -0.03747337534706405, 
        "demonstr effect": 0.01394611163429613, 
        "confer proceed": -0.3968708082308554, 
        "train sampl": -0.09111620268089328, 
        "improv accuraci": 0.07653921445684178, 
        "maximum likelihood": -0.0652863973481273, 
        "paper present": 0.039869211409032816, 
        "gene express": -0.03899196784388119, 
        "search engin": -0.025226212303412897, 
        "experiment result": -0.0734571875747717, 
        "mobil devic": 0.1492759242350917, 
        "web servic": 0.13476695855947313, 
        "face recognit": -0.19851774174312087, 
        "non neg": -0.009710329292622414, 
        "train set": 0.09783069482687622, 
        "fuzzi logic": -0.03185171500218039, 
        "machin elm": -0.024628782052576608, 
        "ad hoc": 0.06733586361785304, 
        "particl swarm": -0.1798906661998689, 
        "effect propos": -0.10237799370762424, 
        "real time": 0.09964983274785064, 
        "n gram": 0.12407070488476393, 
        "vector machin": 0.049046226304184044, 
        "mean squar": -0.05673180217820175, 
        "posit neg": 0.10654746381175263, 
        "power plant": -0.057271053183749664, 
        "supervis learn": 0.08605376734002645, 
        "upper bound": -0.0823080460937898, 
        "k mean": -0.010982525145157802, 
        "hidden layer": -0.048298878981028345, 
        "support vector": 0.039880862628075935, 
        "decis tree": 0.09979083935009896, 
        "k nearest": 0.12747659497159583, 
        "state art": 0.07597550696556003, 
        "fault diagnosi": -0.13188725025126202, 
        "set theori": -0.28643821054338836, 
        "kalman filter": -0.055877519618690315, 
        "wide use": 0.09021542242799134, 
        "high level": 0.13228465960641284, 
        "inequ lmi": -0.17986790199291436, 
        "paper propos": -0.018478136138532327, 
        "data mine": 0.082069635889275, 
        "back propag": 0.06313707370749486, 
        "ls svm": -0.011522843428803171, 
        "larg number": 0.12960878464281755, 
        "show propos": -0.09775205768164584, 
        "larg amount": 0.06140293824137168, 
        "web page": 0.048395316593189026, 
        "suffici condit": -0.3921769239840745, 
        "section titl": -0.6385083816312436, 
        "markov model": 0.007100910766934255, 
        "network ann": 0.12681533798381367, 
        "co occurr": 0.05106825767213996, 
        "amino acid": 0.053594867002205004, 
        "control system": -0.09211860500091541, 
        "learn algorithm": 0.13681891833585677, 
        "precis recal": 0.17907974512509317, 
        "close loop": -0.18002054692482958, 
        "extrem learn": -0.021781630984023533, 
        "result demonstr": 0.020357645829888357, 
        "fals posit": 0.1612615076979445, 
        "decis make": 0.054897001180310566, 
        "ant coloni": -0.1820078340682103, 
        "semi supervis": 0.02146252090396004, 
        "time consum": 0.2628477230068197, 
        "genet algorithm": -0.09867915011893343, 
        "present novel": 0.008764867793607826, 
        "social media": 0.09229244508243623, 
        "pre process": 0.027838764511071208, 
        "paper introduc": 0.027232740185253936, 
        "propos method": -0.1028341541812758, 
        "train data": 0.05897097089114982, 
        "spatio tempor": 0.03767816348262682, 
        "h sub": -0.25261730916771935, 
        "result show": -0.02571519971429243, 
        "contain section": -0.6385083816312436, 
        "pid control": -0.18773531871388616, 
        "take account": 0.03275395591127628, 
        "princip compon": -0.038465521712483984, 
        "predict accuraci": 0.13098231653932596, 
        "associ rule": -0.1169832042561354, 
        "breast cancer": 0.10796711861181875, 
        "knowledg discoveri": 0.055715627845359925, 
        "prior knowledg": -0.022537539333967533, 
        "ground truth": 0.06531359061959396, 
        "featur vector": 0.018946202864129756, 
        "simul result": -0.20977139382092702, 
        "time vari": -0.2582295315798845, 
        "propos algorithm": -0.14675096256533735, 
        "current committe": 0.0, 
        "rule base": -0.04577204488509347, 
        "decis maker": -0.03945186719539519, 
        "new approach": 0.008908278927259516, 
        "sup sup": -0.03765159158153757, 
        "recommend system": 0.03410525588944495, 
        "gaussian mixtur": -0.029132949151408224, 
        "real world": 0.09480141756698791, 
        "wide rang": 0.13103499497749102, 
        "e commerc": 0.07390309276141527, 
        "swarm optim": -0.16686793970427338, 
        "matrix inequ": -0.308992985162264, 
        "propos new": -0.11604875693901587, 
        "non stationari": -0.00828595343129524,