{
    "32": {
        "self organ": -0.049432756256390854, 
        "time delay": -0.08869878324889763, 
        "high accuraci": -0.2560166504415037, 
        "new method": -0.22091518637835725, 
        "linear discrimin": -0.0350076999067795, 
        "convolut neural": 0.10897037136840157, 
        "social network": 0.8627222478817583, 
        "deep learn": 0.16144662936869889, 
        "take advantag": 0.07202091823454969, 
        "anomali detect": 0.22175213801939553, 
        "learn techniqu": 0.16637422811329078, 
        "inform retriev": 0.19085072270350018, 
        "magnet reson": -0.04297350475471317, 
        "remot sens": 0.03010615146300063, 
        "compon analysi": -0.39262680870337263, 
        "previou work": -0.04668713184192489, 
        "case studi": 0.4035860364967361, 
        "p p": 0.18511434446817274, 
        "big data": 0.2523259598098336, 
        "np hard": 0.011720214141767703, 
        "reinforc learn": -0.1261345544036907, 
        "comput vision": 0.04031380285581794, 
        "experi show": -0.1820369255468655, 
        "least squar": -0.2918420054513451, 
        "data collect": 0.2688970278424225, 
        "fault toler": 0.05273778717787452, 
        "short term": -0.05017208708927189, 
        "featur select": -0.12582601047752667, 
        "fold cross": 0.10492995152693163, 
        "similar measur": -0.13860221080321816, 
        "propos novel": -0.04789045970328546, 
        "analysi pca": -0.18549247854943715, 
        "present new": -0.13985484182143648, 
        "classif accuraci": -0.14315881393010896, 
        "e g": 0.3048154496125314, 
        "kernel function": -0.09194144786474079, 
        "sub sub": -0.0980873062300903, 
        "bayesian network": -0.13036518448864112, 
        "paper describ": -0.057898744097897595, 
        "fals alarm": 0.026867515111929714, 
        "result obtain": -0.08538400785571139, 
        "good perform": -0.10323332259009428, 
        "commonli use": 0.04025531507309386, 
        "petri net": 0.010302625351066528, 
        "method base": -0.3282843807852055, 
        "hidden node": 0.10784972911949543, 
        "licens plate": 0.0536064731471664, 
        "learn method": 0.05069478894418098, 
        "import role": -0.014422634111057781, 
        "black box": 0.085439715777991, 
        "basi function": -0.34510592499146975, 
        "facial express": 0.16475076931294047, 
        "propos approach": -0.08281490129840352, 
        "gradient descent": -0.06640346369410986, 
        "proceed record": 0.12653494189959968, 
        "real life": 0.2749800220182327, 
        "result indic": -0.004199303451310718, 
        "chapter contain": 0.22474530821507815, 
        "improv perform": -0.1513613572963833, 
        "low level": 0.11419655309731121, 
        "comput complex": -0.40187974048215225, 
        "experi result": -0.16274292135023521, 
        "recent year": 0.19670377843334685, 
        "sentiment analysi": 0.8343147109352866, 
        "learn approach": 0.20443291690714654, 
        "mont carlo": -0.12275968674934339, 
        "naiv bay": 0.2303529524395267, 
        "cluster algorithm": -0.14182355973233032, 
        "suppli chain": -0.02995594010896617, 
        "intuitionist fuzzi": 0.047876042657570665, 
        "mobil robot": 0.012572122735501293, 
        "demonstr effect": -0.06333708829409648, 
        "confer proceed": -0.0431854947510239, 
        "train sampl": -0.18486193766232736, 
        "improv accuraci": 0.01640723262129739, 
        "maximum likelihood": -0.054341090270829485, 
        "paper present": -0.20294084298128795, 
        "gene express": -0.12769731677951532, 
        "search engin": 0.045525231536095216, 
        "experiment result": -0.32997683272846784, 
        "mobil devic": 0.3383951631048594, 
        "web servic": -0.05860831608417025, 
        "face recognit": -0.4136329242153851, 
        "non neg": -0.026385519567770938, 
        "train set": -0.0005356263611097957, 
        "fuzzi logic": -0.24033492550358845, 
        "machin elm": -0.2792244895043654, 
        "ad hoc": 0.15409528938450126, 
        "particl swarm": -0.15838836783863103, 
        "effect propos": -0.18421471838799652, 
        "real time": -0.21821482043959967, 
        "n gram": 0.34889083400191856, 
        "vector machin": -0.11798288559323798, 
        "mean squar": -0.24017370150792422, 
        "posit neg": 0.616433609890026, 
        "power plant": -0.09137405186511428, 
        "supervis learn": 0.318163300684844, 
        "upper bound": 0.04978615094471583, 
        "k mean": -0.07675307935386927, 
        "hidden layer": -0.3610088263608382, 
        "support vector": -0.1324554203583827, 
        "decis tree": 0.026842557837754164, 
        "k nearest": 0.03530779015980942, 
        "state art": -0.09147384645796637, 
        "fault diagnosi": -0.22669021053210459, 
        "set theori": -0.3063420893922335, 
        "kalman filter": -0.15803423909345307, 
        "wide use": 0.0419531123460905, 
        "high level": -0.07314971285859329, 
        "inequ lmi": -0.04938984176827379, 
        "paper propos": -0.1826334784551724, 
        "data mine": -0.009994419080269592, 
        "back propag": -0.2703137358019381, 
        "ls svm": 0.015861833288818565, 
        "larg number": 0.041665673199919755, 
        "show propos": -0.2405659019745043, 
        "larg amount": 0.36556170998626764, 
        "web page": 0.28126688889287044, 
        "suffici condit": -0.1162348745446933, 
        "section titl": 0.22505224409816285, 
        "markov model": -0.05244927746544654, 
        "network ann": -0.058642774823673034, 
        "co occurr": 0.061262777593821455, 
        "amino acid": 0.13775117003529488, 
        "control system": -0.4076687765331166, 
        "learn algorithm": -0.05395386001375713, 
        "precis recal": 0.17354878314371106, 
        "close loop": -0.1019344551802816, 
        "extrem learn": -0.4180417509648823, 
        "result demonstr": -0.11450859038393385, 
        "fals posit": 0.009395815587079904, 
        "decis make": 0.26454848525121294, 
        "ant coloni": -0.20972709559038422, 
        "semi supervis": 0.2671717648409523, 
        "time consum": -0.191105452495462, 
        "genet algorithm": -0.2561387055445173, 
        "present novel": -0.13678259101622245, 
        "social media": 0.9764532179672939, 
        "pre process": 0.04246020180291714, 
        "paper introduc": -0.13090386416545177, 
        "propos method": -0.17705472318280624, 
        "train data": -0.04119507728643581, 
        "spatio tempor": -0.07816080628727405, 
        "h sub": -0.02085723634195962, 
        "result show": -0.19818833549976278, 
        "contain section": 0.22505224409816285, 
        "pid control": -0.1068746032092174, 
        "take account": 0.03323125998010837, 
        "princip compon": -0.30894881390247947, 
        "predict accuraci": 0.037383258445348296, 
        "associ rule": -0.0878657482176361, 
        "breast cancer": -0.06773747549579621, 
        "knowledg discoveri": 0.2905962869229513, 
        "prior knowledg": -0.00432291663188418, 
        "ground truth": 0.1391091949641821, 
        "featur vector": 0.05391031101204437, 
        "simul result": -0.4763371994335475, 
        "time vari": -0.31986082147843575, 
        "propos algorithm": -0.2074402941669026, 
        "current committe": 0.0, 
        "rule base": -0.01512535330365196, 
        "decis maker": 0.1653684599627399, 
        "new approach": -0.25536563639659954, 
        "sup sup": 0.016548677106926347, 
        "recommend system": 0.4685190991974057, 
        "gaussian mixtur": -0.17633843283425374, 
        "real world": 0.0716286274508158, 
        "wide rang": 0.1416607546758305, 
        "e commerc": 0.4540452161438062, 
        "swarm optim": -0.22757818272783645, 
        "matrix inequ": -0.07635705997320004, 
        "propos new": -0.2888732705767113, 
        "non stationari": 0.10716780715296331,