{
    "33": {
        "self organ": -0.03055269552254731, 
        "time delay": 0.7482180176594946, 
        "high accuraci": -0.07010382433177158, 
        "new method": -0.07509667347247337, 
        "linear discrimin": -0.028160497707877735, 
        "convolut neural": -0.07849503234296346, 
        "social network": -0.2044392788191738, 
        "deep learn": -0.08740293279423211, 
        "take advantag": -0.024055693706215884, 
        "anomali detect": 0.017941476892994516, 
        "learn techniqu": -0.14883686375358826, 
        "inform retriev": -0.2570654297889345, 
        "magnet reson": -0.1350010718295953, 
        "remot sens": -0.17257107015303533, 
        "compon analysi": -0.10841200188429467, 
        "previou work": -0.10096816375076395, 
        "case studi": -0.05006071654018187, 
        "p p": 0.04310463056899769, 
        "big data": -0.22380251456192266, 
        "np hard": -0.08309194354952748, 
        "reinforc learn": 0.0321974866867621, 
        "comput vision": -0.09231663851341243, 
        "experi show": -0.1387710156335089, 
        "least squar": -0.05248645663694861, 
        "data collect": -0.1708603684603308, 
        "fault toler": 0.5370447078779044, 
        "short term": -0.04238545286141704, 
        "featur select": -0.18795545521924725, 
        "fold cross": -0.15347026180063167, 
        "similar measur": -0.11405201218422152, 
        "propos novel": -0.07081883607037512, 
        "analysi pca": -0.07370960880571552, 
        "present new": -0.12203217917467434, 
        "classif accuraci": -0.20550664079416886, 
        "e g": 0.03302550504198144, 
        "kernel function": -0.05555467041487045, 
        "sub sub": 0.668978528739937, 
        "bayesian network": -0.2773884971102094, 
        "paper describ": -0.04408612687173055, 
        "fals alarm": -0.005878907128573114, 
        "result obtain": -0.14926057419519467, 
        "good perform": 0.060984113708997284, 
        "commonli use": -0.05441290269081762, 
        "petri net": 0.1433663234311881, 
        "method base": -0.10996250041894497, 
        "hidden node": -0.0874113125245513, 
        "licens plate": 0.0818538416779897, 
        "learn method": -0.047178560249443634, 
        "import role": -0.11041595334657243, 
        "black box": 0.13695103546962561, 
        "basi function": 0.05547052299362405, 
        "facial express": -0.03822448384893871, 
        "propos approach": 0.16082202541458748, 
        "gradient descent": 0.017888460192285887, 
        "proceed record": 0.0, 
        "real life": -0.0997663248352436, 
        "result indic": -0.0806920467630729, 
        "chapter contain": -0.7081184678478, 
        "improv perform": -0.051590736737412074, 
        "low level": 0.03333348155424062, 
        "comput complex": -0.17821117507728543, 
        "experi result": -0.05336482381771425, 
        "recent year": -0.08770833087017114, 
        "sentiment analysi": -0.2225031470547462, 
        "learn approach": -0.07189535008740928, 
        "mont carlo": -0.025361799506791575, 
        "naiv bay": -0.170891652908585, 
        "cluster algorithm": -0.2816267600654521, 
        "suppli chain": -0.019486162431491028, 
        "intuitionist fuzzi": -0.26787622686277784, 
        "mobil robot": 0.2624024281452149, 
        "demonstr effect": 0.36266262512198205, 
        "confer proceed": -0.2214888367909808, 
        "train sampl": -0.08939127657417881, 
        "improv accuraci": -0.05643000704885819, 
        "maximum likelihood": 0.013866978840873831, 
        "paper present": -0.008453903749055044, 
        "gene express": -0.2503457841088006, 
        "search engin": -0.2161975779358294, 
        "experiment result": -0.12036217092950177, 
        "mobil devic": -0.0776859698037615, 
        "web servic": -0.06310673055787816, 
        "face recognit": -0.09740011384104197, 
        "non neg": -0.23670933519753745, 
        "train set": -0.133969781608042, 
        "fuzzi logic": 0.3191448932245065, 
        "machin elm": -0.0630871199590387, 
        "ad hoc": -0.04513842102554313, 
        "particl swarm": -0.08523099456264817, 
        "effect propos": 0.46047866892995054, 
        "real time": 0.12076555027073742, 
        "n gram": -0.08325950634802544, 
        "vector machin": -0.17389628040056032, 
        "mean squar": 0.1212254885284161, 
        "posit neg": -0.1661558522949929, 
        "power plant": 0.23461372164756192, 
        "supervis learn": -0.13758000753101587, 
        "upper bound": 0.511864629574831, 
        "k mean": -0.18696770108852875, 
        "hidden layer": -0.006395359092709391, 
        "support vector": -0.17235541983042332, 
        "decis tree": -0.17779412897204463, 
        "k nearest": -0.20629469056187016, 
        "state art": -0.021535843278189734, 
        "fault diagnosi": 0.06426061770533818, 
        "set theori": -0.3081874363586455, 
        "kalman filter": 0.23009377192734812, 
        "wide use": -0.05091269435069424, 
        "high level": -0.07646993770130833, 
        "inequ lmi": 0.9666164401517022, 
        "paper propos": -0.04148750106157535, 
        "data mine": -0.24934804841893507, 
        "back propag": 0.05620830818222101, 
        "ls svm": -0.050453525958266104, 
        "larg number": -0.04754549725387128, 
        "show propos": -0.013143457611342094, 
        "larg amount": -0.08872393597142146, 
        "web page": -0.26119680217496344, 
        "suffici condit": 0.7760543817657094, 
        "section titl": -0.7135270323072157, 
        "markov model": -0.09021192807386962, 
        "network ann": 0.008437559661756888, 
        "co occurr": -0.10581769082253678, 
        "amino acid": -0.05131742746216593, 
        "control system": 0.6331225447183655, 
        "learn algorithm": -0.08882576885234411, 
        "precis recal": -0.15532205969102741, 
        "close loop": 0.9619959540878494, 
        "extrem learn": -0.05616348509625731, 
        "result demonstr": 0.02956221889222388, 
        "fals posit": -0.04487677279637156, 
        "decis make": -0.026130553440716846, 
        "ant coloni": -0.14443315606607562, 
        "semi supervis": -0.040183712520606436, 
        "time consum": -0.07250133186136819, 
        "genet algorithm": -0.04025720814767887, 
        "present novel": -0.032886604058911736, 
        "social media": -0.18632925624847027, 
        "pre process": -0.12723807946383872, 
        "paper introduc": 0.0039917541704314625, 
        "propos method": 0.043534525282367884, 
        "train data": -0.060994770486021664, 
        "spatio tempor": 0.060640347096296586, 
        "h sub": 0.8764539015014634, 
        "result show": -0.0013082975733831482, 
        "contain section": -0.7135270323072157, 
        "pid control": 0.5207273105138452, 
        "take account": 0.0017630305274475384, 
        "princip compon": -0.12905825189759892, 
        "predict accuraci": -0.07479049678688209, 
        "associ rule": -0.3575058349220599, 
        "breast cancer": -0.18893000090880216, 
        "knowledg discoveri": -0.12624841918846513, 
        "prior knowledg": -0.04318704422239679, 
        "ground truth": -0.02239417651481508, 
        "featur vector": -0.13515460149847977, 
        "simul result": 0.34783888634099874, 
        "time vari": 0.6323510332615073, 
        "propos algorithm": -0.06504583128189109, 
        "current committe": 0.0, 
        "rule base": -0.0010420354389501707, 
        "decis maker": -0.10914688793294312, 
        "new approach": -0.039148701731777945, 
        "sup sup": 0.06193793879393471, 
        "recommend system": -0.007515840186116845, 
        "gaussian mixtur": -0.13083134736114135, 
        "real world": -0.05784738131028183, 
        "wide rang": -0.06378698420665692, 
        "e commerc": -0.0984639953788844, 
        "swarm optim": -0.09922808625608234, 
        "matrix inequ": 0.9624463130597126, 
        "propos new": -0.11026550243648853,