{
    "34": {
        "self organ": 0.1159838936551639, 
        "time delay": -0.1043251274669913, 
        "high accuraci": -0.013612224599941491, 
        "new method": -0.16505335557309433, 
        "linear discrimin": -0.13807089736206513, 
        "convolut neural": 0.016532330409748573, 
        "social network": -0.07210566049705985, 
        "deep learn": 0.05207634806809627, 
        "take advantag": 0.04670476120840913, 
        "anomali detect": 0.11339393950888943, 
        "learn techniqu": 0.09016318570400593, 
        "inform retriev": -0.036956124145198714, 
        "magnet reson": -0.10228656965193261, 
        "remot sens": -0.062095720666364186, 
        "compon analysi": -0.16740503223166334, 
        "previou work": 0.01669658394969085, 
        "case studi": 0.17536207826636827, 
        "p p": 0.15950209855382896, 
        "big data": 0.19765890879583448, 
        "np hard": 0.025840935710009224, 
        "reinforc learn": 0.16714560196344802, 
        "comput vision": -0.10785609053438729, 
        "experi show": -0.03369119834657306, 
        "least squar": -0.15498608116489973, 
        "data collect": 0.08650320388188203, 
        "fault toler": 0.250667411289012, 
        "short term": 0.05836058138870211, 
        "featur select": -0.1204741139955357, 
        "fold cross": -0.14868586269454337, 
        "similar measur": -0.15137191148620815, 
        "propos novel": -0.005433067600198596, 
        "analysi pca": -0.0888654656188266, 
        "present new": -0.14524989125037535, 
        "classif accuraci": -0.14197924952643015, 
        "e g": 0.1475398436566341, 
        "kernel function": -0.15553198668670065, 
        "sub sub": 0.019033312478916018, 
        "bayesian network": -0.04439229152791293, 
        "paper describ": 0.17395825548603439, 
        "fals alarm": 0.10080052031710017, 
        "result obtain": -0.06140485933140723, 
        "good perform": -0.028978480510468904, 
        "commonli use": -0.07226213879548178, 
        "petri net": 0.25569415747848884, 
        "method base": -0.11993338685123747, 
        "hidden node": -0.023723121493999487, 
        "licens plate": -0.0042147799155839195, 
        "learn method": -0.015402238069775125, 
        "import role": -0.0051525492556163, 
        "black box": 0.19491040870787496, 
        "basi function": -0.05575258720348495, 
        "facial express": -0.10555207902979365, 
        "propos approach": 0.01722775954948094, 
        "gradient descent": 0.003576000470767649, 
        "proceed record": 0.0, 
        "real life": -0.0016538893138536431, 
        "result indic": -0.07792613829174981, 
        "chapter contain": -0.5635781949817928, 
        "improv perform": 0.03176602604566031, 
        "low level": 0.09516985872946411, 
        "comput complex": -0.018607175868049164, 
        "experi result": -0.08652789224977694, 
        "recent year": 0.03899156944528934, 
        "sentiment analysi": -0.14164769636978755, 
        "learn approach": 0.05434883196480833, 
        "mont carlo": -0.0728359461936306, 
        "naiv bay": -0.0721212482424446, 
        "cluster algorithm": -0.16879998404189464, 
        "suppli chain": 0.16589601552743283, 
        "intuitionist fuzzi": -0.18903797341647524, 
        "mobil robot": 0.11534306368940057, 
        "demonstr effect": 0.015171772432119441, 
        "confer proceed": -0.3334036307962533, 
        "train sampl": -0.15464833530807914, 
        "improv accuraci": -0.008825057509381212, 
        "maximum likelihood": -0.11303825526162341, 
        "paper present": 0.05017048281270903, 
        "gene express": -0.24666466227383022, 
        "search engin": -0.04212519759347269, 
        "experiment result": -0.06427367654847926, 
        "mobil devic": 0.21838061073086118, 
        "web servic": 0.2945359797598057, 
        "face recognit": -0.17577931094270138, 
        "non neg": -0.20516426996711495, 
        "train set": -0.06878904484515964, 
        "fuzzi logic": 0.026611114546041238, 
        "machin elm": -0.06994284807379554, 
        "ad hoc": 0.09607096298664852, 
        "particl swarm": -0.11198202638490573, 
        "effect propos": -0.014343089257418269, 
        "real time": 0.20199869300542886, 
        "n gram": 0.008971529534310102, 
        "vector machin": -0.07624002240065457, 
        "mean squar": -0.05150548962893541, 
        "posit neg": -0.10555047948485596, 
        "power plant": 0.09539398064633224, 
        "supervis learn": -0.0328634891885791, 
        "upper bound": -0.07845482611871954, 
        "k mean": -0.052030282946377675, 
        "hidden layer": -0.08779478491933808, 
        "support vector": -0.06955681560439017, 
        "decis tree": -0.037752671515211715, 
        "k nearest": -0.09044139923735657, 
        "state art": 0.0037277852039047203, 
        "fault diagnosi": -0.12397218501659701, 
        "set theori": -0.15348999771791982, 
        "kalman filter": 0.05461072104484161, 
        "wide use": -0.06306697054090328, 
        "high level": 0.13716207483652013, 
        "inequ lmi": -0.013178177629686788, 
        "paper propos": 0.03567644063436583, 
        "data mine": -0.04171169211606141, 
        "back propag": -0.10463097919872003, 
        "ls svm": -0.030541574622434717, 
        "larg number": 0.07978797837725445, 
        "show propos": -0.06598278996062318, 
        "larg amount": 0.09771220894157955, 
        "web page": -0.04601326589320139, 
        "suffici condit": -0.07160774690375996, 
        "section titl": -0.5670426799070811, 
        "markov model": -0.024443957116797574, 
        "network ann": 0.03191483821922426, 
        "co occurr": -0.10666777606949138, 
        "amino acid": -0.04029299483471261, 
        "control system": 0.009610636660934577, 
        "learn algorithm": 0.04799730885334484, 
        "precis recal": -0.025641011004218367, 
        "close loop": -0.04909480902814549, 
        "extrem learn": -0.0777072626975874, 
        "result demonstr": -0.010272705167673743, 
        "fals posit": 0.07789560607524806, 
        "decis make": 0.12469475758669366, 
        "ant coloni": -0.007479642443118297, 
        "semi supervis": -0.11049866614049242, 
        "time consum": 0.07176505271099583, 
        "genet algorithm": 0.022851345525294324, 
        "present novel": -0.011640661888642743, 
        "social media": -0.05857527206314339, 
        "pre process": -0.009867023624586548, 
        "paper introduc": 0.014250205727384972, 
        "propos method": -0.10814097411243095, 
        "train data": -0.04912986228313511, 
        "spatio tempor": 0.09196105846245088, 
        "h sub": 0.03643494926731019, 
        "result show": -0.0011436878539443055, 
        "contain section": -0.5670426799070811, 
        "pid control": -0.09708686785175236, 
        "take account": 0.13781935968454748, 
        "princip compon": -0.1154522926363063, 
        "predict accuraci": 0.052154322441797095, 
        "associ rule": -0.18182437832814263, 
        "breast cancer": -0.1501945862234043, 
        "knowledg discoveri": -0.008301430467707314, 
        "prior knowledg": -0.005648861868021319, 
        "ground truth": -0.005501389576107747, 
        "featur vector": -0.16912946713917443, 
        "simul result": 0.004006575617848533, 
        "time vari": -0.07636843525354035, 
        "propos algorithm": -0.1348732554869772, 
        "current committe": 0.015757887157276704, 
        "rule base": 0.014302150132934966, 
        "decis maker": 0.1611995573268738, 
        "new approach": -0.0012417419698479016, 
        "sup sup": -0.11724713577300586, 
        "recommend system": 0.11026616398828579, 
        "gaussian mixtur": -0.060970747166805644, 
        "real world": 0.054611351134385824, 
        "wide rang": 0.046739758961641543, 
        "e commerc": 0.03850000629370345, 
        "swarm optim": -0.12138044263093178, 
        "matrix inequ": 0.008798209860796657, 
        "propos new": -0.08759308155539072,