{
    "35": {
        "self organ": 0.06493639793251836, 
        "time delay": 0.02362893111093412, 
        "high accuraci": 0.09523169954534247, 
        "new method": -0.03247924804165134, 
        "linear discrimin": -0.02039535449847434, 
        "convolut neural": 0.07524451405334132, 
        "social network": 0.07102593442680652, 
        "deep learn": 0.11368766400532318, 
        "take advantag": 0.052513951758016694, 
        "anomali detect": -0.014243918451845018, 
        "learn techniqu": 0.04937908749906131, 
        "inform retriev": -0.13662898662830741, 
        "magnet reson": -0.034157141088638224, 
        "remot sens": -0.08213269441293254, 
        "compon analysi": -0.027603089675388843, 
        "previou work": 0.0067047004545641685, 
        "case studi": 0.0363856119603293, 
        "p p": 0.17528076861002181, 
        "big data": -0.016160152098941734, 
        "np hard": -0.05629646459607108, 
        "reinforc learn": 0.035381066660300636, 
        "comput vision": 0.20004926845609922, 
        "experi show": 0.009497072637941906, 
        "least squar": 0.08609145127564367, 
        "data collect": 0.19637988697738712, 
        "fault toler": 0.09309757026117464, 
        "short term": -0.0046372716909393215, 
        "featur select": -0.1243341422312034, 
        "fold cross": 0.029735583809602773, 
        "similar measur": -0.07066150138477045, 
        "propos novel": 0.07337061796756872, 
        "analysi pca": 0.0757457078620624, 
        "present new": -0.04944854747651687, 
        "classif accuraci": 0.004067559453775142, 
        "e g": 0.13126844350666977, 
        "kernel function": -0.0005818357924900406, 
        "sub sub": -0.019581941930130534, 
        "bayesian network": -0.021973358532448025, 
        "paper describ": 0.0718236827619569, 
        "fals alarm": 0.10588754118309418, 
        "result obtain": 0.0204039116791029, 
        "good perform": 0.0634420591742392, 
        "commonli use": -0.007670588945245952, 
        "petri net": -0.03605956289886683, 
        "method base": 0.021870971136911877, 
        "hidden node": 0.1331125100891506, 
        "licens plate": 0.1701518468857175, 
        "learn method": 0.030794651151458057, 
        "import role": -0.09196684531941401, 
        "black box": 0.12078478343485077, 
        "basi function": 0.0034645441085379173, 
        "facial express": 0.15289742974351928, 
        "propos approach": 0.08336969597868314, 
        "gradient descent": 0.09713433270436425, 
        "proceed record": 0.0, 
        "real life": 0.14156757089666605, 
        "result indic": 0.006455988939243193, 
        "chapter contain": -0.18983071511819183, 
        "improv perform": -0.06357278049699668, 
        "low level": 0.07321392529806962, 
        "comput complex": 0.036662944227757385, 
        "experi result": 0.10011779405792187, 
        "recent year": 0.04959635195749019, 
        "sentiment analysi": -0.011516028948118843, 
        "learn approach": -0.02009862443951828, 
        "mont carlo": 0.0976775832894024, 
        "naiv bay": -0.010781931764098675, 
        "cluster algorithm": -0.01721158238086447, 
        "suppli chain": -0.1848810577320404, 
        "intuitionist fuzzi": -0.0432243926959105, 
        "mobil robot": 0.21659964558516834, 
        "demonstr effect": 0.073569922721398, 
        "confer proceed": -0.21210516181372388, 
        "train sampl": 0.026482535962039467, 
        "improv accuraci": 0.02660731511833519, 
        "maximum likelihood": 0.04381815487647004, 
        "paper present": 0.03669688376409667, 
        "gene express": -0.06524186254024884, 
        "search engin": -0.026610491206707908, 
        "experiment result": 0.025286150853575835, 
        "mobil devic": 0.19670100292366358, 
        "web servic": -0.12151180381087053, 
        "face recognit": 0.12210621621199591, 
        "non neg": 0.024999261107050086, 
        "train set": 0.018759588606871047, 
        "fuzzi logic": -0.021373684269515476, 
        "machin elm": 0.08710810492221334, 
        "ad hoc": 0.11745429571429035, 
        "particl swarm": -0.006954978886385732, 
        "effect propos": 0.04999511585515787, 
        "real time": 0.24500451300535095, 
        "n gram": 0.04963010681556325, 
        "vector machin": 0.027400848650676414, 
        "mean squar": 0.009295396738748324, 
        "posit neg": 0.09818557418614206, 
        "power plant": -0.03829106379491262, 
        "supervis learn": 0.006688211068115192, 
        "upper bound": 0.09715646332113863, 
        "k mean": -0.0935326093902684, 
        "hidden layer": 0.06783889499083895, 
        "support vector": 0.021698036936190473, 
        "decis tree": -0.02424282439204669, 
        "k nearest": -0.04966446158297241, 
        "state art": 0.062346710121958276, 
        "fault diagnosi": 0.05346910677727879, 
        "set theori": -0.08005835684951687, 
        "kalman filter": 0.3228105663666509, 
        "wide use": 0.09640539429752959, 
        "high level": 0.06697048448079256, 
        "inequ lmi": -0.13633414882991346, 
        "paper propos": 0.0575769193742905, 
        "data mine": -0.14732193670063384, 
        "back propag": 0.05112540402644203, 
        "ls svm": 0.016461107314584195, 
        "larg number": 0.020048234139586132, 
        "show propos": 0.050406097951205195, 
        "larg amount": -0.004510266699012234, 
        "web page": 0.05265504457151956, 
        "suffici condit": -0.40474331235957756, 
        "section titl": -0.19193426917728296, 
        "markov model": 0.22028439052846052, 
        "network ann": -0.033287897656725456, 
        "co occurr": -0.07591546048398103, 
        "amino acid": -0.07086129928065993, 
        "control system": 0.015145241763577627, 
        "learn algorithm": 0.04939819888376128, 
        "precis recal": 0.04156884101135889, 
        "close loop": 0.00886585293259809, 
        "extrem learn": 0.12201590785445607, 
        "result demonstr": 0.05093523907716034, 
        "fals posit": 0.062467425654265746, 
        "decis make": -0.10003189863624369, 
        "ant coloni": -0.11969466539436859, 
        "semi supervis": 0.05186328031103456, 
        "time consum": 0.08958485004035371, 
        "genet algorithm": -0.10318276901140991, 
        "present novel": 0.08493878057933613, 
        "social media": 0.006144829156999991, 
        "pre process": 0.046573043377111815, 
        "paper introduc": -0.02932802457080307, 
        "propos method": 0.07972520779243786, 
        "train data": 0.049860418835260274, 
        "spatio tempor": 0.08689663616804426, 
        "h sub": -0.013517533663445054, 
        "result show": 0.02313636353855869, 
        "contain section": -0.19193426917728296, 
        "pid control": 0.02149755527264761, 
        "take account": 0.03831240403892938, 
        "princip compon": 0.0031387748854378172, 
        "predict accuraci": -0.07649579704840195, 
        "associ rule": -0.07537313068652005, 
        "breast cancer": -0.017145503807369213, 
        "knowledg discoveri": -0.074462275768058, 
        "prior knowledg": 0.1501002015574418, 
        "ground truth": 0.2286917998075525, 
        "featur vector": 0.026725468399507818, 
        "simul result": 0.019797243827293632, 
        "time vari": 0.10004824482516973, 
        "propos algorithm": 0.1251210454554154, 
        "current committe": 0.0, 
        "rule base": 0.014569278854983086, 
        "decis maker": -0.1152109398682588, 
        "new approach": 0.03544455322463775, 
        "sup sup": 0.06660680787987028, 
        "recommend system": -0.03754924359161733, 
        "gaussian mixtur": 0.1410448327099448, 
        "real world": 0.013719323373435746, 
        "wide rang": 0.10083804220815609, 
        "e commerc": -0.014015692647345897, 
        "swarm optim": -0.03388076102245158, 
        "matrix inequ": -0.281493502445604, 
        "propos new": -0.022980306149690672, 
        "non stationari": 0.2961862906600358,