{
    "36": {
        "self organ": -0.08361525762273522, 
        "time delay": -0.16193173750495266, 
        "high accuraci": -0.02777304890337913, 
        "new method": -0.04210542238181538, 
        "linear discrimin": -0.023799326389471347, 
        "convolut neural": 0.19507030219745314, 
        "social network": 0.03158995223491881, 
        "deep learn": 0.2535601694577586, 
        "take advantag": 0.10049279703603202, 
        "anomali detect": 0.061903731027936414, 
        "learn techniqu": 0.08929633638790449, 
        "inform retriev": -0.07711669031248695, 
        "magnet reson": -0.05031480306752124, 
        "remot sens": 0.04232398742717744, 
        "compon analysi": -0.054776080726135885, 
        "previou work": 0.07606842790997748, 
        "case studi": -0.0785491359316955, 
        "p p": 0.28421968408874443, 
        "big data": 0.0867702609434213, 
        "np hard": 0.0873512856573165, 
        "reinforc learn": -0.0817436421136784, 
        "comput vision": -0.011329681939747193, 
        "experi show": 0.04136477183273686, 
        "least squar": -0.06951601213087791, 
        "data collect": 0.08074870316563836, 
        "fault toler": 0.06432830229086331, 
        "short term": 0.05159039735761596, 
        "featur select": 0.041127385884884196, 
        "fold cross": 0.16231892721679766, 
        "similar measur": -0.17370734179279823, 
        "propos novel": 0.09229124955125821, 
        "analysi pca": -0.14598980640185633, 
        "present new": 0.005050169226716262, 
        "classif accuraci": 0.045281398395944805, 
        "e g": 0.14368428172690026, 
        "kernel function": 0.0929365860267755, 
        "sub sub": -0.1743052777787683, 
        "bayesian network": 0.009233158251295427, 
        "paper describ": 0.16352216364424774, 
        "fals alarm": 0.20015635991002512, 
        "result obtain": 0.09339414419060052, 
        "good perform": 0.03231836477113278, 
        "commonli use": 0.07927270059927644, 
        "petri net": 0.027616371039713514, 
        "method base": 0.0435397586561594, 
        "hidden node": 0.01094009631537763, 
        "licens plate": -0.023602134367716684, 
        "learn method": 0.07272075421805552, 
        "import role": -0.00993815088284854, 
        "black box": 0.2198639721310238, 
        "basi function": -0.06118892527425152, 
        "facial express": 0.15213070737898804, 
        "propos approach": -0.020882098133509986, 
        "gradient descent": 0.07089484178902519, 
        "proceed record": 0.0, 
        "real life": 0.16586425842703334, 
        "result indic": 0.05169082304357881, 
        "chapter contain": -0.3724932889628954, 
        "improv perform": 0.14075956148607285, 
        "low level": 0.1971464757222635, 
        "comput complex": 0.14945666529176568, 
        "experi result": -0.10847340922083094, 
        "recent year": 0.025038049178921808, 
        "sentiment analysi": 0.09939974515459693, 
        "learn approach": 0.05038307431576849, 
        "mont carlo": 0.08060653115860095, 
        "naiv bay": 0.036876375749487995, 
        "cluster algorithm": -0.15642345323055978, 
        "suppli chain": 0.038049610134698916, 
        "intuitionist fuzzi": -0.10121380441109037, 
        "mobil robot": -0.055859149268066496, 
        "demonstr effect": -0.10902740439330781, 
        "confer proceed": -0.279351567697544, 
        "train sampl": -0.0405230265678559, 
        "improv accuraci": 0.029614017932806897, 
        "maximum likelihood": 0.09402147744507584, 
        "paper present": 0.06559499060559353, 
        "gene express": 0.13314586585247645, 
        "search engin": 0.052925581189963065, 
        "experiment result": -0.03493510679201631, 
        "mobil devic": -0.02880583063496104, 
        "web servic": 0.13766206538702594, 
        "face recognit": -0.10620145089201938, 
        "non neg": 0.2595713792310628, 
        "train set": 0.11044607146454616, 
        "fuzzi logic": -0.13787300348367307, 
        "machin elm": -0.055366025379744374, 
        "ad hoc": -0.02041686939838124, 
        "particl swarm": -0.02671311668374302, 
        "effect propos": -0.1476114076768101, 
        "real time": 0.0049610340619684265, 
        "n gram": 0.3777954451194749, 
        "vector machin": 0.06252147010145152, 
        "mean squar": 0.08159673960721665, 
        "posit neg": 0.048994362410459735, 
        "power plant": 0.021465147686851795, 
        "supervis learn": 0.04700429686240459, 
        "upper bound": -0.05232948510361986, 
        "k mean": 0.09958409695276313, 
        "hidden layer": -0.012963163676598024, 
        "support vector": 0.05937158458272785, 
        "decis tree": 0.03654772200277771, 
        "k nearest": 0.0980283776099755, 
        "state art": 0.16177947616141855, 
        "fault diagnosi": -0.007970916026571571, 
        "set theori": -0.08661941060047812, 
        "kalman filter": 0.03654520802552738, 
        "wide use": 0.008591394028027633, 
        "high level": 0.07854180361306357, 
        "inequ lmi": -0.04714564428907155, 
        "paper propos": -0.038745427389111055, 
        "data mine": -0.09076872013137247, 
        "back propag": -0.12918569253043946, 
        "ls svm": 0.07971179584577882, 
        "larg number": 0.027850184296233736, 
        "show propos": 0.023092579797412353, 
        "larg amount": 0.052591794348388544, 
        "web page": 0.15334307187854218, 
        "suffici condit": -0.08376547034699233, 
        "section titl": -0.37566726841752596, 
        "markov model": 0.34595538884838045, 
        "network ann": 0.1310703251819399, 
        "co occurr": 0.12738829698577958, 
        "amino acid": 0.04831538061556818, 
        "control system": -0.09276677182626804, 
        "learn algorithm": 0.0021905223835278096, 
        "precis recal": 0.0402036372199047, 
        "close loop": -0.1320648951562066, 
        "extrem learn": -0.18867916425061634, 
        "result demonstr": -0.02720375056421739, 
        "fals posit": 0.17281260398496232, 
        "decis make": -0.1912628888506178, 
        "ant coloni": -0.07922381850944517, 
        "semi supervis": -0.034006173787695534, 
        "time consum": 0.10833467865922916, 
        "genet algorithm": -0.22247845535834995, 
        "present novel": 0.026353033836174752, 
        "social media": 0.0057984028531620135, 
        "pre process": 0.12297946805632096, 
        "paper introduc": -0.04056377389110148, 
        "propos method": -0.09866701827265731, 
        "train data": 0.10811979467734682, 
        "spatio tempor": 0.0726378586671419, 
        "h sub": -0.05389514671482545, 
        "result show": -0.032812917639068614, 
        "contain section": -0.37566726841752596, 
        "pid control": -0.1482811371108086, 
        "take account": -0.030681183203545022, 
        "princip compon": -0.17436337280253084, 
        "predict accuraci": -0.08064333900668764, 
        "associ rule": -0.037769950161789224, 
        "breast cancer": 0.06089954329203084, 
        "knowledg discoveri": -0.04314197645946299, 
        "prior knowledg": 0.14124264053144733, 
        "ground truth": 0.04736119081107551, 
        "featur vector": 0.1197014639624189, 
        "simul result": -0.2613164879952112, 
        "time vari": -0.22239887905476255, 
        "propos algorithm": -0.07567780165124596, 
        "current committe": 0.0, 
        "rule base": 0.0548189665919698, 
        "decis maker": 0.026062406402911045, 
        "new approach": 0.09536548255193439, 
        "sup sup": 0.051784734761668796, 
        "recommend system": 0.08687020674607135, 
        "gaussian mixtur": 0.3100539483026493, 
        "real world": 0.0855272932331804, 
        "wide rang": 0.12822351593833592, 
        "e commerc": -0.01537885514611588, 
        "swarm optim": -0.03234567857715525, 
        "matrix inequ": -0.06496444083332335, 
        "propos new": -0.10471993958182928, 
        "non stationari": 0.2648395338486415,