{
    "37": {
        "self organ": -0.07146067806499459, 
        "time delay": -0.00605525834285076, 
        "high accuraci": 0.12124353155343393, 
        "new method": -0.0212916957065588, 
        "linear discrimin": 0.10821069675652353, 
        "convolut neural": 0.009619476323779198, 
        "social network": 0.03694203344447469, 
        "deep learn": 0.0030049185330178725, 
        "take advantag": 0.090084979838229, 
        "anomali detect": 0.10456150508503081, 
        "learn techniqu": 0.04817345373461998, 
        "inform retriev": 0.0034291755370055963, 
        "magnet reson": 0.023184800099361493, 
        "remot sens": 0.022354147922780475, 
        "compon analysi": 0.014345534495953683, 
        "previou work": 0.029904615548411072, 
        "case studi": 0.06377599821149672, 
        "p p": 0.07071557812577955, 
        "big data": 0.18083757125517555, 
        "np hard": 0.014744032074282315, 
        "reinforc learn": -0.06338594242498148, 
        "comput vision": 0.14906250115350206, 
        "experi show": -0.03394643777057229, 
        "least squar": -0.06784799425997484, 
        "data collect": 0.19486647021666964, 
        "fault toler": 0.2284465349079552, 
        "short term": -0.02448334349602878, 
        "featur select": -0.1156577706195523, 
        "fold cross": 0.0034913334610495706, 
        "similar measur": -0.05336817682263741, 
        "propos novel": 0.03271106011455927, 
        "analysi pca": 0.09418927249789674, 
        "present new": -0.05318622527201474, 
        "classif accuraci": 0.025955466366950078, 
        "e g": 0.1715775534849933, 
        "kernel function": 0.03180041152125979, 
        "sub sub": 0.053740586966024115, 
        "bayesian network": 0.022583956637706397, 
        "paper describ": 0.11820853118783752, 
        "fals alarm": 0.16937231601329053, 
        "result obtain": -0.007818399882303607, 
        "good perform": 0.04078363199896205, 
        "commonli use": 0.008564786083678248, 
        "petri net": -0.009190508666089614, 
        "method base": -0.06148311613729957, 
        "hidden node": 0.009637002323066336, 
        "licens plate": 0.06532221622533545, 
        "learn method": -0.07292068707963333, 
        "import role": -0.08037319192044297, 
        "black box": 0.065053274594471, 
        "basi function": -0.09115600535559093, 
        "facial express": 0.11254462481245874, 
        "propos approach": 0.05746874418338247, 
        "gradient descent": 0.1349703841032446, 
        "proceed record": 0.0, 
        "real life": 0.12686571580077616, 
        "result indic": 0.007396347813600335, 
        "chapter contain": -0.26900539240331417, 
        "improv perform": 0.023206071041848672, 
        "low level": 0.10546022043939787, 
        "comput complex": 0.136132068917878, 
        "experi result": -0.08182303955059081, 
        "recent year": 0.022368127553095002, 
        "sentiment analysi": 0.004850742588105569, 
        "learn approach": -0.008059933402127562, 
        "mont carlo": 0.06443186543833127, 
        "naiv bay": 0.03467131190989957, 
        "cluster algorithm": 0.01120123642856148, 
        "suppli chain": -0.0590390475329439, 
        "intuitionist fuzzi": -0.1609469496673847, 
        "mobil robot": 0.08963534195458525, 
        "demonstr effect": 0.012918313069052086, 
        "confer proceed": -0.34686255140347244, 
        "train sampl": -0.12359905013245266, 
        "improv accuraci": -0.006396095894765359, 
        "maximum likelihood": 0.15482835324578714, 
        "paper present": 0.023306637999998915, 
        "gene express": 0.08898831014566393, 
        "search engin": 0.14973570394758748, 
        "experiment result": 0.017511377088295185, 
        "mobil devic": 0.2266132205131917, 
        "web servic": 0.03403512144313304, 
        "face recognit": -0.028077906582456943, 
        "non neg": 0.0735813228742287, 
        "train set": -0.025467089953925878, 
        "fuzzi logic": 0.00038806894349689057, 
        "machin elm": 0.010846969990571872, 
        "ad hoc": 0.08919110036258207, 
        "particl swarm": -0.09941070951119588, 
        "effect propos": -0.007708286309832612, 
        "real time": 0.22556102228349453, 
        "n gram": 0.11813132267222318, 
        "vector machin": -0.051966487024713966, 
        "mean squar": 0.11922908740067226, 
        "posit neg": -0.02184051671047581, 
        "power plant": -0.0404445817051577, 
        "supervis learn": 0.08046815226852959, 
        "upper bound": 0.03596701993157353, 
        "k mean": 0.09695888705379575, 
        "hidden layer": -0.09183552153231152, 
        "support vector": -0.04693957183452826, 
        "decis tree": -0.02974969698516207, 
        "k nearest": 0.05398428428745917, 
        "state art": 0.074551280021932, 
        "fault diagnosi": -0.1025307689942346, 
        "set theori": -0.04344144132935178, 
        "kalman filter": 0.34940905051574395, 
        "wide use": 0.07919705108795405, 
        "high level": 0.10951993059825435, 
        "inequ lmi": 0.037779174350468715, 
        "paper propos": 0.04654916799234277, 
        "data mine": -0.05254500856181491, 
        "back propag": -0.060149070749342136, 
        "ls svm": -0.004628572717292431, 
        "larg number": 0.06368544941873211, 
        "show propos": 0.0028888463399440985, 
        "larg amount": 0.14816066857075674, 
        "web page": 0.07990942305714573, 
        "suffici condit": -0.10611593515969242, 
        "section titl": -0.27124746269789685, 
        "markov model": -0.03862034779449106, 
        "network ann": -0.0360531618549948, 
        "co occurr": 0.011467775390399478, 
        "amino acid": 0.03691616566820385, 
        "control system": -0.154051394838011, 
        "learn algorithm": 0.05043704287092032, 
        "precis recal": -0.003016487093556496, 
        "close loop": -0.09701527833795141, 
        "extrem learn": 0.03345793676301585, 
        "result demonstr": 0.015359632506914913, 
        "fals posit": 0.22004206214248356, 
        "decis make": -0.10393967651388737, 
        "ant coloni": -0.02148787428047498, 
        "semi supervis": 0.09806824664679886, 
        "time consum": 0.06912802897218519, 
        "genet algorithm": -0.19541314247037933, 
        "present novel": 0.09903217554471527, 
        "social media": 0.1019648425292215, 
        "pre process": 0.20012965870337196, 
        "paper introduc": -0.019767528495089136, 
        "propos method": 0.01817642475469119, 
        "train data": 0.0007491241458793927, 
        "spatio tempor": 0.1357443554790188, 
        "h sub": 0.033156495512832715, 
        "result show": -0.016629887060370243, 
        "contain section": -0.27124746269789685, 
        "pid control": -0.12972520957238165, 
        "take account": 0.03553764032292779, 
        "princip compon": 0.03201105788842851, 
        "predict accuraci": -0.0588598721706966, 
        "associ rule": 0.03804466721271906, 
        "breast cancer": 0.038222274833355, 
        "knowledg discoveri": -0.001279748049128894, 
        "prior knowledg": 0.08452947423141889, 
        "ground truth": 0.13125547627185052, 
        "featur vector": 0.02103142828531672, 
        "simul result": -0.06753662416241328, 
        "time vari": 0.05452028538017527, 
        "propos algorithm": 0.03457020840667424, 
        "current committe": 0.0, 
        "rule base": 0.02491970491333324, 
        "decis maker": 0.01549799164539354, 
        "new approach": -0.0045832618279186155, 
        "sup sup": -0.0013744002717598685, 
        "recommend system": 0.17034759036659214, 
        "gaussian mixtur": 0.08511465756893791, 
        "real world": 0.047148144814240914, 
        "wide rang": 0.15429249555298466, 
        "e commerc": 0.21136749143333772, 
        "swarm optim": -0.0954036566328839, 
        "matrix inequ": -0.12117495007590451, 
        "propos new": -0.010211128405284108, 
        "non stationari": 0.1617425008341424,