{
    "38": {
        "self organ": -0.000760693598496797, 
        "time delay": -0.17450034552236263, 
        "high accuraci": 0.10396790415160481, 
        "new method": 0.05314534107524858, 
        "linear discrimin": 0.2272356840471179, 
        "convolut neural": 0.13519845731197222, 
        "social network": -0.026466573492498608, 
        "deep learn": 0.09564306193296598, 
        "take advantag": 0.05705319622318773, 
        "anomali detect": 0.046062364500261, 
        "learn techniqu": 0.07175209305282393, 
        "inform retriev": -0.015947162844806313, 
        "magnet reson": 0.17794564226227066, 
        "remot sens": 0.19828726732429586, 
        "compon analysi": 0.1136846759292473, 
        "previou work": 0.09031362712367638, 
        "case studi": -0.02078464661517517, 
        "p p": 0.10301737830652401, 
        "big data": 0.0014684461115700995, 
        "np hard": -0.013887714290348865, 
        "reinforc learn": -0.2561923959400264, 
        "comput vision": 0.12347959467551387, 
        "experi show": 0.043987243501795295, 
        "least squar": 0.054805204651508024, 
        "data collect": 0.11709371442797695, 
        "fault toler": -0.10325455108765154, 
        "short term": -0.0935720958029216, 
        "featur select": 0.19132088573470246, 
        "fold cross": 0.1463323220235184, 
        "similar measur": -0.01757713412321665, 
        "propos novel": 0.1697524731018614, 
        "analysi pca": 0.19071386828197623, 
        "present new": 0.03862390816002805, 
        "classif accuraci": 0.2667416970551245, 
        "e g": 0.12496829145370174, 
        "kernel function": 0.2097141368167656, 
        "sub sub": -0.20866192474252054, 
        "bayesian network": -0.07178173349497569, 
        "paper describ": -0.046245653503638504, 
        "fals alarm": 0.09671928774050277, 
        "result obtain": 0.09426702368843715, 
        "good perform": 0.12987548054449, 
        "commonli use": 0.04722412243384376, 
        "petri net": -0.3290855874458137, 
        "method base": 0.051955307650404424, 
        "hidden node": 0.22353390127456227, 
        "licens plate": -0.12062282657062084, 
        "learn method": 0.1876712697529375, 
        "import role": 0.004088202652108281, 
        "black box": 0.07680834557204162, 
        "basi function": 0.013105018786923571, 
        "facial express": 0.09604187843492598, 
        "propos approach": 0.14456191755705664, 
        "gradient descent": 0.035931373968040595, 
        "proceed record": 0.0, 
        "real life": 0.12433727496213032, 
        "result indic": 0.028138979063347412, 
        "chapter contain": -0.585999671920557, 
        "improv perform": 0.12716185265906899, 
        "low level": 0.13994834462459427, 
        "comput complex": 0.1217008516191143, 
        "experi result": 0.06315388766999729, 
        "recent year": 0.08108094302670246, 
        "sentiment analysi": 0.09892115589041266, 
        "learn approach": 0.1389721047499277, 
        "mont carlo": -0.14007517809305767, 
        "naiv bay": 0.14109342800604024, 
        "cluster algorithm": 0.09260349697091919, 
        "suppli chain": -0.36174548959687236, 
        "intuitionist fuzzi": -0.17162423823772296, 
        "mobil robot": -0.18986364781854506, 
        "demonstr effect": 0.11212321152743425, 
        "confer proceed": -0.9770999323542018, 
        "train sampl": 0.3230388489965911, 
        "improv accuraci": 0.11195047037027325, 
        "maximum likelihood": 0.12910020021463736, 
        "paper present": 0.012324612937965471, 
        "gene express": 0.0829435767584375, 
        "search engin": -0.01174178209066874, 
        "experiment result": 0.12144345135154502, 
        "mobil devic": -0.0930580657279876, 
        "web servic": -0.2010478341424996, 
        "face recognit": 0.1316518854585876, 
        "non neg": 0.0486817539624753, 
        "train set": 0.28695267188278356, 
        "fuzzi logic": -0.20687434322349374, 
        "machin elm": 0.18336327131851715, 
        "ad hoc": -0.016367752937592288, 
        "particl swarm": -0.036107073902900744, 
        "effect propos": 0.11741950597839249, 
        "real time": -0.03574484270424683, 
        "n gram": 0.017121931488063208, 
        "vector machin": 0.20924879342027117, 
        "mean squar": -0.0382632128000564, 
        "posit neg": 0.20937824592635557, 
        "power plant": -0.20519781243458932, 
        "supervis learn": 0.2787101924169927, 
        "upper bound": 0.020429814176956017, 
        "k mean": 0.10828581424047933, 
        "hidden layer": 0.15096424804052336, 
        "support vector": 0.20227784954841713, 
        "decis tree": 0.134377484219866, 
        "k nearest": 0.20339974440795472, 
        "state art": 0.20964318011597474, 
        "fault diagnosi": -0.02574018800632821, 
        "set theori": -0.13210064693995577, 
        "kalman filter": -0.03905652748121875, 
        "wide use": 0.09273958255889625, 
        "high level": 0.06130769802603879, 
        "inequ lmi": -0.04652623207380287, 
        "paper propos": 0.10575056930391516, 
        "data mine": 0.04164796632378659, 
        "back propag": 0.016872455897637254, 
        "ls svm": 0.1191562727942073, 
        "larg number": 0.11261507042721655, 
        "show propos": 0.14361343132481558, 
        "larg amount": 0.08834696729669562, 
        "web page": 0.013613035021150827, 
        "suffici condit": -0.2730411993416255, 
        "section titl": -0.5869729883750848, 
        "markov model": -0.03177804343050939, 
        "network ann": 0.05629278615301337, 
        "co occurr": 0.07659325098399399, 
        "amino acid": 0.1589248469815785, 
        "control system": -0.3359727274094746, 
        "learn algorithm": 0.14735638339584112, 
        "precis recal": 0.07566095789793416, 
        "close loop": -0.2347489963976673, 
        "extrem learn": 0.17892319411285038, 
        "result demonstr": 0.1027178028670577, 
        "fals posit": 0.12063799549227605, 
        "decis make": -0.11954709434152071, 
        "ant coloni": -0.10946574333058723, 
        "semi supervis": 0.3036469847862641, 
        "time consum": 0.1330112287994912, 
        "genet algorithm": -0.16993703817189346, 
        "present novel": 0.05794450815110231, 
        "social media": -0.045978480472297995, 
        "pre process": 0.1044686596778805, 
        "paper introduc": -0.0030508127507673354, 
        "propos method": 0.14144546819912326, 
        "train data": 0.2879628900562634, 
        "spatio tempor": 0.033296497654818485, 
        "h sub": -0.10578934387322639, 
        "result show": 0.06579932586671726, 
        "contain section": -0.5869729883750848, 
        "pid control": -0.23732602736689362, 
        "take account": 0.09788861161816002, 
        "princip compon": 0.14527463216019243, 
        "predict accuraci": 0.14739631566513683, 
        "associ rule": -0.14386177978180367, 
        "breast cancer": 0.12376347493007081, 
        "knowledg discoveri": 0.0010453983158827292, 
        "prior knowledg": 0.09893396633465917, 
        "ground truth": 0.22840971955411468, 
        "featur vector": 0.18558375466567406, 
        "simul result": -0.16690553376588002, 
        "time vari": -0.17651711288441907, 
        "propos algorithm": 0.09219805708028095, 
        "current committe": 0.0, 
        "rule base": 0.05632409165847164, 
        "decis maker": -0.17410559256333616, 
        "new approach": 0.02496797495458497, 
        "sup sup": -0.0901650959906232, 
        "recommend system": -0.05018655222464906, 
        "gaussian mixtur": 0.1437994291317279, 
        "real world": 0.1851812281429371, 
        "wide rang": 0.06153091260189482, 
        "e commerc": -0.044155189220053744, 
        "swarm optim": -0.028017831884919103, 
        "matrix inequ": -0.12879475237613652, 
        "propos new": 0.13311558727143152, 
        "non stationari": 0.07623685605490249, 
        "publicli avail": 0.22336783418279804,