{
    "39": {
        "self organ": 0.10290631452850547, 
        "time delay": -0.3569579236174664, 
        "high accuraci": -0.015205040354481242, 
        "new method": 0.015962600944112892, 
        "linear discrimin": -0.049792578568861275, 
        "convolut neural": -0.02598818613907433, 
        "social network": 0.03761118577534879, 
        "deep learn": -0.047477185692377744, 
        "take advantag": 0.09624663772174882, 
        "anomali detect": -0.006034451758517528, 
        "learn techniqu": -0.017161970290742595, 
        "inform retriev": 0.12100477713668709, 
        "magnet reson": 0.08966224658025237, 
        "remot sens": -0.14278791627826365, 
        "compon analysi": 0.09986943269648545, 
        "previou work": 0.0501206307194772, 
        "case studi": -0.09159777128904915, 
        "p p": 0.26088835397935645, 
        "big data": -0.1681971698995323, 
        "np hard": -0.05213709285497877, 
        "reinforc learn": -0.12243081053151753, 
        "comput vision": 0.15303134871716811, 
        "experi show": 0.1351609267951938, 
        "least squar": 0.009179560289479846, 
        "data collect": 0.0016190160721722712, 
        "fault toler": -0.2536701837711673, 
        "short term": -0.05455531335047814, 
        "featur select": 0.03714894194299306, 
        "fold cross": -0.015229029891193272, 
        "similar measur": 0.568982786574533, 
        "propos novel": 0.1914332418496252, 
        "analysi pca": 0.07943757334101155, 
        "present new": 0.0017436959811604619, 
        "classif accuraci": 0.06058736016987571, 
        "e g": 0.1285838827163551, 
        "kernel function": 0.1736757948884249, 
        "sub sub": -0.2389467556235487, 
        "bayesian network": -0.1352597340655364, 
        "paper describ": -0.0030113459828766103, 
        "fals alarm": 0.07749478024077237, 
        "result obtain": 0.019750671212708248, 
        "good perform": -0.013602785411225948, 
        "commonli use": 0.15171353538289437, 
        "petri net": -0.26528556372686674, 
        "method base": 0.09601554215954008, 
        "hidden node": 0.2872207034801106, 
        "licens plate": -0.014352083684812413, 
        "learn method": 0.09898030818122676, 
        "import role": 0.015322462525823144, 
        "black box": 0.029222590567377218, 
        "basi function": 0.1001684700162951, 
        "facial express": 0.22671820337760146, 
        "propos approach": 0.07527001039499143, 
        "gradient descent": 0.09436679112681455, 
        "proceed record": 0.0, 
        "real life": 0.05217356983357941, 
        "result indic": 0.020870740255861477, 
        "chapter contain": -0.6090461935851883, 
        "improv perform": 0.13279511315886516, 
        "low level": 0.10909657330644101, 
        "comput complex": 0.16092790196454426, 
        "experi result": 0.12529790315838113, 
        "recent year": 0.05236913276075618, 
        "sentiment analysi": -0.152796101427282, 
        "learn approach": 0.034826893056959206, 
        "mont carlo": -0.05054381018464826, 
        "naiv bay": -0.12301244568721344, 
        "cluster algorithm": 0.29808972362719494, 
        "suppli chain": -0.2994675516157422, 
        "intuitionist fuzzi": 0.09763980722355847, 
        "mobil robot": 0.08283071552111347, 
        "demonstr effect": 0.024792277992182997, 
        "confer proceed": -0.5109565889626527, 
        "train sampl": 0.09453895094913181, 
        "improv accuraci": 0.12982261202141676, 
        "maximum likelihood": 0.054538050596749335, 
        "paper present": 0.026327246029412187, 
        "gene express": 0.06614516079119834, 
        "search engin": 0.08269890098014819, 
        "experiment result": 0.16093106472007462, 
        "mobil devic": -0.06931578646424674, 
        "web servic": -0.13996225712316573, 
        "face recognit": 0.1324587501421119, 
        "non neg": -0.0036776628827238375, 
        "train set": 0.08913357473419764, 
        "fuzzi logic": -0.14759058201291403, 
        "machin elm": 0.1592789210613528, 
        "ad hoc": 0.1820368891809076, 
        "particl swarm": -0.08575897944426693, 
        "effect propos": -0.03884403985280327, 
        "real time": -0.03342934919454431, 
        "n gram": -0.09306348320837103, 
        "vector machin": 0.06420468335511065, 
        "mean squar": 0.07996458515888073, 
        "posit neg": -0.06155517224703605, 
        "power plant": -0.08224104928934407, 
        "supervis learn": 0.13665374753566165, 
        "upper bound": 0.11826588799402483, 
        "k mean": 0.2149499853566388, 
        "hidden layer": 0.14204099432468748, 
        "support vector": 0.05950250826739531, 
        "decis tree": -0.061463547871790626, 
        "k nearest": 0.2573326707396325, 
        "state art": 0.17738065236731912, 
        "fault diagnosi": -0.3544099582785745, 
        "set theori": -0.09762525791021748, 
        "kalman filter": 0.06125611146338873, 
        "wide use": 0.13762907001446364, 
        "high level": 0.07093637347103413, 
        "inequ lmi": -0.31050723268839187, 
        "paper propos": 0.11166396465634823, 
        "data mine": 0.05039728231965909, 
        "back propag": 0.071674304118132, 
        "ls svm": 0.017721457721291117, 
        "larg number": 0.10139886148813568, 
        "show propos": 0.1670009075414775, 
        "larg amount": 0.0672516225556122, 
        "web page": 0.020206706440895367, 
        "suffici condit": -0.4292282784413646, 
        "section titl": -0.614636444997749, 
        "markov model": -0.04126592707661987, 
        "network ann": -0.026921944775561757, 
        "co occurr": 0.1607744664510843, 
        "amino acid": 0.18840248298403062, 
        "control system": -0.4169698108638211, 
        "learn algorithm": 0.10180922043013307, 
        "precis recal": 0.20613791743391774, 
        "close loop": -0.5033406086067509, 
        "extrem learn": 0.10853325440940531, 
        "result demonstr": 0.0968533911458551, 
        "fals posit": 0.05791598989763306, 
        "decis make": -0.0743468782150149, 
        "ant coloni": 0.030441123647620354, 
        "semi supervis": 0.1992405385060747, 
        "time consum": 0.11202877203334569, 
        "genet algorithm": -0.06504520557496839, 
        "present novel": 0.07950574719249252, 
        "social media": -0.18927233186453274, 
        "pre process": 0.058620094704615204, 
        "paper introduc": -0.002591239995019835, 
        "propos method": 0.15279164878005022, 
        "train data": 0.16694640846438816, 
        "spatio tempor": 0.056922627849261914, 
        "h sub": -0.17495460763281614, 
        "result show": 0.11015163788942603, 
        "contain section": -0.614636444997749, 
        "pid control": -0.27243375238604534, 
        "take account": 0.16434366736373734, 
        "princip compon": 0.11350595171158759, 
        "predict accuraci": 0.08961728044808674, 
        "associ rule": -0.11238906089256008, 
        "breast cancer": -0.023964163219452925, 
        "knowledg discoveri": -0.03318679416895463, 
        "prior knowledg": 0.003917877531907825, 
        "ground truth": 0.07354559622685437, 
        "featur vector": 0.2953817956217816, 
        "simul result": -0.0920147222394514, 
        "time vari": -0.22964488666133917, 
        "propos algorithm": 0.1596710259988813, 
        "current committe": 0.0, 
        "rule base": -0.09607733473328676, 
        "decis maker": -0.12127433628986642, 
        "new approach": 0.09471684005464145, 
        "sup sup": -0.0984619101094268, 
        "recommend system": 0.05359979011130843, 
        "gaussian mixtur": -0.018341705533013793, 
        "real world": 0.10441318882800307, 
        "wide rang": 0.04281003218293872, 
        "e commerc": -0.03606064563584462, 
        "swarm optim": -0.08566063548025463, 
        "matrix inequ": -0.3537414464838713, 
        "propos new": 0.08588220789847187, 
        "non stationari": -0.06725006630546063, 
        "publicli avail": 0.112529305658135,