{
    "3": {
        "self organ": 0.23677861733802305, 
        "time delay": -0.32261621218619, 
        "high accuraci": 0.10506740219291139, 
        "new method": 0.05660536003154439, 
        "linear discrimin": 0.6503685191179892, 
        "convolut neural": -0.019650128714288916, 
        "social network": -0.30462251704994003, 
        "deep learn": 0.05033597010852483, 
        "take advantag": 0.14568895453780034, 
        "anomali detect": 0.07134776975476818, 
        "learn techniqu": -0.004252909653940077, 
        "inform retriev": -0.0919218869044485, 
        "magnet reson": 0.31542006302684417, 
        "remot sens": 0.04344578065795938, 
        "compon analysi": 0.8370479599003635, 
        "previou work": 0.107478263736175, 
        "case studi": 0.09319898485435901, 
        "p p": 0.1455795103182824, 
        "big data": 0.22433453925765218, 
        "np hard": 0.13308999224536733, 
        "reinforc learn": -0.17781506605361969, 
        "comput vision": 0.1659270812914844, 
        "experi show": 0.029105446295772427, 
        "least squar": 0.20413544407097642, 
        "data collect": 0.05087217279924906, 
        "fault toler": 0.043686184217515925, 
        "short term": -0.17646319902908902, 
        "featur select": 0.3368164362774875, 
        "fold cross": -0.12059932039878982, 
        "similar measur": -0.13303489124465318, 
        "propos novel": 0.183516452630376, 
        "analysi pca": 0.9681878349031526, 
        "present new": 0.018850506475773975, 
        "classif accuraci": 0.2931727859561937, 
        "e g": 0.1645615485558963, 
        "kernel function": 0.22945712266477494, 
        "sub sub": 0.003736014022127354, 
        "bayesian network": 0.005410334052280091, 
        "paper describ": -0.059453292717077486, 
        "fals alarm": 0.2700208623098752, 
        "result obtain": 0.13771675154107776, 
        "good perform": 0.07505888649463646, 
        "commonli use": 0.24049280559861808, 
        "petri net": -0.07649196447248056, 
        "method base": 0.11062559804787693, 
        "hidden node": 0.11339235521599494, 
        "licens plate": 0.04648013086782417, 
        "learn method": 0.08057338035832072, 
        "import role": -0.13595254696534465, 
        "black box": -0.12617522922512067, 
        "basi function": 0.09508913129403027, 
        "facial express": 0.2804483103409144, 
        "propos approach": 0.12504865345690044, 
        "gradient descent": 0.1310684271755398, 
        "proceed record": 0.0, 
        "real life": 0.11858462859220903, 
        "result indic": 0.052447909897851946, 
        "chapter contain": -0.5835918964460672, 
        "improv perform": 0.06999249198488158, 
        "low level": -0.023414278057619323, 
        "comput complex": 0.37838135977578463, 
        "experi result": 0.09685817601497534, 
        "recent year": -0.13180495748626597, 
        "sentiment analysi": -0.2628424293365861, 
        "learn approach": -0.03365074659542966, 
        "mont carlo": -0.08345617476784803, 
        "naiv bay": 0.020250554525498798, 
        "cluster algorithm": 0.04365843171540786, 
        "suppli chain": -0.3008869338807889, 
        "intuitionist fuzzi": -0.2467454579712146, 
        "mobil robot": -0.05959549023078444, 
        "demonstr effect": 0.1115927595395628, 
        "confer proceed": -0.3660470283187807, 
        "train sampl": 0.3394423727771143, 
        "improv accuraci": 0.1817264902039481, 
        "maximum likelihood": 0.22332817228160048, 
        "paper present": 0.028596479330955247, 
        "gene express": 0.24990062496961343, 
        "search engin": -0.22432861379526642, 
        "experiment result": 0.16331590573119967, 
        "mobil devic": 0.07039507331956939, 
        "web servic": -0.20920718696483606, 
        "face recognit": 0.6069197086275605, 
        "non neg": 0.3819149860138129, 
        "train set": 0.17709036732735173, 
        "fuzzi logic": -0.20177781952327656, 
        "machin elm": 0.08912619399941399, 
        "ad hoc": 0.161527356416295, 
        "particl swarm": -0.22536127171504133, 
        "effect propos": 0.033888867228420105, 
        "real time": -0.03943166555168154, 
        "n gram": -0.021584247123992532, 
        "vector machin": 0.17308909735278907, 
        "mean squar": -0.042127594844234596, 
        "posit neg": -0.18147151516291152, 
        "power plant": -0.19264594324282103, 
        "supervis learn": 0.16265252100412453, 
        "upper bound": 0.09380597452963274, 
        "k mean": 0.20481879860792004, 
        "hidden layer": 0.14139130528694366, 
        "support vector": 0.16473514838101747, 
        "decis tree": -0.001502664784177786, 
        "k nearest": 0.3118875292576992, 
        "state art": 0.1975701407184186, 
        "fault diagnosi": 0.07901362491317758, 
        "set theori": -0.11193508399234077, 
        "kalman filter": -0.06131729548001092, 
        "wide use": 0.20501613869895827, 
        "high level": 0.13608500923313846, 
        "inequ lmi": -0.06898751255048223, 
        "paper propos": 0.09255569528041836, 
        "data mine": 0.03244590983341542, 
        "back propag": -0.20469881901261985, 
        "ls svm": 0.12047328168658378, 
        "larg number": 0.13815462002342674, 
        "show propos": 0.10706204882417414, 
        "larg amount": 0.11236872302958024, 
        "web page": -0.3468958920081686, 
        "suffici condit": -0.5169280199456985, 
        "section titl": -0.590266209539381, 
        "markov model": -0.09709835660312424, 
        "network ann": 0.058470119065519896, 
        "co occurr": -0.06266670646804896, 
        "amino acid": 0.08311970816398213, 
        "control system": -0.4435232640738936, 
        "learn algorithm": 0.05241672001169391, 
        "precis recal": -0.05619917454207111, 
        "close loop": -0.4184170923194245, 
        "extrem learn": 0.10836714516231537, 
        "result demonstr": 0.1445716249225912, 
        "fals posit": 0.15586749056673907, 
        "decis make": -0.18488214947568107, 
        "ant coloni": -0.11373993097785687, 
        "semi supervis": 0.21594646134379564, 
        "time consum": 0.13395174990275308, 
        "genet algorithm": -0.1780455988731229, 
        "present novel": 0.20037313493961065, 
        "social media": -0.12527343404366245, 
        "pre process": 0.36167210812115974, 
        "paper introduc": 0.014512165038863486, 
        "propos method": 0.16202993163694884, 
        "train data": 0.2131282427433075, 
        "spatio tempor": 0.06706155693907884, 
        "h sub": -0.2216450778905494, 
        "result show": 0.04379732215840592, 
        "contain section": -0.590266209539381, 
        "pid control": -0.3088958361170224, 
        "take account": 0.11329178858460785, 
        "princip compon": 0.9048375001307919, 
        "predict accuraci": 0.1430739198945966, 
        "associ rule": -0.3076843720179806, 
        "breast cancer": 0.14543897220451316, 
        "knowledg discoveri": 0.17567423347899622, 
        "prior knowledg": 0.13332471390887715, 
        "ground truth": -0.10465461645000426, 
        "featur vector": 0.33643415583386793, 
        "simul result": -0.20985992387645663, 
        "time vari": -0.2635449006294967, 
        "propos algorithm": 0.14526441105105997, 
        "current committe": 0.0, 
        "rule base": -0.12037039394452964, 
        "decis maker": -0.3239701441563087, 
        "new approach": 0.033626658486110204, 
        "sup sup": 0.27724566698355085, 
        "recommend system": -0.08096194467488835, 
        "gaussian mixtur": 0.12981732567236, 
        "real world": 0.12333326450041092, 
        "wide rang": 0.07197682634674746, 
        "e commerc": -0.14505963377978734, 
        "swarm optim": -0.17396957159778018, 
        "matrix inequ": -0.35645539019026823, 
        "propos new": 0.06398029889880391, 
        "non stationari": 0.202097865330148, 
        "publicli avail": 0.22943003686408805,