{
    "40": {
        "self organ": 0.017588104819684234, 
        "time delay": -0.1942287535445655, 
        "high accuraci": 0.07397191000929855, 
        "new method": -0.031112555576685, 
        "linear discrimin": 0.005161841083936927, 
        "convolut neural": 0.0015335018795789657, 
        "social network": 0.014843318809841294, 
        "deep learn": 0.016053539208221904, 
        "take advantag": 0.020516585360255492, 
        "anomali detect": -0.07174237784131142, 
        "learn techniqu": 0.12610845789329347, 
        "inform retriev": 0.025199852396471156, 
        "magnet reson": 0.07842305176740685, 
        "remot sens": 0.05497969025632329, 
        "compon analysi": -0.004323856456060341, 
        "previou work": 0.009103775981698188, 
        "case studi": 0.16240976871410628, 
        "p p": 0.16181712572862172, 
        "big data": 0.04593246913479137, 
        "np hard": -0.08263157079000961, 
        "reinforc learn": -0.03266434265725298, 
        "comput vision": -0.05727673843187113, 
        "experi show": -0.08127677823827442, 
        "least squar": -0.08773267630256261, 
        "data collect": 0.18789367687799985, 
        "fault toler": -0.028914670127719002, 
        "short term": -0.01299393316620133, 
        "featur select": 0.08271289582315097, 
        "fold cross": 0.1459809621430356, 
        "similar measur": -0.10349304285080974, 
        "propos novel": -0.017307233747207083, 
        "analysi pca": 0.05696102172878799, 
        "present new": -0.07440275934901651, 
        "classif accuraci": 0.0071066402884232245, 
        "e g": 0.1152679245131719, 
        "kernel function": -0.026679876538124453, 
        "sub sub": -0.13961428487728525, 
        "bayesian network": 0.07634490497042752, 
        "paper describ": 0.07233544910997451, 
        "fals alarm": -0.013170607688100086, 
        "result obtain": 0.047350607468415115, 
        "good perform": 0.009370292367732125, 
        "commonli use": 0.017970201497219507, 
        "petri net": -0.0008001371390889602, 
        "method base": -0.030752379097613334, 
        "hidden node": -0.05099308711014212, 
        "licens plate": -0.025473140419206713, 
        "learn method": 0.06710733629540139, 
        "import role": 0.015048960828264958, 
        "black box": 0.09246677493276492, 
        "basi function": -0.11337983709666945, 
        "facial express": 0.02787768382257707, 
        "propos approach": -0.022687724921744035, 
        "gradient descent": -0.06629922029659252, 
        "proceed record": 0.0, 
        "real life": 0.08990285369360983, 
        "result indic": 0.0412706213354248, 
        "chapter contain": -0.4621373836954898, 
        "improv perform": -0.020435327224658344, 
        "low level": -0.014234015106449232, 
        "comput complex": -0.014419914561320767, 
        "experi result": -0.11122337619668048, 
        "recent year": 0.043474441323136805, 
        "sentiment analysi": 0.021731574441989827, 
        "learn approach": 0.0989444662654094, 
        "mont carlo": 0.0031530100907191903, 
        "naiv bay": 0.13478063775241605, 
        "cluster algorithm": -0.09745743994641078, 
        "suppli chain": 0.10364119850357573, 
        "intuitionist fuzzi": -0.11282713790322053, 
        "mobil robot": -0.08191925435512375, 
        "demonstr effect": -0.04256277541110651, 
        "confer proceed": -0.3006887253381059, 
        "train sampl": -0.05555027377216771, 
        "improv accuraci": 0.05159786850057607, 
        "maximum likelihood": -0.050088283614802255, 
        "paper present": 0.018672732674190576, 
        "gene express": -0.01675396797296748, 
        "search engin": 0.010550000347096107, 
        "experiment result": -0.07386296640675716, 
        "mobil devic": 0.09542438054854609, 
        "web servic": -0.006977850550088087, 
        "face recognit": -0.10872622725734554, 
        "non neg": -0.00032889906928375664, 
        "train set": -0.005442261378980835, 
        "fuzzi logic": 0.0731057362892539, 
        "machin elm": -0.024836975799345417, 
        "ad hoc": 0.0009447259294053563, 
        "particl swarm": -0.14343304359324943, 
        "effect propos": -0.10240404029767095, 
        "real time": 0.057240479522097924, 
        "n gram": 0.05329133966263195, 
        "vector machin": 0.055780240802414775, 
        "mean squar": -0.03998996671579058, 
        "posit neg": 0.060069891243434044, 
        "power plant": 0.060543329220788755, 
        "supervis learn": 0.03101433048957867, 
        "upper bound": -0.033507929999272545, 
        "k mean": -0.028187761755536566, 
        "hidden layer": -0.07845062138346073, 
        "support vector": 0.04877168962370817, 
        "decis tree": 0.11892942535330753, 
        "k nearest": 0.018405402393227147, 
        "state art": 0.035668837563248984, 
        "fault diagnosi": -0.09296100670185395, 
        "set theori": -0.026804348080767, 
        "kalman filter": -0.12087791230941469, 
        "wide use": 0.0017361914151125461, 
        "high level": 0.08249702577249952, 
        "inequ lmi": -0.14176086471258148, 
        "paper propos": -0.028731079020892714, 
        "data mine": 0.06590114997667297, 
        "back propag": -0.00776930108304189, 
        "ls svm": -0.03654040044857895, 
        "larg number": 0.055144491679330235, 
        "show propos": -0.05927515682647254, 
        "larg amount": 0.03852021237425646, 
        "web page": -0.04231494811833674, 
        "suffici condit": -0.2432892977425304, 
        "section titl": -0.4662599510693458, 
        "markov model": 0.06476954184843495, 
        "network ann": 0.03570932329406618, 
        "co occurr": 0.030643186599115246, 
        "amino acid": -0.027559236082484388, 
        "control system": -0.22787273566457222, 
        "learn algorithm": 0.048018299438754575, 
        "precis recal": 0.053835087290524095, 
        "close loop": -0.24218584242618443, 
        "extrem learn": -0.026196197432577405, 
        "result demonstr": -0.005491248305208394, 
        "fals posit": -0.002713242910369112, 
        "decis make": 0.20745360803602142, 
        "ant coloni": -0.06723017775358976, 
        "semi supervis": -0.024409503005350025, 
        "time consum": 0.11940466912338457, 
        "genet algorithm": -0.08716274953520661, 
        "present novel": 0.0055881677190188035, 
        "social media": 0.06126225645666977, 
        "pre process": 0.01219484935988842, 
        "paper introduc": -0.04269268449820202, 
        "propos method": -0.039246496426654794, 
        "train data": 0.025887919685234326, 
        "spatio tempor": 0.0661319527408753, 
        "h sub": -0.13157830693462233, 
        "result show": -0.027067553502963762, 
        "contain section": -0.4662599510693458, 
        "pid control": -0.17540622965844685, 
        "take account": 0.060524410662091126, 
        "princip compon": 0.023705736160285942, 
        "predict accuraci": 0.08138757483214776, 
        "associ rule": -0.06501872753327034, 
        "breast cancer": 0.11328056729753319, 
        "knowledg discoveri": -0.023569250342570035, 
        "prior knowledg": 0.0028271682474886343, 
        "ground truth": 0.10048250366479873, 
        "featur vector": 0.003568242169704669, 
        "simul result": -0.17477972693289556, 
        "time vari": -0.13912136361089353, 
        "propos algorithm": -0.1429350120813437, 
        "current committe": 0.01463415860324772, 
        "rule base": 0.04871385051095755, 
        "decis maker": 0.19055352705397632, 
        "new approach": -0.04144738529116984, 
        "sup sup": -0.08413459297570548, 
        "recommend system": 0.048577089992927355, 
        "gaussian mixtur": 0.05060668340188623, 
        "real world": 0.0283455524022276, 
        "wide rang": 0.05446191109567554, 
        "e commerc": -0.005958704459040303, 
        "swarm optim": -0.12790195717323238, 
        "matrix inequ": -0.26083652671546115,