{
    "41": {
        "self organ": 0.012823344777293645, 
        "time delay": 0.0067082117840681025, 
        "high accuraci": -0.01183623779753193, 
        "new method": -0.009470301740047602, 
        "linear discrimin": -0.06288709591553474, 
        "convolut neural": 0.0050784729096828695, 
        "social network": 0.16798565383347744, 
        "deep learn": 0.014065892114578735, 
        "take advantag": 0.0022532853169727127, 
        "anomali detect": 0.029371726186009486, 
        "learn techniqu": -0.07638571538999689, 
        "inform retriev": -0.14680131628769694, 
        "magnet reson": 0.03198599387959393, 
        "remot sens": 0.0705903242996737, 
        "compon analysi": 0.0013003390980147102, 
        "previou work": -0.04372966829277082, 
        "case studi": 0.14776328651014065, 
        "p p": -0.004780831658105639, 
        "big data": 0.006781533310858836, 
        "np hard": 0.013689608650621967, 
        "reinforc learn": -0.02339373487341246, 
        "comput vision": -0.011705038233539298, 
        "experi show": -0.08224154230285985, 
        "least squar": -0.05551165093065288, 
        "data collect": -0.06780063151127462, 
        "fault toler": 0.08906964240218329, 
        "short term": 0.276007777135665, 
        "featur select": 0.052424126217760554, 
        "fold cross": 0.03463316877337861, 
        "similar measur": -0.04803193999834075, 
        "propos novel": -0.041618731361374485, 
        "analysi pca": 0.13757024348636596, 
        "present new": -0.026414012293744824, 
        "classif accuraci": -0.09884660173633976, 
        "e g": -0.0667820909233614, 
        "kernel function": 0.07752951312261583, 
        "sub sub": -0.005163420969359385, 
        "bayesian network": 0.01184119707564103, 
        "paper describ": -0.06257543554167252, 
        "fals alarm": 0.029511682778934973, 
        "result obtain": 0.05823859241202363, 
        "good perform": 0.009444649452778994, 
        "commonli use": 0.02359868529478459, 
        "petri net": 0.07613746566214107, 
        "method base": 0.019404888812361937, 
        "hidden node": 0.06152032533283448, 
        "licens plate": 0.03761908819872974, 
        "learn method": -0.17068587409390454, 
        "import role": 0.1196656776686536, 
        "black box": 0.1474668466505786, 
        "basi function": 0.14384386154956497, 
        "facial express": 0.08142552633924509, 
        "propos approach": -0.1095766428651269, 
        "gradient descent": 0.0008139803380053921, 
        "proceed record": 0.038012913999345484, 
        "real life": -0.008887878969499005, 
        "result indic": 0.018018186247395727, 
        "chapter contain": -0.3255889951219139, 
        "improv perform": -0.09509932710687642, 
        "low level": -0.07542693017809164, 
        "comput complex": -0.07548492844774772, 
        "experi result": 0.06862736584311324, 
        "recent year": -0.02450897352625664, 
        "sentiment analysi": 0.1799240992046997, 
        "learn approach": -0.10722909613895372, 
        "mont carlo": 0.03594659461603165, 
        "naiv bay": -0.07718298460326797, 
        "cluster algorithm": -0.04091923527658424, 
        "suppli chain": 0.1673270056977301, 
        "intuitionist fuzzi": -0.02799244799321962, 
        "mobil robot": 0.021312711359836527, 
        "demonstr effect": 0.05182781919822654, 
        "confer proceed": -0.12825301220842966, 
        "train sampl": -0.0610002297201966, 
        "improv accuraci": 0.03717390266108366, 
        "maximum likelihood": 0.06839832664056934, 
        "paper present": -0.013658424462700467, 
        "gene express": -0.08287306889918006, 
        "search engin": -0.004927452778578491, 
        "experiment result": -0.0850385680930832, 
        "mobil devic": 0.10053671697018016, 
        "web servic": 0.008613080117899446, 
        "face recognit": 0.09906192281741624, 
        "non neg": -0.021276525799531962, 
        "train set": -0.1107418578562986, 
        "fuzzi logic": -0.06475272338983303, 
        "machin elm": 0.04200553949745911, 
        "ad hoc": 0.005341312195789584, 
        "particl swarm": -0.018499559352974235, 
        "effect propos": -0.021294310383356198, 
        "real time": -0.015200667669700144, 
        "n gram": -0.019820080049934127, 
        "vector machin": 0.01735402897539532, 
        "mean squar": 0.04273177947005576, 
        "posit neg": 0.16216703484107314, 
        "power plant": 0.17236907889938452, 
        "supervis learn": -0.054163185406838246, 
        "upper bound": 0.044231364329969304, 
        "k mean": -0.09862529188113298, 
        "hidden layer": 0.07636280220540907, 
        "support vector": 0.03312143109938043, 
        "decis tree": -0.09699026098112949, 
        "k nearest": 0.011117463093259597, 
        "state art": -0.12738517793724552, 
        "fault diagnosi": 0.17917866248256, 
        "set theori": -0.17327078008106023, 
        "kalman filter": 0.11700216465554857, 
        "wide use": -0.06313497075349321, 
        "high level": -0.06151055990858706, 
        "inequ lmi": 0.03324115194381281, 
        "paper propos": -0.060586102285162854, 
        "data mine": -0.14966696850004463, 
        "back propag": 0.1513406562648575, 
        "ls svm": 0.17880116857675768, 
        "larg number": -0.0958977353624029, 
        "show propos": 0.0221208998064455, 
        "larg amount": -0.11568347873033787, 
        "web page": -0.005194612234144117, 
        "suffici condit": -0.12575628781024029, 
        "section titl": -0.32826065600706955, 
        "markov model": 0.011734700039972245, 
        "network ann": 0.20597201413885577, 
        "co occurr": 0.04006967361378788, 
        "amino acid": 0.08369851273810508, 
        "control system": -0.040572817485949625, 
        "learn algorithm": -0.09421080942886251, 
        "precis recal": 0.08025677316388191, 
        "close loop": 0.0352168827527652, 
        "extrem learn": 0.05732428047857122, 
        "result demonstr": -0.04333614951706685, 
        "fals posit": -0.02502165494132189, 
        "decis make": 0.0058889945763122625, 
        "ant coloni": 0.020646041092552542, 
        "semi supervis": -0.037760836030160436, 
        "time consum": -0.06687827468917852, 
        "genet algorithm": -0.08761081706380064, 
        "present novel": 0.014632611991711588, 
        "social media": 0.23839119132191305, 
        "pre process": 0.12113299626589773, 
        "paper introduc": -0.13313671817436606, 
        "propos method": -0.016462574792241537, 
        "train data": -0.13021503733096526, 
        "spatio tempor": 0.0925104911810008, 
        "h sub": -0.0010830287397856054, 
        "result show": 0.0066593174245883, 
        "contain section": -0.32826065600706955, 
        "pid control": -0.03527564915441415, 
        "take account": 0.03503578447879364, 
        "princip compon": 0.06069716613301447, 
        "predict accuraci": 0.12399414181253744, 
        "associ rule": -0.009862451149029795, 
        "breast cancer": -0.009563642396371332, 
        "knowledg discoveri": 0.03894226285504576, 
        "prior knowledg": 0.0649996412170055, 
        "ground truth": -0.009162189592041708, 
        "featur vector": 0.0247085465626649, 
        "simul result": -0.07506141311626506, 
        "time vari": 0.18629651955301585, 
        "propos algorithm": -0.11278128114034967, 
        "current committe": 0.2818866289060459, 
        "rule base": -0.11795826884985743, 
        "decis maker": 0.06610487139215934, 
        "new approach": 0.03516136339961838, 
        "sup sup": 0.02501839722160776, 
        "recommend system": 0.07237219946840732, 
        "gaussian mixtur": 0.09988012952388677, 
        "real world": -0.15227389482137238, 
        "wide rang": -0.012256816986811449, 
        "e commerc": 0.10164991571769634, 
        "swarm optim": -0.04440907063562543, 
        "matrix inequ": 0.03134429821201175, 
        "propos new": -0.1103925588997686,