{
    "42": {
        "self organ": 0.022611436699916547, 
        "time delay": -0.28766582305589117, 
        "high accuraci": -0.18480287021302608, 
        "new method": -0.10967311872043356, 
        "linear discrimin": -0.23044211556484084, 
        "convolut neural": -0.08769007885571879, 
        "social network": 0.08911220813717435, 
        "deep learn": 0.030442197576100515, 
        "take advantag": 0.084012018461574, 
        "anomali detect": -0.12892641409222588, 
        "learn techniqu": -0.019407981243177403, 
        "inform retriev": 0.46110588893445886, 
        "magnet reson": -0.03776437307781395, 
        "remot sens": 0.004888980207888203, 
        "compon analysi": -0.1910575391745494, 
        "previou work": 0.09383535575901804, 
        "case studi": 0.07802082091743746, 
        "p p": 0.32215483788103016, 
        "big data": 0.16125478278639735, 
        "np hard": -0.05356971295553868, 
        "reinforc learn": -0.03980840613899856, 
        "comput vision": -0.02858968700533211, 
        "experi show": -0.016926146986144346, 
        "least squar": -0.20167325932562646, 
        "data collect": -0.020522974329944547, 
        "fault toler": -0.1215752333749021, 
        "short term": -0.2173123528055833, 
        "featur select": -0.13829703209883604, 
        "fold cross": -0.08704882404479684, 
        "similar measur": 0.3367378827953071, 
        "propos novel": 0.023434490559630775, 
        "analysi pca": -0.13359645013532664, 
        "present new": -0.00253699509972653, 
        "classif accuraci": -0.18501477545964864, 
        "e g": 0.12798914566080338, 
        "kernel function": -0.03981057221543411, 
        "sub sub": -0.10850620871348202, 
        "bayesian network": 0.06937400826202948, 
        "paper describ": 0.08394155714336529, 
        "fals alarm": -0.14626659903179998, 
        "result obtain": -0.05903108514758398, 
        "good perform": -0.09810425548400102, 
        "commonli use": -0.06178287458510198, 
        "petri net": 0.19987731661234168, 
        "method base": 0.02293704989300864, 
        "hidden node": -0.10640478224645923, 
        "licens plate": -0.06277523378676293, 
        "learn method": 0.022351430230728275, 
        "import role": 0.06146846171360029, 
        "black box": 0.1436881013082825, 
        "basi function": -0.26490341720286703, 
        "facial express": -0.1285975276807731, 
        "propos approach": 0.022972966589084255, 
        "gradient descent": -0.2109571622027152, 
        "proceed record": 0.0, 
        "real life": 0.1400070624334685, 
        "result indic": -0.15049641723299925, 
        "chapter contain": -0.5685737115082792, 
        "improv perform": -0.029076540460019326, 
        "low level": 0.19351006868216253, 
        "comput complex": -0.08499437163349302, 
        "experi result": -0.10457853576091888, 
        "recent year": -0.0655753376617354, 
        "sentiment analysi": 0.06555055147470673, 
        "learn approach": 0.07523137885421755, 
        "mont carlo": -0.16079207775591317, 
        "naiv bay": -0.1192797432245704, 
        "cluster algorithm": 0.018295380131564423, 
        "suppli chain": -0.022174182528948035, 
        "intuitionist fuzzi": -0.016026011921561566, 
        "mobil robot": -0.02159503863694852, 
        "demonstr effect": -0.017973488569476413, 
        "confer proceed": -0.28418160588318087, 
        "train sampl": -0.05392205017407571, 
        "improv accuraci": -0.03800467746331139, 
        "maximum likelihood": -0.10493895568458253, 
        "paper present": 0.018859460808048987, 
        "gene express": -0.07080528151409783, 
        "search engin": 0.24391891483662118, 
        "experiment result": -0.040132854701772594, 
        "mobil devic": 0.014584850169001799, 
        "web servic": 0.22170445928178145, 
        "face recognit": -0.21299948178121222, 
        "non neg": -0.02080663904043427, 
        "train set": -0.04548393016942134, 
        "fuzzi logic": 0.06272630001550922, 
        "machin elm": -0.26707639737508265, 
        "ad hoc": -0.023539317288637913, 
        "particl swarm": -0.22035139635284642, 
        "effect propos": -0.12917201139904658, 
        "real time": -0.15198018110698266, 
        "n gram": 0.16339648873370818, 
        "vector machin": -0.13401369848151864, 
        "mean squar": -0.19438544111209546, 
        "posit neg": 0.11177805135438179, 
        "power plant": -0.13512478347484289, 
        "supervis learn": 0.12277292180622185, 
        "upper bound": -0.14919266525689553, 
        "k mean": -0.07630605751563695, 
        "hidden layer": -0.23340988272826457, 
        "support vector": -0.13846855286137238, 
        "decis tree": -0.01565723354062695, 
        "k nearest": -0.15337559851344557, 
        "state art": 0.03268703484992346, 
        "fault diagnosi": -0.05878610409669938, 
        "set theori": 0.3295029220483762, 
        "kalman filter": -0.015170942948350275, 
        "wide use": -0.05385568472350041, 
        "high level": 0.20916593551970333, 
        "inequ lmi": -0.06171983463873622, 
        "paper propos": 0.06414445328173432, 
        "data mine": 0.1560320497792374, 
        "back propag": -0.17488311157260267, 
        "ls svm": -0.14245665820419398, 
        "larg number": -0.04760492960550051, 
        "show propos": -0.09962035192831113, 
        "larg amount": 0.12663838148640794, 
        "web page": 0.13869188071907257, 
        "suffici condit": -0.16793005359839117, 
        "section titl": -0.5737729460320243, 
        "markov model": -0.040857855672900734, 
        "network ann": -0.21314701252744647, 
        "co occurr": 0.2277784086710214, 
        "amino acid": 0.1000254148087101, 
        "control system": -0.3292425196484161, 
        "learn algorithm": -0.03449326302415417, 
        "precis recal": 0.15550146005921017, 
        "close loop": -0.32688399663588613, 
        "extrem learn": -0.2354030805242215, 
        "result demonstr": -0.06822168501645116, 
        "fals posit": -0.06622968730496674, 
        "decis make": 0.21084916380425636, 
        "ant coloni": -0.2477665506278591, 
        "semi supervis": 0.11211085412911044, 
        "time consum": 0.05054528703025918, 
        "genet algorithm": -0.16382186962710044, 
        "present novel": 0.019336045248729474, 
        "social media": 0.0240636356672737, 
        "pre process": 0.005882654291666028, 
        "paper introduc": 0.10929855998721262, 
        "propos method": -0.07000558729809876, 
        "train data": -0.02096523418700166, 
        "spatio tempor": 0.22775353766265288, 
        "h sub": -0.21139803512161098, 
        "result show": -0.08678535009279499, 
        "contain section": -0.5737729460320243, 
        "pid control": -0.49168304668220164, 
        "take account": 0.10456041460404314, 
        "princip compon": -0.2032866686906123, 
        "predict accuraci": -0.09325921450800036, 
        "associ rule": 0.1631152384133117, 
        "breast cancer": 0.020794079060678955, 
        "knowledg discoveri": 0.4807251745911183, 
        "prior knowledg": 0.330099292672496, 
        "ground truth": -0.03420180405249918, 
        "featur vector": -0.06808882880250576, 
        "simul result": -0.3472322205261766, 
        "time vari": -0.3662564905309315, 
        "propos algorithm": -0.14385288918962014, 
        "current committe": 0.0, 
        "rule base": 0.22834895861392382, 
        "decis maker": 0.0448296790208652, 
        "new approach": 0.09086535182802931, 
        "sup sup": -0.002641195314404366, 
        "recommend system": 0.09856138173811574, 
        "gaussian mixtur": 0.026626730516156574, 
        "real world": 0.07775584740506376, 
        "wide rang": 0.0375686996648781, 
        "e commerc": 0.0747726674234762, 
        "swarm optim": -0.22437041920646053, 
        "matrix inequ": -0.30310553674765706, 
        "propos new": 0.01262107835880175, 
        "non stationari": -0.09641581786840311,