{
    "43": {
        "self organ": 0.048482186300824376, 
        "time delay": 0.14606045905517215, 
        "high accuraci": -0.02048938095211119, 
        "new method": 0.03065708043933387, 
        "linear discrimin": 0.02771681246092514, 
        "convolut neural": -0.01662850160919802, 
        "social network": -0.07152806130153369, 
        "deep learn": -0.05434212300019762, 
        "take advantag": -0.004374216064592627, 
        "anomali detect": 0.030592380600718592, 
        "learn techniqu": -0.0491092889483282, 
        "inform retriev": -0.10550500049101277, 
        "magnet reson": 0.07510175897931214, 
        "remot sens": 0.09563836838501619, 
        "compon analysi": 0.018866464365069453, 
        "previou work": -0.008104788722618581, 
        "case studi": 0.038259363126326364, 
        "p p": 0.0412201791657028, 
        "big data": -0.06315743950461762, 
        "np hard": 0.12809058940211934, 
        "reinforc learn": 0.02770257238277039, 
        "comput vision": -0.02105848432996779, 
        "experi show": -0.057051071395453685, 
        "least squar": 0.075984200503454, 
        "data collect": 0.05836304498171643, 
        "fault toler": 0.20156033543076163, 
        "short term": 0.06292115156793376, 
        "featur select": -0.11036760645750085, 
        "fold cross": -0.024198964939350906, 
        "similar measur": -0.05933891590364744, 
        "propos novel": 0.030645376020560534, 
        "analysi pca": -0.06831210635288967, 
        "present new": -0.0018888146881372667, 
        "classif accuraci": -0.054583547020605284, 
        "e g": 0.08043838001143304, 
        "kernel function": 0.0404074673799249, 
        "sub sub": 0.2362446577182201, 
        "bayesian network": 0.09765168374126962, 
        "paper describ": -0.007583963155007981, 
        "fals alarm": 0.05669314675576266, 
        "result obtain": -0.023564834345742944, 
        "good perform": 0.0683610459391175, 
        "commonli use": 0.06247448441172184, 
        "petri net": 0.0625193774422874, 
        "method base": 0.014582108843247, 
        "hidden node": -0.05620441035097846, 
        "licens plate": 0.049611347195136525, 
        "learn method": 0.03249360443299361, 
        "import role": 0.01391499034440137, 
        "black box": 0.061250196855049094, 
        "basi function": -0.05894636793403387, 
        "facial express": 0.02506812444612738, 
        "propos approach": 0.0601058982294047, 
        "gradient descent": 0.11547393860054266, 
        "proceed record": 0.0, 
        "real life": 0.022124391115488674, 
        "result indic": -0.05844642254586543, 
        "chapter contain": -0.12433930330555218, 
        "improv perform": -0.012690407825775405, 
        "low level": 0.059534083017414086, 
        "comput complex": 0.03887633368262944, 
        "experi result": -0.008349038415827154, 
        "recent year": -0.0823701008535069, 
        "sentiment analysi": -0.08239389519790433, 
        "learn approach": -0.0549292922841316, 
        "mont carlo": 0.24986544301066352, 
        "naiv bay": -0.07367730116521054, 
        "cluster algorithm": -0.09112083056337751, 
        "suppli chain": 0.09160884896401683, 
        "intuitionist fuzzi": -0.03256035068356948, 
        "mobil robot": 0.07148431023474956, 
        "demonstr effect": 0.09781970248571321, 
        "confer proceed": -0.10794811891054637, 
        "train sampl": 0.036798315671600926, 
        "improv accuraci": -0.04311307618439247, 
        "maximum likelihood": 0.2601203695390338, 
        "paper present": -0.03225517785247706, 
        "gene express": -0.009491685768887898, 
        "search engin": -0.08588268895425391, 
        "experiment result": -0.03117011296726399, 
        "mobil devic": -0.00375845728326325, 
        "web servic": 0.003593935329078428, 
        "face recognit": 0.0035566381361505075, 
        "non neg": 0.06532655075937127, 
        "train set": 0.0308161144685747, 
        "fuzzi logic": 0.11578305557984804, 
        "machin elm": -0.09359963864336907, 
        "ad hoc": 0.06684181078875423, 
        "particl swarm": -0.10731641692845974, 
        "effect propos": 0.07078719095527562, 
        "real time": 0.07263045034256657, 
        "n gram": -0.0330930573408744, 
        "vector machin": -0.03938691386514459, 
        "mean squar": 0.08848831605825853, 
        "posit neg": -0.005395132153865001, 
        "power plant": 0.1071541204399874, 
        "supervis learn": 0.016262713227256115, 
        "upper bound": 0.24207862113310516, 
        "k mean": -0.09087501694280967, 
        "hidden layer": -0.06103693288887054, 
        "support vector": -0.02299074597547946, 
        "decis tree": -0.10106770697953503, 
        "k nearest": -0.04331583901369775, 
        "state art": 0.06269800625983894, 
        "fault diagnosi": 0.05287671734606137, 
        "set theori": -0.14606816068669445, 
        "kalman filter": 0.17406437177183362, 
        "wide use": 0.023164918920714164, 
        "high level": 0.003815439126171244, 
        "inequ lmi": 0.2289119319304225, 
        "paper propos": -0.02995814263142036, 
        "data mine": -0.15179908256024446, 
        "back propag": 0.005029335193365286, 
        "ls svm": 0.05883046554952864, 
        "larg number": 0.03737380615931782, 
        "show propos": 0.009734397729124504, 
        "larg amount": 0.022818753498381125, 
        "web page": -0.11708543889444846, 
        "suffici condit": 0.15853317861570898, 
        "section titl": -0.12516358190061055, 
        "markov model": 0.1544276340917243, 
        "network ann": 0.02816467691123752, 
        "co occurr": 0.023704543059358013, 
        "amino acid": -0.0054996896004955035, 
        "control system": 0.11584762448728245, 
        "learn algorithm": -0.07016748754021614, 
        "precis recal": 0.02655613198928095, 
        "close loop": 0.22078979029128548, 
        "extrem learn": -0.09418003874373823, 
        "result demonstr": -0.013008587931263459, 
        "fals posit": 0.040591419602704265, 
        "decis make": -0.02465736691182174, 
        "ant coloni": 0.0025477210225193347, 
        "semi supervis": 0.007044273740985441, 
        "time consum": 0.014277052712377197, 
        "genet algorithm": -0.05476729830244231, 
        "present novel": 0.05385509860036256, 
        "social media": -0.0558391960825011, 
        "pre process": -0.023988916457073073, 
        "paper introduc": 0.03617104427203741, 
        "propos method": 0.018919919160564472, 
        "train data": 0.02823690993227958, 
        "spatio tempor": 0.09868071298776362, 
        "h sub": 0.25906411654244454, 
        "result show": 0.000643123998366251, 
        "contain section": -0.12516358190061055, 
        "pid control": 0.09054915851660301, 
        "take account": 0.16025809409267916, 
        "princip compon": -0.0560796580927087, 
        "predict accuraci": -0.01997465866210984, 
        "associ rule": -0.1478604171323797, 
        "breast cancer": -0.019218108001998847, 
        "knowledg discoveri": 0.018224503467680852, 
        "prior knowledg": 0.10906327816614837, 
        "ground truth": 0.14473201531230703, 
        "featur vector": -0.01674356894378098, 
        "simul result": 0.08448119376185528, 
        "time vari": 0.17314791904512053, 
        "propos algorithm": -0.010567705126827533, 
        "current committe": 0.0, 
        "rule base": -0.0778260304223276, 
        "decis maker": 0.08549088846046796, 
        "new approach": -0.05768779434340024, 
        "sup sup": 0.05288555609647134, 
        "recommend system": -0.04398626881803259, 
        "gaussian mixtur": 0.15565543946035515, 
        "real world": 0.014057400656498215, 
        "wide rang": 0.10050154964917593, 
        "e commerc": -0.019053345960544674, 
        "swarm optim": -0.13927046827818698, 
        "matrix inequ": 0.2267275825306043, 
        "propos new": -0.013488864674416125, 
        "non stationari": 0.0851434979299829,