{
    "44": {
        "self organ": 0.06323349975196339, 
        "time delay": -0.1310385171826836, 
        "high accuraci": -0.06419586495307238, 
        "new method": -0.08766058886234433, 
        "linear discrimin": 0.003999809315945854, 
        "convolut neural": 0.041976868455495815, 
        "social network": 0.5073719077075676, 
        "deep learn": 0.11867107640005861, 
        "take advantag": 0.05596131898261806, 
        "anomali detect": 0.06000134940006429, 
        "learn techniqu": 0.11901021933213006, 
        "inform retriev": 0.15669171693435524, 
        "magnet reson": 0.12397545307847661, 
        "remot sens": 0.034272420673603934, 
        "compon analysi": -0.09728746991891596, 
        "previou work": 0.11758369752757243, 
        "case studi": 0.12174442232018502, 
        "p p": 0.08207223980731829, 
        "big data": 0.12909325874667718, 
        "np hard": -0.012021860854550663, 
        "reinforc learn": -0.057921319964421424, 
        "comput vision": 0.028107915684857064, 
        "experi show": 0.03767434085919607, 
        "least squar": -0.05741877298661186, 
        "data collect": 0.2137777817348692, 
        "fault toler": 0.033321543817921295, 
        "short term": 0.0022462542841526403, 
        "featur select": 0.15594313023125675, 
        "fold cross": 0.13835536271800006, 
        "similar measur": 0.07686347920982889, 
        "propos novel": 0.0019171713686304695, 
        "analysi pca": 0.04249611294958337, 
        "present new": 0.030556629470025822, 
        "classif accuraci": 0.021218696947339598, 
        "e g": 0.1464197818539095, 
        "kernel function": -0.032833609285189115, 
        "sub sub": -0.11700492926357367, 
        "bayesian network": -0.018050929047283008, 
        "paper describ": 0.0038030175520104336, 
        "fals alarm": -0.002696372442672722, 
        "result obtain": 0.07744913048855617, 
        "good perform": -0.024267824426739585, 
        "commonli use": 0.0024994858708269046, 
        "petri net": -0.036771396679566394, 
        "method base": -0.06305634589682256, 
        "hidden node": 0.0012612717460726564, 
        "licens plate": -0.04383563444307435, 
        "learn method": 0.09411467056606912, 
        "import role": 0.06024815987020612, 
        "black box": 0.04921059758581639, 
        "basi function": -0.10724794758120049, 
        "facial express": 0.04047590242233735, 
        "propos approach": 0.08273332034752079, 
        "gradient descent": -0.06288436394463892, 
        "proceed record": 0.0, 
        "real life": 0.12790141060823584, 
        "result indic": -0.016322945310938208, 
        "chapter contain": -0.35281735549365545, 
        "improv perform": 0.041159247077937236, 
        "low level": 0.05791864513424115, 
        "comput complex": -0.008471270316240502, 
        "experi result": -0.08468165608295472, 
        "recent year": 0.18859112807577041, 
        "sentiment analysi": 0.6947251416266708, 
        "learn approach": 0.2852492990361905, 
        "mont carlo": -0.03319997976930578, 
        "naiv bay": 0.2929801378523487, 
        "cluster algorithm": -0.05249195391287868, 
        "suppli chain": -0.005297633865142652, 
        "intuitionist fuzzi": -0.06697955435175017, 
        "mobil robot": 0.029303553432388316, 
        "demonstr effect": 0.012213986654037494, 
        "confer proceed": -0.40869125121438005, 
        "train sampl": -0.028903530199501745, 
        "improv accuraci": 0.09282509377482527, 
        "maximum likelihood": 0.0009947793816455757, 
        "paper present": 0.051638303589960195, 
        "gene express": 0.06130391093701607, 
        "search engin": 0.08127499035631296, 
        "experiment result": -0.006340108422604806, 
        "mobil devic": 0.025108307967256865, 
        "web servic": 0.012873553329763964, 
        "face recognit": -0.04432790602327141, 
        "non neg": 0.022846953855523905, 
        "train set": -0.05170233123394211, 
        "fuzzi logic": 0.0013556629318595159, 
        "machin elm": -0.10012223523679611, 
        "ad hoc": 0.0050487676305603045, 
        "particl swarm": -0.06866768977619091, 
        "effect propos": -0.06618504413642838, 
        "real time": -0.08269049166599014, 
        "n gram": 0.37459461472872563, 
        "vector machin": 0.061189062592423064, 
        "mean squar": -0.09754067386867221, 
        "posit neg": 0.5864047326914807, 
        "power plant": -0.0681417386270129, 
        "supervis learn": 0.2090645035939391, 
        "upper bound": -0.03588810796035851, 
        "k mean": 0.06633031761707137, 
        "hidden layer": -0.06792529059922708, 
        "support vector": 0.05539963732881583, 
        "decis tree": 0.058534651619001066, 
        "k nearest": 0.14672681368805146, 
        "state art": 0.056925685916385874, 
        "fault diagnosi": -0.1169247735608884, 
        "set theori": -0.028918871173984464, 
        "kalman filter": -0.03383949030991235, 
        "wide use": 0.04974766470107495, 
        "high level": 0.06867761166477432, 
        "inequ lmi": -0.09970813512466373, 
        "paper propos": 0.045108254564523644, 
        "data mine": -0.025441085751734687, 
        "back propag": -0.023914866739203934, 
        "ls svm": 0.03548852942884694, 
        "larg number": 0.11015576235329551, 
        "show propos": -0.022517004708295187, 
        "larg amount": 0.17695180596511603, 
        "web page": 0.0615261077582616, 
        "suffici condit": -0.18101678744018523, 
        "section titl": -0.3558261664561723, 
        "markov model": 0.021125902044768892, 
        "network ann": -0.03440864890030276, 
        "co occurr": 0.09962219164619618, 
        "amino acid": 0.0876295841524631, 
        "control system": -0.2222574838115033, 
        "learn algorithm": 0.1171852142337914, 
        "precis recal": 0.18947234029429236, 
        "close loop": -0.16550336727052303, 
        "extrem learn": -0.22635284174072526, 
        "result demonstr": -0.00671944933538318, 
        "fals posit": 0.032902836192451324, 
        "decis make": 0.1593933836956965, 
        "ant coloni": -0.08344745451958842, 
        "semi supervis": 0.23590481748782838, 
        "time consum": 0.050055291930874435, 
        "genet algorithm": -0.13505184601426956, 
        "present novel": -0.01907122913038989, 
        "social media": 0.6161257865211172, 
        "pre process": 0.21364145620555033, 
        "paper introduc": -0.14054391159096574, 
        "propos method": -0.025921193728303107, 
        "train data": 0.12567284674147355, 
        "spatio tempor": 0.13373574095978621, 
        "h sub": -0.13234934589502698, 
        "result show": -0.0182506217649658, 
        "contain section": -0.3558261664561723, 
        "pid control": -0.20790196735107078, 
        "take account": 0.1329701197169434, 
        "princip compon": -0.0973105951557763, 
        "predict accuraci": 0.04641532090615551, 
        "associ rule": -0.06136844629984785, 
        "breast cancer": 0.04943035854969867, 
        "knowledg discoveri": 0.0644963547820434, 
        "prior knowledg": 0.020587423412724272, 
        "ground truth": 0.1079095222404782, 
        "featur vector": 0.15496915781684747, 
        "simul result": -0.1961833868396522, 
        "time vari": -0.08450032379237535, 
        "propos algorithm": -0.14933956712627744, 
        "current committe": 0.0, 
        "rule base": 0.13246378472570283, 
        "decis maker": 0.07160632051091835, 
        "new approach": -0.13786408316561882, 
        "sup sup": 0.004885667290172879, 
        "recommend system": 0.18006296652329418, 
        "gaussian mixtur": 0.05637801276833201, 
        "real world": -0.024461349633995655, 
        "wide rang": 0.0688105482846779, 
        "e commerc": 0.29688662382504954, 
        "swarm optim": -0.06926527615343908, 
        "matrix inequ": -0.21250786507837122, 
        "propos new": -0.03676733836534023, 
        "non stationari": 0.08376775030649822,