{
    "45": {
        "self organ": 0.07615750957433831, 
        "time delay": -0.4478274703436207, 
        "high accuraci": 0.05922628793470453, 
        "new method": -0.14287376795984014, 
        "linear discrimin": -0.004803353295055698, 
        "convolut neural": 0.0442237402185377, 
        "social network": 0.16818337342846085, 
        "deep learn": 0.2698686023744429, 
        "take advantag": 0.10262238018900961, 
        "anomali detect": 0.2224073231076135, 
        "learn techniqu": 0.24329425757001458, 
        "inform retriev": 0.10129178814840259, 
        "magnet reson": 0.09742570793881146, 
        "remot sens": 0.14789140005376783, 
        "compon analysi": 0.029074225440918876, 
        "previou work": 0.08823933814207588, 
        "case studi": 0.15673624491650687, 
        "p p": 0.5421529708090977, 
        "big data": 0.4438131773067253, 
        "np hard": -0.04200347539753506, 
        "reinforc learn": 0.021560062350817002, 
        "comput vision": 0.12656126936977985, 
        "experi show": -0.08298919821078977, 
        "least squar": -0.02979570597855302, 
        "data collect": 0.2843249709234291, 
        "fault toler": -0.03503794553331964, 
        "short term": 0.051056714551398014, 
        "featur select": 0.15731272126255896, 
        "fold cross": 0.10223213946355028, 
        "similar measur": -0.17134172163690195, 
        "propos novel": 0.05956806711772597, 
        "analysi pca": 0.13147874750611677, 
        "present new": -0.06090019210895621, 
        "classif accuraci": 0.15276098921165013, 
        "e g": 0.20925469955189846, 
        "kernel function": 0.07049509416402552, 
        "sub sub": -0.39728043848234706, 
        "bayesian network": 0.04203811175797343, 
        "paper describ": 0.08338677143078792, 
        "fals alarm": 0.13529503513059749, 
        "result obtain": 0.019947875948908886, 
        "good perform": 0.023906816765232076, 
        "commonli use": 0.07704822292219192, 
        "petri net": -0.40619918224976986, 
        "method base": -0.08763597907365267, 
        "hidden node": 0.14888047943605218, 
        "licens plate": -0.4032977683714677, 
        "learn method": 0.2155353582994157, 
        "import role": 0.02861324542663241, 
        "black box": 0.12818503893083255, 
        "basi function": -0.047394515095545785, 
        "facial express": -0.04287645831900303, 
        "propos approach": 0.019709927190370066, 
        "gradient descent": 0.07971476421918694, 
        "proceed record": 0.007802046386075239, 
        "real life": 0.1954032321571041, 
        "result indic": -0.0006373320584849806, 
        "chapter contain": -0.49369795494961216, 
        "improv perform": 0.045286236439386666, 
        "low level": 0.08731504555745988, 
        "comput complex": 0.04742779761314504, 
        "experi result": -0.07268188739993561, 
        "recent year": 0.1538081512784005, 
        "sentiment analysi": 0.23503608814253218, 
        "learn approach": 0.21728204565051076, 
        "mont carlo": -0.04589089590721965, 
        "naiv bay": 0.11438389922121815, 
        "cluster algorithm": -0.013263747427713773, 
        "suppli chain": -0.3033850357148189, 
        "intuitionist fuzzi": -0.4299150892304714, 
        "mobil robot": -0.20875866843261615, 
        "demonstr effect": -0.006344223556831233, 
        "confer proceed": -1.083437987012072, 
        "train sampl": 0.02151262152829802, 
        "improv accuraci": 0.06271860711531094, 
        "maximum likelihood": -0.06845416934855238, 
        "paper present": 0.023437948533221127, 
        "gene express": 0.1339718141233638, 
        "search engin": 0.04494302935777282, 
        "experiment result": -0.008830941834583694, 
        "mobil devic": 0.21245378997626976, 
        "web servic": 0.015399031948193656, 
        "face recognit": -0.1424544746976609, 
        "non neg": -0.06516733550063877, 
        "train set": 0.10725729826563851, 
        "fuzzi logic": -0.1859627659903208, 
        "machin elm": 0.1730322962332578, 
        "ad hoc": 0.08136754216599397, 
        "particl swarm": -0.20066633055152683, 
        "effect propos": -0.07027156579095721, 
        "real time": 0.09645801937793065, 
        "n gram": 0.048744851526997264, 
        "vector machin": 0.13195089085048292, 
        "mean squar": -0.023798702115408483, 
        "posit neg": 0.14988867984819823, 
        "power plant": -0.17515034345607272, 
        "supervis learn": 0.22457021938277008, 
        "upper bound": -0.0854541556246112, 
        "k mean": 0.10459643110141256, 
        "hidden layer": 0.10624541036069986, 
        "support vector": 0.12802572770301499, 
        "decis tree": 0.11561936753352081, 
        "k nearest": 0.1512548039850101, 
        "state art": 0.16192057599923737, 
        "fault diagnosi": -0.13736443600044002, 
        "set theori": -0.06765510356840358, 
        "kalman filter": -0.13033326828402722, 
        "wide use": 0.12914284830973843, 
        "high level": 0.15618508492287297, 
        "inequ lmi": -0.36038327398354, 
        "paper propos": 0.03444546933460356, 
        "data mine": 0.29649444467355857, 
        "back propag": 0.005811478198002854, 
        "ls svm": 0.05132875592115379, 
        "larg number": 0.15775330681384048, 
        "show propos": -0.02775691074233075, 
        "larg amount": 0.23688508077168657, 
        "web page": 0.022143280120624664, 
        "suffici condit": -0.6537024230603526, 
        "section titl": -0.49676544650120485, 
        "markov model": 0.023425696311492984, 
        "network ann": 0.04380686997743648, 
        "co occurr": -0.04284043140768811, 
        "amino acid": 0.04529714017443578, 
        "control system": -0.3268909163150758, 
        "learn algorithm": 0.25416420588737304, 
        "precis recal": 0.06998634485074275, 
        "close loop": -0.4532404534064924, 
        "extrem learn": 0.1732372285138265, 
        "result demonstr": 0.024254855965710923, 
        "fals posit": 0.1361537683438599, 
        "decis make": 0.06758572381994364, 
        "ant coloni": -0.30386849397005844, 
        "semi supervis": 0.18813016428264814, 
        "time consum": 0.15699992595831913, 
        "genet algorithm": -0.19253265588153204, 
        "present novel": -0.00796926480611572, 
        "social media": 0.26149750101248387, 
        "pre process": 0.1725364791955255, 
        "paper introduc": 0.022845003188868597, 
        "propos method": -0.04236640470825545, 
        "train data": 0.23763731524267906, 
        "spatio tempor": 0.11148163402196494, 
        "h sub": -0.6596302689803262, 
        "result show": -0.03441027629991855, 
        "contain section": -0.49676544650120485, 
        "pid control": -0.6023869718350998, 
        "take account": 0.0615101190549327, 
        "princip compon": 0.07256597539577549, 
        "predict accuraci": 0.1458433243433467, 
        "associ rule": -0.08423334856967235, 
        "breast cancer": 0.17403283628370572, 
        "knowledg discoveri": 0.2870254785118839, 
        "prior knowledg": 0.055732620279828456, 
        "ground truth": 0.14101612028873373, 
        "featur vector": 0.03258401951420413, 
        "simul result": -0.25040907404026813, 
        "time vari": -0.28233560561727905, 
        "propos algorithm": -0.03261003069227355, 
        "current committe": 0.0, 
        "rule base": 0.06872494936499679, 
        "decis maker": -0.06786705158785761, 
        "new approach": 0.03961527792233454, 
        "sup sup": -0.1056208897514237, 
        "recommend system": 0.14958947437358644, 
        "gaussian mixtur": -0.022472361861312448, 
        "real world": 0.2139569079967367, 
        "wide rang": 0.2186052815054874, 
        "e commerc": 0.09674741546703998, 
        "swarm optim": -0.2119829394780838, 
        "matrix inequ": -0.7787414180538161, 
        "propos new": -0.010317287220845102, 
        "non stationari": 0.1366744367223715,