{
    "46": {
        "self organ": 0.11433911170044368, 
        "time delay": -0.16152134543239546, 
        "high accuraci": -0.03126635485905517, 
        "new method": -0.012473158888254074, 
        "linear discrimin": -0.060854476366305615, 
        "convolut neural": 0.054683472694011206, 
        "social network": 0.29869707153124087, 
        "deep learn": 0.10090002631746599, 
        "take advantag": 0.10272033703846914, 
        "anomali detect": 0.17973427049286653, 
        "learn techniqu": -0.06638218911370747, 
        "inform retriev": 0.10402714523853548, 
        "magnet reson": 0.07651115235511723, 
        "remot sens": -0.005740994098898446, 
        "compon analysi": -0.02608608208214595, 
        "previou work": 0.08393159730475877, 
        "case studi": 0.012104569589118904, 
        "p p": 0.21221978034048442, 
        "big data": 0.19239609782553369, 
        "np hard": 0.11733276425787041, 
        "reinforc learn": -0.2385512073426891, 
        "comput vision": -0.04047782698617727, 
        "experi show": 0.09787643561674708, 
        "least squar": -0.043924055472377585, 
        "data collect": 0.0432300311356106, 
        "fault toler": 0.0592314663150412, 
        "short term": -0.06723169282659051, 
        "featur select": -0.024853017291776705, 
        "fold cross": 0.16330310024971761, 
        "similar measur": 0.17998183245812618, 
        "propos novel": 0.10864785204682953, 
        "analysi pca": 0.025823419091588085, 
        "present new": -0.017177611221760175, 
        "classif accuraci": 0.08119994302787825, 
        "e g": 0.14185691758747435, 
        "kernel function": -0.09116962547950869, 
        "sub sub": -0.07806430448482675, 
        "bayesian network": 0.1884429341083876, 
        "paper describ": -0.08560671790345288, 
        "fals alarm": 0.019216339925968454, 
        "result obtain": -0.04747174582087445, 
        "good perform": 0.09950735045342966, 
        "commonli use": 0.0314171745217702, 
        "petri net": -0.08924741675909177, 
        "method base": -0.012773273518992347, 
        "hidden node": 0.09324982058872433, 
        "licens plate": -0.024146788515078683, 
        "learn method": 0.0551613980530814, 
        "import role": -0.026832018693309343, 
        "black box": -0.0003786733769970264, 
        "basi function": -0.18647601829026847, 
        "facial express": 0.012783768643726755, 
        "propos approach": 0.044528234204286324, 
        "gradient descent": 0.009860620861047598, 
        "proceed record": 0.0, 
        "real life": 0.16572423812257747, 
        "result indic": 0.07254006343393209, 
        "chapter contain": -0.3622214342229021, 
        "improv perform": 0.033734378176169054, 
        "low level": 0.1784434969175185, 
        "comput complex": -0.037760269537035394, 
        "experi result": -0.0850056700840182, 
        "recent year": 0.09036964800360639, 
        "sentiment analysi": 0.13790484661530422, 
        "learn approach": 0.06806765279927698, 
        "mont carlo": 0.033320305500547806, 
        "naiv bay": 0.074393622594716, 
        "cluster algorithm": 0.2418438401011908, 
        "suppli chain": -0.15820871290108515, 
        "intuitionist fuzzi": -0.1638591956711644, 
        "mobil robot": -0.06877256163010453, 
        "demonstr effect": 0.07290096071988839, 
        "confer proceed": -0.4443999250422909, 
        "train sampl": -0.09511276324084648, 
        "improv accuraci": 0.008873588769651955, 
        "maximum likelihood": 0.08961232996166299, 
        "paper present": 0.016383881474838203, 
        "gene express": -0.04919216736836223, 
        "search engin": 0.20080000007262755, 
        "experiment result": 0.04418913407899688, 
        "mobil devic": 0.07195829069349619, 
        "web servic": -0.03473082586768358, 
        "face recognit": -0.006015320774882057, 
        "non neg": 0.003267494369352887, 
        "train set": 0.01030702369382528, 
        "fuzzi logic": -0.04091829613065892, 
        "machin elm": -0.02610133160357455, 
        "ad hoc": 0.1470164467448721, 
        "particl swarm": -0.17480438226128922, 
        "effect propos": 0.02573557956400159, 
        "real time": -0.1303013135735936, 
        "n gram": 0.15184115243432286, 
        "vector machin": -0.028314588565053915, 
        "mean squar": -0.11314174658451358, 
        "posit neg": 0.08025588905555296, 
        "power plant": -0.04618310133316036, 
        "supervis learn": 0.19742535071120507, 
        "upper bound": -0.01554633168756389, 
        "k mean": 0.1177510572358075, 
        "hidden layer": -0.06585037324038451, 
        "support vector": -0.04950521657262558, 
        "decis tree": 0.0609530155161152, 
        "k nearest": 0.05546765824282764, 
        "state art": 0.1592080635730917, 
        "fault diagnosi": -0.006647223113424657, 
        "set theori": -0.04618839811288538, 
        "kalman filter": -0.09189049614659019, 
        "wide use": 0.11093934883091737, 
        "high level": 0.07365332739950889, 
        "inequ lmi": -0.12342588862024317, 
        "paper propos": 0.076650331775545, 
        "data mine": 0.16424954401482453, 
        "back propag": -0.04330415023525809, 
        "ls svm": 0.030193668100860074, 
        "larg number": 0.11874133807482375, 
        "show propos": 0.018187957827529997, 
        "larg amount": 0.08437963312599372, 
        "web page": 0.05017330812341296, 
        "suffici condit": -0.2986858629883406, 
        "section titl": -0.3633152246045125, 
        "markov model": 0.017396637902875746, 
        "network ann": -0.13371742548690732, 
        "co occurr": 0.13069383465919404, 
        "amino acid": 0.06834253235918662, 
        "control system": -0.3886433160498681, 
        "learn algorithm": 0.01225841394227542, 
        "precis recal": 0.1397649648396714, 
        "close loop": -0.17812479392773994, 
        "extrem learn": -0.023790845795431986, 
        "result demonstr": 0.029538475987847312, 
        "fals posit": 0.18191732917349948, 
        "decis make": -0.07982327928061983, 
        "ant coloni": 0.1473907943070625, 
        "semi supervis": 0.26768816555135083, 
        "time consum": 0.14338447226341638, 
        "genet algorithm": -0.11979664518197461, 
        "present novel": 0.15327819651327604, 
        "social media": 0.18526689361945398, 
        "pre process": 0.1201425325239828, 
        "paper introduc": 0.013377404278922311, 
        "propos method": 0.055921173626559344, 
        "train data": 0.03490848812479423, 
        "spatio tempor": 0.15370788802918445, 
        "h sub": -0.1865793931690574, 
        "result show": -0.03439469654158107, 
        "contain section": -0.3633152246045125, 
        "pid control": -0.356867985027636, 
        "take account": 0.04502718859602922, 
        "princip compon": -0.0037087024758518366, 
        "predict accuraci": -0.016406987351903712, 
        "associ rule": 0.09796647302948423, 
        "breast cancer": 0.15703971418646823, 
        "knowledg discoveri": 0.1517680797448293, 
        "prior knowledg": 0.06047872624818802, 
        "ground truth": 0.11333426092652125, 
        "featur vector": 0.05794723285282409, 
        "simul result": -0.19548880408892394, 
        "time vari": -0.11283668595954142, 
        "propos algorithm": 0.07810852505546065, 
        "current committe": 0.01192305315445196, 
        "rule base": 0.07945785525477374, 
        "decis maker": -0.08669551306636454, 
        "new approach": 0.08541488889218528, 
        "sup sup": 0.02667490661116251, 
        "recommend system": 0.14816090883779046, 
        "gaussian mixtur": -0.005732939728059994, 
        "real world": 0.16446098927207456, 
        "wide rang": 0.017057612366756212, 
        "e commerc": 0.05201075853552988, 
        "swarm optim": -0.17086597677051646, 
        "matrix inequ": -0.34703286699043023, 
        "propos new": 0.0673067283386852, 
        "non stationari": 0.09156171782790631,