{
    "47": {
        "self organ": 0.04440467122224444, 
        "time delay": -0.04019077269666249, 
        "high accuraci": 0.17768434218990856, 
        "new method": 0.059045573280700606, 
        "linear discrimin": 0.09396600123711836, 
        "convolut neural": 0.15904749478039484, 
        "social network": -0.02144722603288536, 
        "deep learn": 0.11787008376444019, 
        "take advantag": 0.21170106418059065, 
        "anomali detect": -0.006176604161542698, 
        "learn techniqu": 0.04047552571336245, 
        "inform retriev": -0.18799887985757224, 
        "magnet reson": -0.019784259122788583, 
        "remot sens": 0.06947865385595249, 
        "compon analysi": -0.056014915560722106, 
        "previou work": 0.09010439592447293, 
        "case studi": -0.042252498919721944, 
        "p p": 0.13804946663912637, 
        "big data": -0.10883200939365344, 
        "np hard": 0.01098712150239016, 
        "reinforc learn": -0.1334252099981384, 
        "comput vision": 0.13482349757552176, 
        "experi show": 0.010213653400240542, 
        "least squar": 0.10161741366703686, 
        "data collect": 0.014662053661348071, 
        "fault toler": 0.01485796550324317, 
        "short term": 0.029569425284198383, 
        "featur select": -0.13166771897667814, 
        "fold cross": -0.03406387016034862, 
        "similar measur": -0.1646653978877644, 
        "propos novel": 0.11742128756516754, 
        "analysi pca": 0.10776062997839676, 
        "present new": -0.007904969725039415, 
        "classif accuraci": 0.0036919734323156497, 
        "e g": 0.1467002370348823, 
        "kernel function": 0.061469812630167146, 
        "sub sub": -0.08721342514749401, 
        "bayesian network": -0.11119498802424188, 
        "paper describ": 0.08469626002523861, 
        "fals alarm": 0.036121247304158624, 
        "result obtain": -0.0230531625892322, 
        "good perform": 0.11044628728794778, 
        "commonli use": 0.14164734772876997, 
        "petri net": -0.03592492440955374, 
        "method base": -0.07107605866022053, 
        "hidden node": 0.09982353524374256, 
        "licens plate": 0.35573657999073255, 
        "learn method": 0.07062570410441077, 
        "import role": -0.0859432445774572, 
        "black box": 0.056458124217598105, 
        "basi function": 0.24473842660741235, 
        "facial express": 0.11730665802759942, 
        "propos approach": 0.09030214265801403, 
        "gradient descent": -0.042736997767228904, 
        "proceed record": 0.0, 
        "real life": 0.07732650883433786, 
        "result indic": 0.010740695363545865, 
        "chapter contain": -0.4573952369967831, 
        "improv perform": 0.009913020110150265, 
        "low level": 0.030800342015675133, 
        "comput complex": 0.06646857847913869, 
        "experi result": -0.008119180243607096, 
        "recent year": 0.13869561741809094, 
        "sentiment analysi": -0.013786000475570576, 
        "learn approach": 0.06803773929327508, 
        "mont carlo": 0.06190988380658122, 
        "naiv bay": 0.03747710747580669, 
        "cluster algorithm": -0.04204690916112423, 
        "suppli chain": -0.07706954234189206, 
        "intuitionist fuzzi": -0.090454681765482, 
        "mobil robot": 0.3591873315714485, 
        "demonstr effect": 0.020798100067868055, 
        "confer proceed": -0.25970551045180373, 
        "train sampl": 0.010190634517099485, 
        "improv accuraci": 0.026352680828249153, 
        "maximum likelihood": 0.1592268675149624, 
        "paper present": -0.021600754057414934, 
        "gene express": -0.16697245827056428, 
        "search engin": -0.07245381899963278, 
        "experiment result": 0.09714259348751157, 
        "mobil devic": 0.3082269692490005, 
        "web servic": -0.017266810551999637, 
        "face recognit": 0.05710722311797964, 
        "non neg": -0.002808190091164963, 
        "train set": 0.12485182028121872, 
        "fuzzi logic": -0.09111514631855283, 
        "machin elm": 0.017552462015469034, 
        "ad hoc": 0.2375150609124134, 
        "particl swarm": 0.14398155997894002, 
        "effect propos": 0.008585910830429373, 
        "real time": 0.10767422307602134, 
        "n gram": -0.00966344840857309, 
        "vector machin": 0.07256200933261914, 
        "mean squar": 0.14681295468014224, 
        "posit neg": 0.11555390960577111, 
        "power plant": -0.0031998159250389317, 
        "supervis learn": -0.0013944663067310646, 
        "upper bound": -0.027936665295537084, 
        "k mean": 0.056670113725867895, 
        "hidden layer": -0.09716863089649494, 
        "support vector": 0.06386817845853074, 
        "decis tree": -0.09807476060434349, 
        "k nearest": 0.0072852902441359006, 
        "state art": 0.10659844055162027, 
        "fault diagnosi": -0.0858328477469886, 
        "set theori": -0.36678726206486073, 
        "kalman filter": 0.4948755934742276, 
        "wide use": -0.02090901156696834, 
        "high level": 0.06150721742475891, 
        "inequ lmi": 0.014888060266120263, 
        "paper propos": 0.0377410120972304, 
        "data mine": -0.13803000454578274, 
        "back propag": 0.14759093412851823, 
        "ls svm": 0.11404523482244391, 
        "larg number": 0.033395833255245415, 
        "show propos": 0.12311258958388556, 
        "larg amount": 0.025612603529991285, 
        "web page": -0.10491272538831684, 
        "suffici condit": -0.11058290514946965, 
        "section titl": -0.46102440810381856, 
        "markov model": 0.005614893885151894, 
        "network ann": 0.09470072639266455, 
        "co occurr": 0.11461486141399953, 
        "amino acid": 0.2415851061521894, 
        "control system": -0.0658985696828712, 
        "learn algorithm": -0.018699981158590537, 
        "precis recal": 0.10019866640610484, 
        "close loop": -0.11113480849532639, 
        "extrem learn": 0.10571187832948713, 
        "result demonstr": 0.07167967861741815, 
        "fals posit": 0.401553420723357, 
        "decis make": -0.18054840470181663, 
        "ant coloni": 0.007579309430108929, 
        "semi supervis": -0.0365338234491291, 
        "time consum": 0.05818637626703871, 
        "genet algorithm": 0.01115843627047954, 
        "present novel": 0.0581718140290264, 
        "social media": 0.05319308075323376, 
        "pre process": 0.1477871254337646, 
        "paper introduc": 0.010173422540369112, 
        "propos method": 0.08274773589246777, 
        "train data": 0.04483456050923166, 
        "spatio tempor": 0.24145719570232704, 
        "h sub": -0.0010122446441663824, 
        "result show": 0.06272431461144044, 
        "contain section": -0.46102440810381856, 
        "pid control": 0.018471261134405077, 
        "take account": 0.12531641159989154, 
        "princip compon": -0.03519148726245973, 
        "predict accuraci": -0.02643066089993724, 
        "associ rule": -0.30512547096777787, 
        "breast cancer": -0.13047604903143556, 
        "knowledg discoveri": -0.17236220209669884, 
        "prior knowledg": 0.05952415155600804, 
        "ground truth": 0.16383966875358566, 
        "featur vector": 0.15282239970928482, 
        "simul result": 0.006889055529109948, 
        "time vari": -0.13618818921528386, 
        "propos algorithm": 0.13531781641645485, 
        "current committe": 0.0, 
        "rule base": -0.04968948604084791, 
        "decis maker": 0.009392707806041775, 
        "new approach": 0.01014764611679104, 
        "sup sup": 0.11478300711612002, 
        "recommend system": -0.13145507756764815, 
        "gaussian mixtur": 0.16189501889630092, 
        "real world": -0.049538089934766674, 
        "wide rang": 0.13690075520657646, 
        "e commerc": -0.012041287943375265, 
        "swarm optim": 0.12512692012962298, 
        "matrix inequ": -0.08420601310965985, 
        "propos new": -0.029383905055285004, 
        "non stationari": 0.1728961880376828,