{
    "48": {
        "self organ": -0.07461452440968624, 
        "time delay": -0.34377213648288163, 
        "high accuraci": 0.10563843003258955, 
        "new method": 0.015861591851977157, 
        "linear discrimin": 0.10013857453472699, 
        "convolut neural": 0.1973269763572496, 
        "social network": 0.23170268844153769, 
        "deep learn": 0.15180307477219346, 
        "take advantag": 0.12541331022985572, 
        "anomali detect": -0.034610443669246815, 
        "learn techniqu": 0.11023127840264887, 
        "inform retriev": 0.3714248390841763, 
        "magnet reson": 0.08457508835225774, 
        "remot sens": 0.04699333224399815, 
        "compon analysi": -0.03903053052201998, 
        "previou work": 0.16616037966071612, 
        "case studi": -0.03298894235820299, 
        "p p": 0.26231540543005843, 
        "big data": 0.017005347631284685, 
        "np hard": -0.12356553149085132, 
        "reinforc learn": -0.20830038106752674, 
        "comput vision": 0.07392599742613483, 
        "experi show": 0.1739780229824252, 
        "least squar": -0.15692110979363968, 
        "data collect": 0.04617081117606164, 
        "fault toler": -0.0635435739314205, 
        "short term": -0.06635160097297904, 
        "featur select": 0.24002707560337735, 
        "fold cross": 0.19445895390612652, 
        "similar measur": 0.1251624613059577, 
        "propos novel": 0.09635015671062806, 
        "analysi pca": 0.10672496270260755, 
        "present new": 0.07564346146382424, 
        "classif accuraci": 0.14317457564586328, 
        "e g": 0.11900802500658098, 
        "kernel function": 0.01927838348118366, 
        "sub sub": -0.31302397790983466, 
        "bayesian network": -0.08119805970888172, 
        "paper describ": 0.029081579810537377, 
        "fals alarm": 0.0813457486592258, 
        "result obtain": 0.1217154272651507, 
        "good perform": 0.05189782077776993, 
        "commonli use": 0.09114185885413255, 
        "petri net": -0.24771960974978316, 
        "method base": 0.08457446530757014, 
        "hidden node": 0.012369365479455857, 
        "licens plate": 0.08866266620889718, 
        "learn method": 0.15527453283507356, 
        "import role": 0.06845047965279788, 
        "black box": -0.015178078506006122, 
        "basi function": -0.055331599241338944, 
        "facial express": 0.14473107834025195, 
        "propos approach": 0.08573348491968791, 
        "gradient descent": -0.09604090661539012, 
        "proceed record": 0.0, 
        "real life": -0.0030461866326557236, 
        "result indic": -0.014841113531818464, 
        "chapter contain": -0.5605505316489529, 
        "improv perform": 0.16690081671617088, 
        "low level": 0.16147614206371574, 
        "comput complex": -0.03874601013044141, 
        "experi result": 0.15184884166541188, 
        "recent year": 0.16203927047769962, 
        "sentiment analysi": 0.4698756456564814, 
        "learn approach": 0.2136244166069169, 
        "mont carlo": -0.2080788552214393, 
        "naiv bay": 0.28431565724394847, 
        "cluster algorithm": 0.05722901556778901, 
        "suppli chain": -0.43418556473057485, 
        "intuitionist fuzzi": -0.16469578715250816, 
        "mobil robot": -0.12103840623018373, 
        "demonstr effect": -0.07808326786384016, 
        "confer proceed": -0.745983009864794, 
        "train sampl": 0.029550067017223135, 
        "improv accuraci": 0.15649568382403403, 
        "maximum likelihood": -0.015275432990193325, 
        "paper present": 0.09316680494122967, 
        "gene express": 0.01173961464040734, 
        "search engin": 0.29022963052695416, 
        "experiment result": 0.11227483346721748, 
        "mobil devic": -0.02165301336659061, 
        "web servic": -0.04013492414407272, 
        "face recognit": -0.0586451655775517, 
        "non neg": 0.06318459559030887, 
        "train set": 0.1796152695162412, 
        "fuzzi logic": -0.132879726048929, 
        "machin elm": -0.012472541049573089, 
        "ad hoc": -0.10419131426163912, 
        "particl swarm": -0.13531183274020242, 
        "effect propos": -0.10298916373705733, 
        "real time": -0.11207997744903002, 
        "n gram": 0.46618589618462547, 
        "vector machin": 0.13556310862927218, 
        "mean squar": -0.2128078384614722, 
        "posit neg": 0.35680411344756313, 
        "power plant": -0.16245134617053955, 
        "supervis learn": 0.20406615258645414, 
        "upper bound": -0.09258750955212523, 
        "k mean": 0.06720328171826015, 
        "hidden layer": -0.12450509982238016, 
        "support vector": 0.11994843974581082, 
        "decis tree": 0.058602430892252165, 
        "k nearest": 0.16359388634208988, 
        "state art": 0.15775493711749253, 
        "fault diagnosi": -0.0036686240265283335, 
        "set theori": -0.1240711524825883, 
        "kalman filter": -0.12145589459439166, 
        "wide use": 0.1027907119615937, 
        "high level": 0.12854147798348708, 
        "inequ lmi": -0.055253039129296404, 
        "paper propos": 0.10646019249783602, 
        "data mine": -0.006830724590330236, 
        "back propag": -0.05030628732171816, 
        "ls svm": 0.029589210737563567, 
        "larg number": 0.06456667945895994, 
        "show propos": 0.09711773662523365, 
        "larg amount": 0.17841722068172006, 
        "web page": 0.3382466923398, 
        "suffici condit": -0.463835382959901, 
        "section titl": -0.5630924901176803, 
        "markov model": 0.09240429590162036, 
        "network ann": -0.0392858758037798, 
        "co occurr": 0.39634375247544135, 
        "amino acid": 0.03743375581643411, 
        "control system": -0.49360371858962765, 
        "learn algorithm": 0.07278825375822637, 
        "precis recal": 0.40860318932414197, 
        "close loop": -0.30377792285887956, 
        "extrem learn": -0.03204752845129484, 
        "result demonstr": 0.046835126226952344, 
        "fals posit": 0.056843704800238, 
        "decis make": -0.08318528412955056, 
        "ant coloni": -0.18895417173248152, 
        "semi supervis": 0.21580198355924707, 
        "time consum": 0.11288838429038824, 
        "genet algorithm": -0.19667879705075872, 
        "present novel": 0.0765711961563392, 
        "social media": 0.3244604719964379, 
        "pre process": 0.2896990510355157, 
        "paper introduc": -0.038052813603361886, 
        "propos method": 0.05398511853898638, 
        "train data": 0.15412172234601001, 
        "spatio tempor": -0.013341754179173243, 
        "h sub": -0.17429105670097206, 
        "result show": 0.09221152589419704, 
        "contain section": -0.5630924901176803, 
        "pid control": -0.1805277889948095, 
        "take account": -0.028788516124510187, 
        "princip compon": -0.016314702596000763, 
        "predict accuraci": -0.0696806979789381, 
        "associ rule": -0.09538976788289401, 
        "breast cancer": 0.04277828073646902, 
        "knowledg discoveri": -0.01471101224980695, 
        "prior knowledg": 0.048912597780917874, 
        "ground truth": 0.02193663741914441, 
        "featur vector": 0.27656012054311535, 
        "simul result": -0.4507738368585253, 
        "time vari": -0.15830950740793553, 
        "propos algorithm": -0.048236929523766826, 
        "current committe": 0.0, 
        "rule base": 0.14559262398054157, 
        "decis maker": -0.16840410379883514, 
        "new approach": 0.03991302146019167, 
        "sup sup": -0.04972231463454703, 
        "recommend system": 0.02373201369675372, 
        "gaussian mixtur": 0.0807188793002361, 
        "real world": 0.07911092207878402, 
        "wide rang": 0.04046456396432794, 
        "e commerc": 0.10689324310031435, 
        "swarm optim": -0.13778199443583902, 
        "matrix inequ": -0.09832337403981331, 
        "propos new": 0.07874952609183554, 
        "non stationari": -0.036670608704788, 
        "publicli avail": 0.12224738478671164,