{
    "49": {
        "self organ": 0.07712649675709458, 
        "time delay": -0.01778190434955395, 
        "high accuraci": 0.026699643946475157, 
        "new method": 0.10521794655132263, 
        "linear discrimin": -0.032974654573579995, 
        "convolut neural": -0.0719750134220824, 
        "social network": -0.12424286746589361, 
        "deep learn": 0.004981710762680356, 
        "take advantag": 0.03334281842689702, 
        "anomali detect": -0.14414678615880044, 
        "learn techniqu": -0.1886764063838034, 
        "inform retriev": -0.1322955213068319, 
        "magnet reson": -0.08529138542963731, 
        "remot sens": 0.021566438474166415, 
        "compon analysi": 0.06545376710163564, 
        "previou work": -0.01478541966462868, 
        "case studi": -0.009320964440194727, 
        "p p": 0.10176462261522194, 
        "big data": -0.2386170382629201, 
        "np hard": 0.0725592872164599, 
        "reinforc learn": -0.23892809642289323, 
        "comput vision": -0.20980061124864807, 
        "experi show": -0.017457958208651387, 
        "least squar": -0.1693911820707146, 
        "data collect": -0.013632245397723992, 
        "fault toler": 0.021113557071522435, 
        "short term": -0.13434499692612825, 
        "featur select": -0.0018631076383767895, 
        "fold cross": -0.024460287383067363, 
        "similar measur": -0.0461018200587215, 
        "propos novel": -0.05514040154384166, 
        "analysi pca": 0.12461997384007466, 
        "present new": 0.03153730642691653, 
        "classif accuraci": 0.05329422379172799, 
        "e g": 0.010691448340106468, 
        "kernel function": -0.010293604943958347, 
        "sub sub": -0.022336579978698274, 
        "bayesian network": 0.0008726291535507795, 
        "paper describ": -0.11963812717323818, 
        "fals alarm": 0.09936592159504178, 
        "result obtain": 0.07142727013067582, 
        "good perform": -0.1184564471710272, 
        "commonli use": 0.059468751993275754, 
        "petri net": 0.05470643486170111, 
        "method base": 0.11511664427703276, 
        "hidden node": -0.07275999720074447, 
        "licens plate": 0.01501315666112285, 
        "learn method": -0.09530819976826747, 
        "import role": -0.009495669343280815, 
        "black box": 0.03159798784960881, 
        "basi function": 0.0019261488252612488, 
        "facial express": -0.044875793834077686, 
        "propos approach": -0.00511317972308797, 
        "gradient descent": -0.14787604307948773, 
        "proceed record": 0.0, 
        "real life": -0.001356938722825577, 
        "result indic": 0.07965958719904866, 
        "chapter contain": -0.5577107665406207, 
        "improv perform": -0.09888238239561467, 
        "low level": -0.025620239032526096, 
        "comput complex": -0.06647275558670986, 
        "experi result": 0.05217422582634016, 
        "recent year": -0.06981074347619505, 
        "sentiment analysi": -0.08632005912924097, 
        "learn approach": -0.07482732184434013, 
        "mont carlo": -0.017089019982345455, 
        "naiv bay": -0.030607524037556698, 
        "cluster algorithm": -0.07645395078697731, 
        "suppli chain": -0.08474316168461914, 
        "intuitionist fuzzi": 0.19769369515125876, 
        "mobil robot": 0.028847862847242296, 
        "demonstr effect": 0.017876501348732025, 
        "confer proceed": -0.40334591418089644, 
        "train sampl": -0.1823399959108199, 
        "improv accuraci": 0.0015424285218870063, 
        "maximum likelihood": 0.04969407340465761, 
        "paper present": -0.003372539794268578, 
        "gene express": -0.1307364555632122, 
        "search engin": -0.042201302837480144, 
        "experiment result": -0.006904474086142079, 
        "mobil devic": -0.008090509132160476, 
        "web servic": -0.1748997327972349, 
        "face recognit": -0.049998634157973204, 
        "non neg": 0.10845168178036602, 
        "train set": -0.0017103717249276704, 
        "fuzzi logic": -0.0004492121806775473, 
        "machin elm": -0.18500875661762578, 
        "ad hoc": -0.01875451952816755, 
        "particl swarm": -0.2760996163601074, 
        "effect propos": -0.0814170700554892, 
        "real time": -0.08404159455434992, 
        "n gram": -0.007715180395472117, 
        "vector machin": -0.034088306739341476, 
        "mean squar": 0.03963224275486539, 
        "posit neg": -0.09759150480925866, 
        "power plant": -0.05552152955432948, 
        "supervis learn": -0.05976255452751813, 
        "upper bound": -0.0019139429952970055, 
        "k mean": -0.03150639373219875, 
        "hidden layer": -0.07741140265166319, 
        "support vector": -0.04000057400910523, 
        "decis tree": 0.08878442500002724, 
        "k nearest": 0.03956913551758472, 
        "state art": -0.15901733978387667, 
        "fault diagnosi": 0.08172763464465606, 
        "set theori": 0.41509867155833136, 
        "kalman filter": 0.12024698200591051, 
        "wide use": 0.0035296296915894453, 
        "high level": 0.017737975349674206, 
        "inequ lmi": -0.0490619106504825, 
        "paper propos": 0.029568372986518418, 
        "data mine": 0.00416451482844892, 
        "back propag": -0.08617778337931593, 
        "ls svm": 0.01377615237989248, 
        "larg number": -0.0035062088651722076, 
        "show propos": -0.005031090439008543, 
        "larg amount": -0.04922029523838105, 
        "web page": -0.21688623284419425, 
        "suffici condit": -0.1928015211050832, 
        "section titl": -0.6273714534003342, 
        "markov model": -0.09782255107547796, 
        "network ann": -0.04772277840870571, 
        "co occurr": 0.04510597621898365, 
        "amino acid": 0.011643740481737094, 
        "control system": -0.24967381222616847, 
        "learn algorithm": -0.06907596083047933, 
        "precis recal": -0.06956343812581187, 
        "close loop": -0.194727995146362, 
        "extrem learn": -0.13598500336881397, 
        "result demonstr": -0.033416528242119395, 
        "fals posit": -0.10290003438523335, 
        "decis make": 0.06847789854831678, 
        "ant coloni": -0.043101216694680144, 
        "semi supervis": -0.08072591421705622, 
        "time consum": -0.05248937925305453, 
        "genet algorithm": -0.13157120877649697, 
        "present novel": -0.11542158258027897, 
        "social media": -0.1308359683277306, 
        "pre process": 0.10791222307905671, 
        "paper introduc": -0.029894319753455675, 
        "propos method": 0.032616777401824705, 
        "train data": -0.11076980084246776, 
        "spatio tempor": 0.05678454622406918, 
        "h sub": -0.022602244398505267, 
        "result show": 0.013442539254721443, 
        "contain section": -0.6273714534003342, 
        "pid control": -0.15297796226806953, 
        "take account": -0.02786184917069808, 
        "princip compon": 0.0562926232799318, 
        "predict accuraci": -0.013617262036900403, 
        "associ rule": -0.046886748848566036, 
        "breast cancer": 0.04611420120436389, 
        "knowledg discoveri": 0.14556836551843347, 
        "prior knowledg": 0.052745559998725926, 
        "ground truth": -0.009287484960049892, 
        "featur vector": 0.013715551768730638, 
        "simul result": -0.06725490606832683, 
        "time vari": -0.10359134032418442, 
        "propos algorithm": 0.013082395824194284, 
        "current committe": 0.0, 
        "rule base": 0.04937237753239444, 
        "decis maker": -0.029719368937935878, 
        "new approach": 0.021431447540359104, 
        "sup sup": 0.05618979442630289, 
        "recommend system": -0.05147421071907787, 
        "gaussian mixtur": 0.06270201976229389, 
        "real world": -0.01587104726420235, 
        "wide rang": -0.027940068161687155, 
        "e commerc": 0.0071800195181388644, 
        "swarm optim": -0.3238779408760378, 
        "matrix inequ": -0.08491657590907752, 
        "propos new": 0.006852068079085474,