{
    "4": {
        "self organ": -0.01919589352991616, 
        "time delay": -0.12639143231685282, 
        "high accuraci": -0.005203930070709928, 
        "new method": -0.012000627403549272, 
        "linear discrimin": 0.02369352441857561, 
        "convolut neural": -0.042319982501176766, 
        "social network": -0.01775942137595328, 
        "deep learn": 0.1052926759753712, 
        "take advantag": 0.126314206572707, 
        "anomali detect": -0.08318318242538718, 
        "learn techniqu": 0.000773367969677773, 
        "inform retriev": 0.08010839353673628, 
        "magnet reson": -0.04756538382410581, 
        "remot sens": -0.00016234463867108588, 
        "compon analysi": -0.1308540239823142, 
        "previou work": 0.017444255309798817, 
        "case studi": -0.008001288471025773, 
        "p p": 0.36999688666169983, 
        "big data": 0.17114864547715583, 
        "np hard": 0.3304448620884916, 
        "reinforc learn": 0.046330499849478, 
        "comput vision": 0.07195819001722953, 
        "experi show": 0.04064943951198165, 
        "least squar": -0.00949385544852882, 
        "data collect": -0.1469105986567418, 
        "fault toler": 0.13330248892329197, 
        "short term": -0.05387511718222565, 
        "featur select": 0.004619206387987142, 
        "fold cross": -0.016127302864252253, 
        "similar measur": -0.017851250912493424, 
        "propos novel": 0.019861260389221418, 
        "analysi pca": -0.037454693303118645, 
        "present new": -0.033002405756452816, 
        "classif accuraci": -0.0316941902626245, 
        "e g": 0.10706254726264787, 
        "kernel function": -0.00452966465476212, 
        "sub sub": -0.024362388352406856, 
        "bayesian network": 0.02598729807541561, 
        "paper describ": 0.00376192026740852, 
        "fals alarm": 0.01940749410506212, 
        "result obtain": -0.06064875053221867, 
        "good perform": 0.03543653693190572, 
        "commonli use": 0.04304078970818432, 
        "petri net": -0.07607156611759382, 
        "method base": -0.095544924707648, 
        "hidden node": 0.1277782191108082, 
        "licens plate": 0.041811911848407046, 
        "learn method": -0.03766875446905243, 
        "import role": -0.11345793376869917, 
        "black box": 0.13077036304451356, 
        "basi function": -0.07326051501291933, 
        "facial express": -0.015543819368361153, 
        "propos approach": 0.02578564131313824, 
        "gradient descent": 0.27630177424452235, 
        "proceed record": 0.10488321348265987, 
        "real life": 0.09275516244384809, 
        "result indic": -0.052011068930752156, 
        "chapter contain": -0.4341398529639694, 
        "improv perform": 0.05581577282786039, 
        "low level": 0.05936367751681144, 
        "comput complex": 0.1719547994573449, 
        "experi result": -0.006881410667517396, 
        "recent year": 0.028501770726373932, 
        "sentiment analysi": -0.12052119186322165, 
        "learn approach": 0.0055525432170270405, 
        "mont carlo": 0.13473589259710436, 
        "naiv bay": -0.057184290922175, 
        "cluster algorithm": -0.016111937893611792, 
        "suppli chain": -0.2058479257551581, 
        "intuitionist fuzzi": -0.18962647271882507, 
        "mobil robot": 0.0433304044937552, 
        "demonstr effect": -0.01690852456949776, 
        "confer proceed": -0.5352691809030371, 
        "train sampl": -0.02190180506406463, 
        "improv accuraci": -0.024918869899055326, 
        "maximum likelihood": 0.06471868024310586, 
        "paper present": 0.0006851603441518448, 
        "gene express": 0.08876434103417138, 
        "search engin": 0.33200222953536185, 
        "experiment result": 0.015953323882514452, 
        "mobil devic": -0.02192899668278018, 
        "web servic": 0.06044829069924908, 
        "face recognit": -0.07377305375388701, 
        "non neg": 0.06711316318898795, 
        "train set": 0.0695828395771569, 
        "fuzzi logic": -0.12191418054245287, 
        "machin elm": 0.03271286041738741, 
        "ad hoc": 0.10136889021395244, 
        "particl swarm": 0.12693491530640047, 
        "effect propos": -0.0431556487476987, 
        "real time": -0.05929149335438733, 
        "n gram": 0.0198867878856447, 
        "vector machin": -0.04768487382645101, 
        "mean squar": 0.019592495324952747, 
        "posit neg": -0.09235129882822732, 
        "power plant": -0.0872955259093159, 
        "supervis learn": 0.05248567017193907, 
        "upper bound": 0.03384351934347882, 
        "k mean": 0.06587434406365682, 
        "hidden layer": 0.09354488895191518, 
        "support vector": -0.05081580317932555, 
        "decis tree": 0.0015396924357515443, 
        "k nearest": 0.03536132667815637, 
        "state art": 0.06407296001710713, 
        "fault diagnosi": -0.1628615906341555, 
        "set theori": -0.05496896410705399, 
        "kalman filter": 0.012174280648881547, 
        "wide use": 0.011363595817882818, 
        "high level": -0.010894628577956261, 
        "inequ lmi": -0.1581229852247548, 
        "paper propos": 0.014470005071305966, 
        "data mine": 0.04618725493278738, 
        "back propag": 0.025373151970281175, 
        "ls svm": 0.030772126612616937, 
        "larg number": 0.11429837906144084, 
        "show propos": 0.00967942731492729, 
        "larg amount": 0.06632976428326455, 
        "web page": 0.22877411607227988, 
        "suffici condit": -0.14843222652210608, 
        "section titl": -0.43851984358879587, 
        "markov model": -0.06850162704477016, 
        "network ann": -0.022664848761350952, 
        "co occurr": -0.07114916318468392, 
        "amino acid": 0.016337743995403768, 
        "control system": -0.06798424235779042, 
        "learn algorithm": 0.15914793569385316, 
        "precis recal": 0.08481080028972895, 
        "close loop": -0.150466080460746, 
        "extrem learn": 0.010321231051929853, 
        "result demonstr": 0.039327608573277995, 
        "fals posit": 0.047258944912849654, 
        "decis make": -0.04667644510712778, 
        "ant coloni": 0.2825667228805113, 
        "semi supervis": 0.03541956952713297, 
        "time consum": 0.22369844861653582, 
        "genet algorithm": 0.14984240861004405, 
        "present novel": -0.02360158355319597, 
        "social media": -0.08747007554227948, 
        "pre process": -0.04409395735674741, 
        "paper introduc": -0.026904767850257937, 
        "propos method": -0.040069397618832714, 
        "train data": 0.05021979400876617, 
        "spatio tempor": -0.021656284860615, 
        "h sub": -0.17721845642665984, 
        "result show": 0.01195639525978109, 
        "contain section": -0.43851984358879587, 
        "pid control": -0.09937788985439021, 
        "take account": -0.029498052567618706, 
        "princip compon": 0.009731840843371932, 
        "predict accuraci": -0.029102965824560886, 
        "associ rule": -0.027707681918943645, 
        "breast cancer": -0.01116565131874352, 
        "knowledg discoveri": -0.01742744053741664, 
        "prior knowledg": -0.003060182171209426, 
        "ground truth": 0.006241917229859617, 
        "featur vector": -0.08838438965212951, 
        "simul result": -0.05877259812198633, 
        "time vari": -0.04488581892148411, 
        "propos algorithm": 0.1017932988402023, 
        "current committe": 0.0, 
        "rule base": -0.024186989314366695, 
        "decis maker": 0.08472887887708361, 
        "new approach": 0.0676378970345553, 
        "sup sup": 0.10042564921318042, 
        "recommend system": 0.15012853792344116, 
        "gaussian mixtur": 0.01646951343615608, 
        "real world": 0.06901393945784576, 
        "wide rang": 0.07032265624545515, 
        "e commerc": 0.11775700717360518, 
        "swarm optim": 0.14790038209489517, 
        "matrix inequ": -0.200763813032811, 
        "propos new": 0.037773702626277085,