{
    "50": {
        "self organ": 0.0016417476630768372, 
        "time delay": -0.29464154489270855, 
        "high accuraci": 0.07742411876732866, 
        "new method": 0.06435356897487916, 
        "linear discrimin": 0.08542124935772079, 
        "convolut neural": 0.293541821269836, 
        "social network": 0.0059186490179150624, 
        "deep learn": 0.1899402680118928, 
        "take advantag": 0.14928682239351782, 
        "anomali detect": -0.19671497757971138, 
        "learn techniqu": 0.011047468813143746, 
        "inform retriev": -0.18214666525925394, 
        "magnet reson": 0.35476347867842173, 
        "remot sens": 0.5860229054873008, 
        "compon analysi": 0.08668562313369149, 
        "previou work": 0.023400346917248918, 
        "case studi": -0.049986827838774076, 
        "p p": 0.07214975706640529, 
        "big data": -0.03887784044346603, 
        "np hard": -0.057117602086938356, 
        "reinforc learn": -0.20156530780916287, 
        "comput vision": 0.27112237502360825, 
        "experi show": -0.05518136543943157, 
        "least squar": -0.08538287709444974, 
        "data collect": 0.10569265241017338, 
        "fault toler": -0.05675951624558679, 
        "short term": 0.002983332528653944, 
        "featur select": -0.010698881791363666, 
        "fold cross": 0.18265042508919377, 
        "similar measur": -0.049732875333062025, 
        "propos novel": 0.054855036716046385, 
        "analysi pca": 0.05754401333935307, 
        "present new": -0.022643439476298332, 
        "classif accuraci": 0.13903189562549656, 
        "e g": 0.1406014471595841, 
        "kernel function": 0.020373950078098436, 
        "sub sub": -0.10047315095745564, 
        "bayesian network": -0.15153503636582158, 
        "paper describ": -0.007482581888495621, 
        "fals alarm": 0.02852912659544739, 
        "result obtain": 0.10241706936539269, 
        "good perform": 0.03979176047611428, 
        "commonli use": 0.19577246851382088, 
        "petri net": 0.032876046358204715, 
        "method base": 0.037916581659119396, 
        "hidden node": 0.017845907780578013, 
        "licens plate": 0.2540559800173925, 
        "learn method": -0.016279665439813875, 
        "import role": -0.013481082441630345, 
        "black box": 0.02421831058464826, 
        "basi function": 0.1102527008564046, 
        "facial express": 0.23394597062104977, 
        "propos approach": 0.07847685708495475, 
        "gradient descent": -0.004279080093487675, 
        "proceed record": 0.006695303946922123, 
        "real life": -0.01865219806719191, 
        "result indic": 0.027428659740453134, 
        "chapter contain": -0.264390782348259, 
        "improv perform": -0.1897734551102115, 
        "low level": 0.1803892518656759, 
        "comput complex": -0.03408748028651198, 
        "experi result": 0.05083538096160799, 
        "recent year": -0.07158418535661637, 
        "sentiment analysi": -0.06280875938306596, 
        "learn approach": 0.09269290219949886, 
        "mont carlo": -0.001153904885016968, 
        "naiv bay": -0.17799683976448008, 
        "cluster algorithm": 0.04331916985006261, 
        "suppli chain": 0.047798987444734174, 
        "intuitionist fuzzi": -0.041177610103967366, 
        "mobil robot": 0.04410313280058199, 
        "demonstr effect": -0.019224173926526106, 
        "confer proceed": -0.37915004840394706, 
        "train sampl": -0.005248192991877038, 
        "improv accuraci": 0.12945240781833886, 
        "maximum likelihood": 0.14608531918710058, 
        "paper present": -0.00292558877746523, 
        "gene express": -0.036592473548529444, 
        "search engin": 0.024173249476040333, 
        "experiment result": 0.030182080017601247, 
        "mobil devic": -0.10390581469233859, 
        "web servic": -0.12211536845036967, 
        "face recognit": 0.21787393183579942, 
        "non neg": 0.14582954457930997, 
        "train set": 0.027953224700453177, 
        "fuzzi logic": 0.005094216716552314, 
        "machin elm": -0.013695649185193288, 
        "ad hoc": 0.0020859282964599676, 
        "particl swarm": -0.058512209448986, 
        "effect propos": 0.018004566830837315, 
        "real time": 0.006484354827059635, 
        "n gram": 0.07552857370553603, 
        "vector machin": 0.0008619577126926853, 
        "mean squar": 0.06979076132136602, 
        "posit neg": -0.04585393822657521, 
        "power plant": -0.17538142981423105, 
        "supervis learn": -0.08591213857858293, 
        "upper bound": -0.06730241884589087, 
        "k mean": 0.042691173442337575, 
        "hidden layer": -0.11412064148504085, 
        "support vector": -0.002437882256887524, 
        "decis tree": -0.15054997722115146, 
        "k nearest": 0.044705013760606246, 
        "state art": 0.07161865914385124, 
        "fault diagnosi": -0.24183808375628565, 
        "set theori": -0.22569169997469957, 
        "kalman filter": 0.14500030165330194, 
        "wide use": 0.05045405800470498, 
        "high level": 0.21294302569878693, 
        "inequ lmi": -0.006693716756045718, 
        "paper propos": -0.03779973288402675, 
        "data mine": -0.20816488456452814, 
        "back propag": 0.09237258254609274, 
        "ls svm": 0.06495340594869851, 
        "larg number": 0.04377493057006645, 
        "show propos": -0.003937206548372771, 
        "larg amount": 0.03557049076786127, 
        "web page": -0.054931829631466825, 
        "suffici condit": -0.3608424493654802, 
        "section titl": -0.266193702894326, 
        "markov model": -0.07421366424107122, 
        "network ann": 0.09538498325787641, 
        "co occurr": 0.09936120533054488, 
        "amino acid": 0.28478991950491417, 
        "control system": -0.33801432541128834, 
        "learn algorithm": -0.11049390026339996, 
        "precis recal": 0.048119263014562035, 
        "close loop": -0.14650048459198323, 
        "extrem learn": -0.0013204976093474825, 
        "result demonstr": 0.11607771613052208, 
        "fals posit": 0.13281429917013682, 
        "decis make": -0.10726718502187797, 
        "ant coloni": 0.07075809440184856, 
        "semi supervis": 0.007461653306131845, 
        "time consum": 0.0960286609487484, 
        "genet algorithm": -0.19779378095772127, 
        "present novel": 0.13338576395962046, 
        "social media": -0.17513446628036433, 
        "pre process": 0.2716689448384254, 
        "paper introduc": -0.05819594058482919, 
        "propos method": 0.07886321559585793, 
        "train data": -0.08603960597361056, 
        "spatio tempor": 0.37662328062274414, 
        "h sub": -0.026038960042282448, 
        "result show": -0.036212062694036026, 
        "contain section": -0.266193702894326, 
        "pid control": -0.23121675393863456, 
        "take account": 0.11837700800333914, 
        "princip compon": 0.07646258760500486, 
        "predict accuraci": 0.010153842245980045, 
        "associ rule": -0.1651466649140093, 
        "breast cancer": 0.15955292527811163, 
        "knowledg discoveri": -0.05704134364110983, 
        "prior knowledg": 0.2761229264318952, 
        "ground truth": 0.416100757709389, 
        "featur vector": 0.15233920304323392, 
        "simul result": -0.29893347933021097, 
        "time vari": -0.21904719258867822, 
        "propos algorithm": -0.04578133852255915, 
        "current committe": 0.35836288996810756, 
        "rule base": -0.18778091739492828, 
        "decis maker": -0.1040785543428468, 
        "new approach": 0.0032245148260438435, 
        "sup sup": 0.044312717583548725, 
        "recommend system": -0.05398810985944971, 
        "gaussian mixtur": 0.21849363222070284, 
        "real world": -0.20124381181235806, 
        "wide rang": 0.12844914475876926, 
        "e commerc": -0.07053808546708785, 
        "swarm optim": -0.06004592698122708, 
        "matrix inequ": -0.060793020373028896, 
        "propos new": -0.09274266328659289,