{
    "51": {
        "self organ": 0.02003701245793129, 
        "time delay": -0.36687536475922244, 
        "high accuraci": 0.09452890342885016, 
        "new method": 0.05845570119406515, 
        "linear discrimin": 0.21825527202131229, 
        "convolut neural": 0.1863854458837462, 
        "social network": -0.05131928491286602, 
        "deep learn": 0.061500737350161545, 
        "take advantag": 0.1296957417431545, 
        "anomali detect": -0.015974037185063874, 
        "learn techniqu": 0.04054792831326602, 
        "inform retriev": -0.1066925960862992, 
        "magnet reson": 0.35159631087323234, 
        "remot sens": 0.24422680915167125, 
        "compon analysi": 0.17406732140061645, 
        "previou work": 0.030070393195404256, 
        "case studi": -0.14820961684036266, 
        "p p": 0.14967087694581027, 
        "big data": -0.07980254860301196, 
        "np hard": -0.2011787424377638, 
        "reinforc learn": -0.2501175676111575, 
        "comput vision": 0.2626176697430748, 
        "experi show": 0.09205584376489352, 
        "least squar": -0.0028996904636756143, 
        "data collect": -0.0019275253391568222, 
        "fault toler": -0.1216609581301375, 
        "short term": -0.053725467385355205, 
        "featur select": 0.1472293072159969, 
        "fold cross": 0.15122907297030327, 
        "similar measur": -0.05491604906382532, 
        "propos novel": 0.1477461823099351, 
        "analysi pca": 0.19538157597669864, 
        "present new": 0.022525038909192826, 
        "classif accuraci": 0.20766736722629303, 
        "e g": 0.06700873474846761, 
        "kernel function": 0.10857490515261152, 
        "sub sub": -0.28267144342631617, 
        "bayesian network": -0.07619379650951195, 
        "paper describ": -0.016665017303187188, 
        "fals alarm": 0.13509780618376932, 
        "result obtain": 0.1296293426836104, 
        "good perform": 0.03822662164958078, 
        "commonli use": 0.10276244049369622, 
        "petri net": -0.19226422820392325, 
        "method base": 0.13546356824207534, 
        "hidden node": 0.05095747632171551, 
        "licens plate": 0.20390042198543473, 
        "learn method": 0.025924929853772472, 
        "import role": 0.05143885009301754, 
        "black box": -0.05820859396532541, 
        "basi function": 0.08059012378416203, 
        "facial express": 0.21427327760433923, 
        "propos approach": 0.1501819034102279, 
        "gradient descent": -0.09166335788599234, 
        "proceed record": 0.0, 
        "real life": -0.03651483103920475, 
        "result indic": 0.07018698889109197, 
        "chapter contain": -0.49865164161901204, 
        "improv perform": 0.03893735937938718, 
        "low level": 0.27511190374422384, 
        "comput complex": 0.03708216635521582, 
        "experi result": 0.14781480457327428, 
        "recent year": 0.023570317547821556, 
        "sentiment analysi": 0.07785466673840756, 
        "learn approach": 0.063201330574915, 
        "mont carlo": -0.16577112572086689, 
        "naiv bay": 0.04670789418898132, 
        "cluster algorithm": 0.01788332477008597, 
        "suppli chain": -0.2805366598437776, 
        "intuitionist fuzzi": -0.11623168140287542, 
        "mobil robot": -0.12759449247411286, 
        "demonstr effect": 0.044264775095545356, 
        "confer proceed": -0.72671443627891, 
        "train sampl": 0.09216732276660473, 
        "improv accuraci": 0.12866456970012888, 
        "maximum likelihood": 0.0844207180956728, 
        "paper present": 0.04832110852786504, 
        "gene express": 0.04343368459049141, 
        "search engin": 0.022158400419364174, 
        "experiment result": 0.14271655212623824, 
        "mobil devic": -0.04411677743944077, 
        "web servic": -0.17453030521434432, 
        "face recognit": 0.17695663775648654, 
        "non neg": -0.028710504698482322, 
        "train set": 0.13032938293527957, 
        "fuzzi logic": -0.13576496022498255, 
        "machin elm": 0.12056723785765837, 
        "ad hoc": -0.06219550721627497, 
        "particl swarm": -0.09012951642763206, 
        "effect propos": -0.0034877267125970265, 
        "real time": 0.046844916374469164, 
        "n gram": 0.14103492891156508, 
        "vector machin": 0.1727337711379651, 
        "mean squar": -0.01546873234153385, 
        "posit neg": 0.0713090858717917, 
        "power plant": -0.16772607466293718, 
        "supervis learn": 0.04841756582408654, 
        "upper bound": -0.09939658248441104, 
        "k mean": 0.0900177480602716, 
        "hidden layer": 0.026758091465959644, 
        "support vector": 0.16335199636864128, 
        "decis tree": 0.07369864636220827, 
        "k nearest": 0.1072887733780398, 
        "state art": 0.10929746246223321, 
        "fault diagnosi": -0.0582947473957804, 
        "set theori": -0.1381571738768675, 
        "kalman filter": -0.08064982275931792, 
        "wide use": 0.08502887809591672, 
        "high level": 0.12476153896333683, 
        "inequ lmi": -0.13071587572286678, 
        "paper propos": 0.07820557266091631, 
        "data mine": -0.09751770493501938, 
        "back propag": 0.05783531962389538, 
        "ls svm": 0.07510124164493803, 
        "larg number": -0.0011082124312200255, 
        "show propos": 0.1391003762041643, 
        "larg amount": 0.049288742204319565, 
        "web page": 0.020435717372549476, 
        "suffici condit": -0.39699597244412654, 
        "section titl": -0.500591201203778, 
        "markov model": 0.04073029011595738, 
        "network ann": 0.10488661665175189, 
        "co occurr": 0.24406293731415626, 
        "amino acid": 0.13768750421356327, 
        "control system": -0.38453732924645795, 
        "learn algorithm": 0.002392963539429683, 
        "precis recal": 0.1553648486601624, 
        "close loop": -0.326191790749197, 
        "extrem learn": 0.14504977733367613, 
        "result demonstr": 0.11714809430261244, 
        "fals posit": 0.19306229800960562, 
        "decis make": -0.1874460817638753, 
        "ant coloni": -0.11111043313681322, 
        "semi supervis": 0.018678885260393262, 
        "time consum": 0.11052169038237292, 
        "genet algorithm": -0.10489779911052785, 
        "present novel": 0.13962378957537125, 
        "social media": 0.003499110468319611, 
        "pre process": 0.228151582852167, 
        "paper introduc": -0.02306576757017536, 
        "propos method": 0.1634495663810364, 
        "train data": 0.09762874233990942, 
        "spatio tempor": 0.11315675561573899, 
        "h sub": -0.15663461484486216, 
        "result show": 0.10002286923225795, 
        "contain section": -0.500591201203778, 
        "pid control": -0.2847388613809865, 
        "take account": 0.008846623670199453, 
        "princip compon": 0.15207483922284665, 
        "predict accuraci": 0.021842435749576287, 
        "associ rule": -0.15970503048873289, 
        "breast cancer": 0.22445384747505898, 
        "knowledg discoveri": -0.0690033732784758, 
        "prior knowledg": 0.08771219231638547, 
        "ground truth": 0.294547118521858, 
        "featur vector": 0.3579529412343064, 
        "simul result": -0.22240502227285663, 
        "time vari": -0.21864585230443467, 
        "propos algorithm": 0.07914512616202447, 
        "current committe": 0.0, 
        "rule base": -0.022349991234812686, 
        "decis maker": -0.18777457845503562, 
        "new approach": 0.07923653765190593, 
        "sup sup": -0.07960217857420984, 
        "recommend system": -0.11468751012295486, 
        "gaussian mixtur": 0.1533563986296639, 
        "real world": -0.052678031208663975, 
        "wide rang": 0.05092104911421461, 
        "e commerc": -0.04100798960209081, 
        "swarm optim": -0.10638768713411534, 
        "matrix inequ": -0.12437900311140304, 
        "propos new": 0.05276097478478739, 
        "non stationari": 0.08640203204361002, 
        "publicli avail": 0.2076822587949747,