{
    "52": {
        "self organ": 0.07396033315099762, 
        "time delay": 0.07549889077044417, 
        "high accuraci": 0.0695116437672935, 
        "new method": -0.09326236346508252, 
        "linear discrimin": -0.0761288597555324, 
        "convolut neural": 0.15741045808016732, 
        "social network": -0.09613485157363923, 
        "deep learn": 0.20914344343238994, 
        "take advantag": 0.052326111897740835, 
        "anomali detect": 0.05553258343909384, 
        "learn techniqu": 0.06595366321417538, 
        "inform retriev": -0.15237640733246605, 
        "magnet reson": -0.06491525461166171, 
        "remot sens": -0.07132759060452287, 
        "compon analysi": -0.12959489766815555, 
        "previou work": 0.038457285940152096, 
        "case studi": 0.05400903837604522, 
        "p p": 0.09413406272494096, 
        "big data": 0.0999060920035754, 
        "np hard": -0.04062927369792023, 
        "reinforc learn": 0.012131920599976528, 
        "comput vision": 0.030094781999445187, 
        "experi show": -0.09073684295800591, 
        "least squar": -0.01227765079737964, 
        "data collect": 0.010365422885568527, 
        "fault toler": 0.41417457982158595, 
        "short term": 0.055909605455637106, 
        "featur select": -0.15389097020118134, 
        "fold cross": -0.09409057873991779, 
        "similar measur": -0.1926495974554595, 
        "propos novel": 0.02794791529046007, 
        "analysi pca": -0.09371503805445082, 
        "present new": -0.09134977320611883, 
        "classif accuraci": -0.05873124498244312, 
        "e g": 0.16273629181354768, 
        "kernel function": -0.09208674046669521, 
        "sub sub": 0.16169302980633812, 
        "bayesian network": -0.0881496942100083, 
        "paper describ": 0.11673500883812182, 
        "fals alarm": 0.1463969959331331, 
        "result obtain": -0.07517150100028298, 
        "good perform": 0.038643098744149715, 
        "commonli use": 0.03239010494051613, 
        "petri net": 0.1271735533701363, 
        "method base": -0.1367038166785391, 
        "hidden node": 0.0672147985091423, 
        "licens plate": -0.006780392796331048, 
        "learn method": -0.0687173608357845, 
        "import role": -0.17032852925198155, 
        "black box": 0.11393145744064904, 
        "basi function": 0.00866475155636437, 
        "facial express": -0.07978702200405437, 
        "propos approach": -0.006638106474259581, 
        "gradient descent": 0.10964327274701881, 
        "proceed record": 0.0, 
        "real life": -0.06587807008267722, 
        "result indic": -0.03575036506135819, 
        "chapter contain": -0.49328422728616916, 
        "improv perform": -0.059847225679821585, 
        "low level": 0.09770079520719067, 
        "comput complex": 0.0740125529985075, 
        "experi result": -0.05068434412768124, 
        "recent year": -0.012535632633183219, 
        "sentiment analysi": -0.15788849183496917, 
        "learn approach": 0.011288188114978268, 
        "mont carlo": -0.035250765719082144, 
        "naiv bay": -0.1260623221923543, 
        "cluster algorithm": -0.1809962571428573, 
        "suppli chain": -0.07501298645414625, 
        "intuitionist fuzzi": -0.17714443520374462, 
        "mobil robot": 0.10295058598035382, 
        "demonstr effect": -0.0006826369630509206, 
        "confer proceed": -0.12502216709442285, 
        "train sampl": -0.10071260969629994, 
        "improv accuraci": -0.021898578835786286, 
        "maximum likelihood": 0.003761711163372285, 
        "paper present": 0.05531969199274583, 
        "gene express": -0.12276973119456687, 
        "search engin": -0.12222107223606157, 
        "experiment result": -0.02636931974905012, 
        "mobil devic": 0.15165698697578503, 
        "web servic": 0.031201170090829403, 
        "face recognit": -0.12123887153731802, 
        "non neg": -0.10297464211278243, 
        "train set": -0.11227578871914562, 
        "fuzzi logic": 0.15358248132825644, 
        "machin elm": 0.06085857470238333, 
        "ad hoc": 0.16033598050754141, 
        "particl swarm": -0.009767948885188312, 
        "effect propos": 0.02885214005991346, 
        "real time": 0.23456138017255715, 
        "n gram": -0.08714611352152675, 
        "vector machin": -0.03978207540542454, 
        "mean squar": 0.08946785516918979, 
        "posit neg": -0.18287141534956944, 
        "power plant": 0.13172668740034713, 
        "supervis learn": -0.11190004236966118, 
        "upper bound": 0.06491027461156793, 
        "k mean": -0.0648125718705196, 
        "hidden layer": 0.09681549682512362, 
        "support vector": -0.03113225585035098, 
        "decis tree": -0.0854335718537132, 
        "k nearest": -0.03296885035659622, 
        "state art": 0.004358838483124541, 
        "fault diagnosi": 0.09554251444793754, 
        "set theori": -0.23959358556165686, 
        "kalman filter": 0.08931792558733057, 
        "wide use": -0.02380680551161552, 
        "high level": 0.11581166140388872, 
        "inequ lmi": -0.034126066906070514, 
        "paper propos": -0.005452487442036063, 
        "data mine": -0.16996588004985316, 
        "back propag": 0.027763800040398384, 
        "ls svm": -0.008651016144360101, 
        "larg number": 0.03954386154550069, 
        "show propos": -0.051539639657738764, 
        "larg amount": 0.05837931110713432, 
        "web page": -0.15630303291360145, 
        "suffici condit": -0.1605772656888663, 
        "section titl": -0.4966219390697758, 
        "markov model": -0.04937923371763888, 
        "network ann": 0.126590268004704, 
        "co occurr": -0.11986540965269198, 
        "amino acid": 0.04213696817423232, 
        "control system": 0.18602711162893545, 
        "learn algorithm": 0.07785969959946279, 
        "precis recal": -0.08558653517490332, 
        "close loop": 0.16121633506985464, 
        "extrem learn": 0.042702254099776675, 
        "result demonstr": 0.015876723359324635, 
        "fals posit": 0.05377345642744859, 
        "decis make": -0.09349610375704362, 
        "ant coloni": -0.00042268394219935205, 
        "semi supervis": -0.15031890905091222, 
        "time consum": 0.03835838356871406, 
        "genet algorithm": -0.05870687980901207, 
        "present novel": 0.07929379682428693, 
        "social media": -0.1501003918019361, 
        "pre process": 0.0003567650996544729, 
        "paper introduc": 0.017813931574732517, 
        "propos method": -0.04932286493560555, 
        "train data": -0.021206227452578646, 
        "spatio tempor": 0.06377863975932055, 
        "h sub": 0.03880093070081968, 
        "result show": 0.011849091247897925, 
        "contain section": -0.4966219390697758, 
        "pid control": 0.10745182427371854, 
        "take account": 0.027662073562614464, 
        "princip compon": -0.12624867345456553, 
        "predict accuraci": 0.03266749880934777, 
        "associ rule": -0.24743041568169516, 
        "breast cancer": -0.08994440682842682, 
        "knowledg discoveri": -0.025854593299850032, 
        "prior knowledg": -0.012637510451641782, 
        "ground truth": 0.009893577611524745, 
        "featur vector": -0.15595207741542863, 
        "simul result": 0.16830538460553224, 
        "time vari": 0.05414649032858259, 
        "propos algorithm": -0.058432328052891114, 
        "current committe": 0.0, 
        "rule base": -0.06722281481951493, 
        "decis maker": -0.09279427166289504, 
        "new approach": -0.040825252245345826, 
        "sup sup": -0.01985356112323032, 
        "recommend system": -0.03488334895695362, 
        "gaussian mixtur": -0.06194494937588485, 
        "real world": -0.027536126063065543, 
        "wide rang": 0.08913051512196521, 
        "e commerc": -0.0627820616248185, 
        "swarm optim": -0.022877921076115335, 
        "matrix inequ": -0.020504750638762635, 
        "propos new": -0.15526231113044386,