{
    "53": {
        "self organ": 0.05578724814199042, 
        "time delay": 0.04791454304594301, 
        "high accuraci": -0.026606755736028068, 
        "new method": 0.013731676041464917, 
        "linear discrimin": 0.043238877436165286, 
        "convolut neural": 0.12946762002164044, 
        "social network": 0.1674282514030704, 
        "deep learn": 0.01192529027780948, 
        "take advantag": 0.126145852209188, 
        "anomali detect": -0.016565627313022628, 
        "learn techniqu": 0.03799010211451116, 
        "inform retriev": 0.08749788655945985, 
        "magnet reson": 0.07966745996674116, 
        "remot sens": 0.10778312830245597, 
        "compon analysi": 0.11658310469013898, 
        "previou work": 0.05485082152649899, 
        "case studi": 0.07683335771146065, 
        "p p": 0.06424149725152636, 
        "big data": -0.0472840661213116, 
        "np hard": 0.06973693846631535, 
        "reinforc learn": -0.01565623629814311, 
        "comput vision": 0.0007105699182105595, 
        "experi show": 0.044242117527455445, 
        "least squar": 0.008131920793952765, 
        "data collect": -0.06407105276281239, 
        "fault toler": 0.008052919448477348, 
        "short term": -0.023935637872300092, 
        "featur select": -0.02285900679402401, 
        "fold cross": 0.008735668628783336, 
        "similar measur": 0.16497947670310145, 
        "propos novel": 0.09242148123892979, 
        "analysi pca": 0.17562637176622525, 
        "present new": 0.1258406241971543, 
        "classif accuraci": 0.05095765948602403, 
        "e g": 0.07907198139166378, 
        "kernel function": 0.02055347547816952, 
        "sub sub": 0.10113420702955121, 
        "bayesian network": -0.029978478090530888, 
        "paper describ": 0.03826854315623064, 
        "fals alarm": 0.07365846119307827, 
        "result obtain": 0.03783175338205068, 
        "good perform": 0.14460298199907323, 
        "commonli use": 0.09547480900522051, 
        "petri net": 0.0579720731496876, 
        "method base": 0.09323887891260164, 
        "hidden node": 0.04211757392629658, 
        "licens plate": 0.060411833069421855, 
        "learn method": 0.005333822943180886, 
        "import role": 0.09434531234667368, 
        "black box": 0.04151588371942917, 
        "basi function": 0.05409883842639136, 
        "facial express": 0.13843894471038304, 
        "propos approach": -0.009409006340094735, 
        "gradient descent": 0.0783435644958041, 
        "proceed record": 0.006206078422345551, 
        "real life": 0.11469408132980141, 
        "result indic": -0.004257279167281062, 
        "chapter contain": -0.2975424552079696, 
        "improv perform": 0.1659252530722562, 
        "low level": 0.16548327106633304, 
        "comput complex": 0.14577303005141076, 
        "experi result": 0.12287535949226842, 
        "recent year": 0.12429745507336314, 
        "sentiment analysi": 0.08251164229759757, 
        "learn approach": 0.08971021960389601, 
        "mont carlo": 0.011946881580792674, 
        "naiv bay": 0.08415494147652808, 
        "cluster algorithm": 0.008908538903279976, 
        "suppli chain": -0.06832568296031948, 
        "intuitionist fuzzi": -0.044423168235400205, 
        "mobil robot": 0.15744136434375353, 
        "demonstr effect": -0.03892519517808346, 
        "confer proceed": -0.2978701630683206, 
        "train sampl": 0.09058443635590566, 
        "improv accuraci": 0.00278768311869541, 
        "maximum likelihood": 0.05498259849753371, 
        "paper present": 0.04665129713112974, 
        "gene express": 0.08098088955374548, 
        "search engin": 0.20256487048355643, 
        "experiment result": -0.03738247403095217, 
        "mobil devic": 0.16081543710272095, 
        "web servic": 0.0568892793888917, 
        "face recognit": 0.20013577224101603, 
        "non neg": 0.25478619034003513, 
        "train set": 0.06234159435802576, 
        "fuzzi logic": 0.11235515935466824, 
        "machin elm": 0.014500730370239523, 
        "ad hoc": 0.12626420433099414, 
        "particl swarm": 0.15689035386312655, 
        "effect propos": -0.014962887255403774, 
        "real time": 0.09989974749976567, 
        "n gram": 0.17300661287095018, 
        "vector machin": -0.15634515285136685, 
        "mean squar": 0.14994217593453862, 
        "posit neg": 0.06475357335863288, 
        "power plant": 0.1758543941730633, 
        "supervis learn": 0.0932529306102938, 
        "upper bound": 0.06307337856760976, 
        "k mean": 0.11457663090771493, 
        "hidden layer": -0.022777321156143376, 
        "support vector": -0.10791264881010952, 
        "decis tree": -0.1964129089090871, 
        "k nearest": 0.05410765769561888, 
        "state art": 0.06670384980423114, 
        "fault diagnosi": 0.05535752180718191, 
        "set theori": -0.0064187307006962156, 
        "kalman filter": 0.08174421190188552, 
        "wide use": 0.003750232001553157, 
        "high level": 0.06523116531179547, 
        "inequ lmi": -0.021403238382210928, 
        "paper propos": 0.03391710042981533, 
        "data mine": -0.14419787208727744, 
        "back propag": 0.06101024282182544, 
        "ls svm": 0.0932786263980764, 
        "larg number": 0.02113736803016038, 
        "show propos": 0.1135794737485383, 
        "larg amount": 0.037105385639223394, 
        "web page": 0.2648591820646715, 
        "suffici condit": -0.1515853629376711, 
        "section titl": -0.2992266816692674, 
        "markov model": 0.08346538664474619, 
        "network ann": 0.02968368097125959, 
        "co occurr": 0.2158279764877375, 
        "amino acid": 0.1512954687985774, 
        "control system": -0.006570068248917954, 
        "learn algorithm": -0.04587317194008869, 
        "precis recal": 0.08407100785801089, 
        "close loop": 0.13510604364769635, 
        "extrem learn": -0.04023669534712251, 
        "result demonstr": 0.11257640874137674, 
        "fals posit": 0.1431693536594169, 
        "decis make": -0.07646082935895306, 
        "ant coloni": 0.04007635973471408, 
        "semi supervis": 0.030021011717322056, 
        "time consum": -0.007134520859831763, 
        "genet algorithm": -0.022925794042297883, 
        "present novel": 0.15068724859346466, 
        "social media": 0.16039603315747283, 
        "pre process": 0.14430475819811753, 
        "paper introduc": 0.01564320036968904, 
        "propos method": 0.07826788450709364, 
        "train data": -0.0749545649433325, 
        "spatio tempor": 0.062165037279266706, 
        "h sub": 0.011566651403195028, 
        "result show": 0.12585961780258045, 
        "contain section": -0.2992266816692674, 
        "pid control": 0.32144822008381574, 
        "take account": 0.08799963854713544, 
        "princip compon": 0.12489876379784394, 
        "predict accuraci": 0.04471355184245905, 
        "associ rule": -0.01079896572235279, 
        "breast cancer": 0.06750375161450478, 
        "knowledg discoveri": 0.0113675804617377, 
        "prior knowledg": 0.09632197787383526, 
        "ground truth": 0.1636858132455914, 
        "featur vector": 0.16490820416412247, 
        "simul result": 0.08224212279605818, 
        "time vari": 0.11108861933365191, 
        "propos algorithm": 0.026492780136118048, 
        "current committe": 0.0, 
        "rule base": -0.021251424496210227, 
        "decis maker": 0.013019848272581071, 
        "new approach": 0.09787584590689088, 
        "sup sup": 0.17300834793290185, 
        "recommend system": 0.059750833533139244, 
        "gaussian mixtur": 0.09693424923200698, 
        "real world": -0.08816531401502545, 
        "wide rang": 0.09200910716116084, 
        "e commerc": 0.13424547411367382, 
        "swarm optim": 0.16265815269347378, 
        "matrix inequ": -0.08063319083273607, 
        "propos new": 0.01774586771944884, 
        "non stationari": 0.04285215733527838,