{
    "54": {
        "self organ": 0.3848948195418521, 
        "time delay": 0.0033157689170244253, 
        "high accuraci": -0.021899955744211667, 
        "new method": 0.0714617789837277, 
        "linear discrimin": -0.03345695384186746, 
        "convolut neural": 0.18724997532832796, 
        "social network": 0.06882358162552302, 
        "deep learn": -0.08438345885042067, 
        "take advantag": 0.09130267182261927, 
        "anomali detect": 0.12655958747019663, 
        "learn techniqu": 0.08880650779551787, 
        "inform retriev": -0.1774748228232692, 
        "magnet reson": 0.16186308786937847, 
        "remot sens": -0.034948733343820315, 
        "compon analysi": 0.12663140188898553, 
        "previou work": -0.2912706624062612, 
        "case studi": 0.20645516811400724, 
        "p p": 0.277158642836271, 
        "big data": -0.06747029181290001, 
        "np hard": 0.3127310011879063, 
        "reinforc learn": -0.41441425788556874, 
        "comput vision": 0.0655703703212227, 
        "experi show": -0.10336486097768267, 
        "least squar": -0.06166763776451417, 
        "data collect": 0.01414093428324704, 
        "fault toler": 0.8117257947307787, 
        "short term": -0.035296064111791293, 
        "featur select": -0.007182778649982121, 
        "fold cross": -0.09828801887879805, 
        "similar measur": -0.1829538576837529, 
        "propos novel": -0.10925936687093449, 
        "analysi pca": 0.3193987306348153, 
        "present new": -0.1458727679671853, 
        "classif accuraci": -0.010989352541871868, 
        "e g": 0.07671145558965824, 
        "kernel function": 0.06386054352029784, 
        "sub sub": 0.21469299793598545, 
        "bayesian network": 0.17495284798201347, 
        "paper describ": 0.056869904349785436, 
        "fals alarm": 0.052885162783121206, 
        "result obtain": -0.10119289149141811, 
        "good perform": 0.10813545459386764, 
        "commonli use": 0.1738101002616978, 
        "petri net": 0.1915080606660482, 
        "method base": 0.08508375690277567, 
        "hidden node": 0.08330679236647992, 
        "licens plate": 0.15772678971201834, 
        "learn method": -0.0060620011088229515, 
        "import role": 0.02764018226474392, 
        "black box": 0.15021078164896035, 
        "basi function": 0.1387245241310116, 
        "facial express": 0.11129702089355684, 
        "propos approach": 0.16711773795648305, 
        "gradient descent": 0.1956175281317812, 
        "proceed record": 0.0, 
        "real life": -0.07541598771512249, 
        "result indic": 0.09464797340720883, 
        "chapter contain": -0.18059449781692516, 
        "improv perform": -0.2882935757128005, 
        "low level": -0.020111775802388383, 
        "comput complex": -0.23700934531572487, 
        "experi result": 0.06247031987669224, 
        "recent year": -0.11403291744841103, 
        "sentiment analysi": 0.19199907896527757, 
        "learn approach": -0.12695601869775552, 
        "mont carlo": -0.0200431530573354, 
        "naiv bay": -0.06628900099784721, 
        "cluster algorithm": -0.030309067351081697, 
        "suppli chain": 0.4322009903324186, 
        "intuitionist fuzzi": 0.08592559494586238, 
        "mobil robot": 0.3568222780431062, 
        "demonstr effect": 0.017513317166723764, 
        "confer proceed": -0.22896548095562846, 
        "train sampl": -0.09436016146328137, 
        "improv accuraci": 0.13122366785806927, 
        "maximum likelihood": -0.14499793993680224, 
        "paper present": 0.02382760675559391, 
        "gene express": 0.12543654506662721, 
        "search engin": 0.027678200780465782, 
        "experiment result": -0.03426454357727128, 
        "mobil devic": 0.061948455971291436, 
        "web servic": 0.1401781291203885, 
        "face recognit": 0.040893078235078234, 
        "non neg": 0.06572731383619969, 
        "train set": -0.17708224001557182, 
        "fuzzi logic": -0.02314658041331632, 
        "machin elm": 0.09247191478669037, 
        "ad hoc": 0.041818494370434355, 
        "particl swarm": 0.26234152204587385, 
        "effect propos": 0.14688465675318135, 
        "real time": 0.16976168718316365, 
        "n gram": 0.09056567236125712, 
        "vector machin": 0.11062797246762816, 
        "mean squar": -0.18643316724850614, 
        "posit neg": -0.09957699009535023, 
        "power plant": 0.32573040145478965, 
        "supervis learn": -0.04341647102538154, 
        "upper bound": 0.025648181652094017, 
        "k mean": -0.0242911474440416, 
        "hidden layer": 0.17546193453531386, 
        "support vector": 0.11662894972820084, 
        "decis tree": 0.018309499424772613, 
        "k nearest": 0.09479778093942354, 
        "state art": -0.07042973490684488, 
        "fault diagnosi": 1.1146238158232495, 
        "set theori": -0.07284467723000225, 
        "kalman filter": 0.20266424632160351, 
        "wide use": -0.13413152009128682, 
        "high level": 0.16998862080695398, 
        "inequ lmi": 0.14149028056614688, 
        "paper propos": 0.0011712002359830437, 
        "data mine": -0.20981525919005106, 
        "back propag": 0.26233600789657663, 
        "ls svm": 0.29065393323919514, 
        "larg number": 0.10954893660339914, 
        "show propos": 0.0033881634494280647, 
        "larg amount": 0.012752901369651317, 
        "web page": -0.06785239867909798, 
        "suffici condit": -0.0449738561630811, 
        "section titl": -0.18089018393451303, 
        "markov model": 0.006818704075426377, 
        "network ann": 0.15602860196305357, 
        "co occurr": 0.12800099391150693, 
        "amino acid": 0.05732180875753782, 
        "control system": -0.08281534211081906, 
        "learn algorithm": -0.11913092457870725, 
        "precis recal": 0.1524638987033985, 
        "close loop": -0.07725665742174417, 
        "extrem learn": 0.14666455160030628, 
        "result demonstr": -0.008043750601133593, 
        "fals posit": 0.05910129978109346, 
        "decis make": 0.052599682160595754, 
        "ant coloni": 0.21993549091474252, 
        "semi supervis": -0.1113207242954631, 
        "time consum": 0.16915346288250066, 
        "genet algorithm": 0.037588265999746476, 
        "present novel": -0.0036604646725111054, 
        "social media": 0.20160268405736703, 
        "pre process": 0.15785979933430225, 
        "paper introduc": -0.08785535433646592, 
        "propos method": 0.08779307048049334, 
        "train data": -0.21518262928292736, 
        "spatio tempor": 0.14722930336438228, 
        "h sub": 0.13481937925454296, 
        "result show": 0.03817230367567059, 
        "contain section": -0.18089018393451303, 
        "pid control": 0.012407576980366208, 
        "take account": -0.048795861016212236, 
        "princip compon": 0.2813903769687723, 
        "predict accuraci": -0.013748501625455545, 
        "associ rule": -0.06709330716569667, 
        "breast cancer": 0.29122923226793934, 
        "knowledg discoveri": 0.0028145423883652303, 
        "prior knowledg": -0.15600396351184348, 
        "ground truth": 0.11720389340105514, 
        "featur vector": 0.0955253034599325, 
        "simul result": 0.026796360088697943, 
        "time vari": -0.07650883257544476, 
        "propos algorithm": -0.17887771889964238, 
        "current committe": 0.0, 
        "rule base": 0.19640735908521295, 
        "decis maker": 0.06068635608104106, 
        "new approach": 0.012057648568271403, 
        "sup sup": 0.056005403616362553, 
        "recommend system": -0.02472863543341266, 
        "gaussian mixtur": 0.12338368959893223, 
        "real world": -0.19056117905500902, 
        "wide rang": 0.11060857498088339, 
        "e commerc": 0.1740226487323333, 
        "swarm optim": 0.28117368720901464, 
        "matrix inequ": 0.05343286947445802, 
        "propos new": -0.17435401516760624, 
        "non stationari": 0.2783628821348606,