{
    "55": {
        "self organ": 0.07479595749944654, 
        "time delay": -0.1158172162032603, 
        "high accuraci": 0.05938847815937546, 
        "new method": -0.08230007560275723, 
        "linear discrimin": -0.1440364207889041, 
        "convolut neural": -0.08504871266281205, 
        "social network": 0.17775946552675784, 
        "deep learn": 0.2545292292814032, 
        "take advantag": 0.05804756745656862, 
        "anomali detect": 0.0746758429364092, 
        "learn techniqu": 0.09175141626260741, 
        "inform retriev": -0.016186303259989713, 
        "magnet reson": 0.060366603351831555, 
        "remot sens": 0.10477165720362107, 
        "compon analysi": -0.1033404857068313, 
        "previou work": 0.058500833416037845, 
        "case studi": 0.13333186979772724, 
        "p p": 0.33191021977851387, 
        "big data": 0.07822489036927514, 
        "np hard": 0.09942694275170719, 
        "reinforc learn": 0.0030744161754180693, 
        "comput vision": -0.015602199666863211, 
        "experi show": 0.01423788999891695, 
        "least squar": -0.025106297415115077, 
        "data collect": 0.13735039219210848, 
        "fault toler": 0.08957293452573233, 
        "short term": 0.14563545245387172, 
        "featur select": -0.0233431311117004, 
        "fold cross": -0.03670765908254587, 
        "similar measur": -0.17262434538103882, 
        "propos novel": 0.027965933259745418, 
        "analysi pca": -0.12463062658643363, 
        "present new": 0.004405855991590598, 
        "classif accuraci": -0.010089758050478202, 
        "e g": 0.17787164287886753, 
        "kernel function": 0.05527966622924301, 
        "sub sub": -0.08950221464897992, 
        "bayesian network": 0.5155252198100471, 
        "paper describ": -0.037053514779032015, 
        "fals alarm": 0.03787602945342164, 
        "result obtain": -0.028694182432730492, 
        "good perform": -0.02894873834381033, 
        "commonli use": 0.05226277200007069, 
        "petri net": -0.05172865388054301, 
        "method base": -0.05139125268230139, 
        "hidden node": 0.06047034268929705, 
        "licens plate": -0.2361727137570328, 
        "learn method": 0.09639915454276567, 
        "import role": 0.0009140067856212595, 
        "black box": 0.05328708924088175, 
        "basi function": -0.016194515189667073, 
        "facial express": -0.07754434702514681, 
        "propos approach": 0.06508605252364554, 
        "gradient descent": 0.02766246310364966, 
        "proceed record": 0.005028531938121326, 
        "real life": 0.08660254061890116, 
        "result indic": 0.03683122908445523, 
        "chapter contain": -0.3049618230032204, 
        "improv perform": 0.03130747118102441, 
        "low level": 0.12488495703933375, 
        "comput complex": -0.016765728343424227, 
        "experi result": -0.21155061171736805, 
        "recent year": 0.029236333590117784, 
        "sentiment analysi": -0.016594404027904255, 
        "learn approach": 0.09109471405217849, 
        "mont carlo": 0.3285014296431954, 
        "naiv bay": 0.11696373902105925, 
        "cluster algorithm": -0.020758051205417277, 
        "suppli chain": -0.07799170485569293, 
        "intuitionist fuzzi": -0.285934065663212, 
        "mobil robot": 0.0612833340047604, 
        "demonstr effect": 0.020701110298597187, 
        "confer proceed": -0.47847813196296446, 
        "train sampl": 0.048059326127741143, 
        "improv accuraci": 0.0353647252438571, 
        "maximum likelihood": 0.278809217738475, 
        "paper present": 0.015474881084929322, 
        "gene express": 0.20283509284124426, 
        "search engin": -0.052627459599447375, 
        "experiment result": -0.000649610563722011, 
        "mobil devic": 0.057539100704284314, 
        "web servic": 0.006737281928277752, 
        "face recognit": -0.1442469480181136, 
        "non neg": 0.02630031054811329, 
        "train set": 0.022873089312111444, 
        "fuzzi logic": -0.0767527475305422, 
        "machin elm": -0.0400615458002284, 
        "ad hoc": 0.1575037967326973, 
        "particl swarm": -0.18211457664763392, 
        "effect propos": 0.011986564741250719, 
        "real time": 0.04511736812378234, 
        "n gram": 0.019365860886589426, 
        "vector machin": 0.018223317076553096, 
        "mean squar": 0.07529170975422259, 
        "posit neg": -0.0008940184814193359, 
        "power plant": -0.009914966892268326, 
        "supervis learn": 0.2115826675235993, 
        "upper bound": 0.015108957597463534, 
        "k mean": -0.022751425192912768, 
        "hidden layer": -0.0267443501208901, 
        "support vector": 0.0038178621699214077, 
        "decis tree": 0.04498338638826757, 
        "k nearest": 0.037020338401272994, 
        "state art": 0.1280573147474091, 
        "fault diagnosi": 0.029229243393764297, 
        "set theori": -0.1370035910572336, 
        "kalman filter": 0.07703348927202489, 
        "wide use": 0.10135468387578363, 
        "high level": 0.079247667155852, 
        "inequ lmi": -0.046877878190126704, 
        "paper propos": 0.0265402422356501, 
        "data mine": 0.01189697121988379, 
        "back propag": 0.02658852589408181, 
        "ls svm": 0.06081597748996946, 
        "larg number": 0.06202186279183436, 
        "show propos": -0.023363017168675018, 
        "larg amount": 0.11255869201936405, 
        "web page": -0.04084512114779811, 
        "suffici condit": -0.29872002032450207, 
        "section titl": -0.307135293063141, 
        "markov model": 0.23707949970605094, 
        "network ann": 0.07228738414687008, 
        "co occurr": 0.03431852530676395, 
        "amino acid": 0.10480624569417368, 
        "control system": -0.21283186890093, 
        "learn algorithm": 0.11814377649099624, 
        "precis recal": 0.07237449844409914, 
        "close loop": -0.1747007764245641, 
        "extrem learn": -0.010589487087576524, 
        "result demonstr": 0.03413442802841196, 
        "fals posit": 0.1192337864683187, 
        "decis make": -0.027192664172527546, 
        "ant coloni": -0.051531375106855695, 
        "semi supervis": 0.2145346545377101, 
        "time consum": 0.04984449649057062, 
        "genet algorithm": -0.10910339039785832, 
        "present novel": 0.09947512983820422, 
        "social media": 0.025693755959386676, 
        "pre process": -0.025998444031309513, 
        "paper introduc": 0.005255918324599048, 
        "propos method": -0.02722526728075953, 
        "train data": 0.16560696406271344, 
        "spatio tempor": 0.15427609134963205, 
        "h sub": -0.18263156471072794, 
        "result show": -0.03959389440534043, 
        "contain section": -0.307135293063141, 
        "pid control": -0.20103737014721795, 
        "take account": 0.17921024709043426, 
        "princip compon": -0.06883278609496693, 
        "predict accuraci": 0.04884861898678411, 
        "associ rule": -0.24690349207025555, 
        "breast cancer": 0.017473185196393536, 
        "knowledg discoveri": 0.1299835950841476, 
        "prior knowledg": 0.20326976803979274, 
        "ground truth": 0.07895423786676009, 
        "featur vector": -0.0757540149227897, 
        "simul result": -0.1310581877029577, 
        "time vari": -0.03553097240235637, 
        "propos algorithm": -0.05605201040320156, 
        "current committe": 0.0, 
        "rule base": -0.10467925188788235, 
        "decis maker": -0.048676737370692134, 
        "new approach": 0.022854713133552158, 
        "sup sup": -0.07722321077045347, 
        "recommend system": 0.17265032669054373, 
        "gaussian mixtur": 0.2550361474036843, 
        "real world": 0.16101242929102802, 
        "wide rang": 0.06254444980289303, 
        "e commerc": -0.017706974537729042, 
        "swarm optim": -0.2099490951761071, 
        "matrix inequ": -0.2508453307591841, 
        "propos new": -0.0006125231992319628, 
        "non stationari": 0.14150923124550832,