{
    "56": {
        "self organ": -0.016982290963817682, 
        "time delay": -0.2709360799510182, 
        "high accuraci": 0.11489548802010982, 
        "new method": 0.02778126791195894, 
        "linear discrimin": 0.18920522607994417, 
        "convolut neural": 0.11270823415994446, 
        "social network": -0.23221032481938872, 
        "deep learn": -0.013103415973252602, 
        "take advantag": 0.05351808649679379, 
        "anomali detect": -0.13418378150677446, 
        "learn techniqu": -0.005038001941209264, 
        "inform retriev": -0.07112607434639774, 
        "magnet reson": 0.25866380502487796, 
        "remot sens": 0.07147698277362143, 
        "compon analysi": 0.1024695659625836, 
        "previou work": 0.015418793866726415, 
        "case studi": -0.25331653713381846, 
        "p p": 0.37925571891191584, 
        "big data": -0.07589394789062463, 
        "np hard": -0.09544766261054996, 
        "reinforc learn": -0.09845486445547592, 
        "comput vision": 0.2991109086094476, 
        "experi show": 0.15463599123410723, 
        "least squar": -0.009127851942392098, 
        "data collect": 0.04210934463712432, 
        "fault toler": -0.0688669350527851, 
        "short term": -0.05145343867812354, 
        "featur select": 0.04377659063893802, 
        "fold cross": -0.04274242168168487, 
        "similar measur": -0.12404102064543113, 
        "propos novel": 0.15917403955001905, 
        "analysi pca": 0.0743489081616089, 
        "present new": 0.07850348057182942, 
        "classif accuraci": 0.11156679727060981, 
        "e g": 0.044100229633386195, 
        "kernel function": -0.058279047612859396, 
        "sub sub": -0.12037755654269251, 
        "bayesian network": 0.012768165610687308, 
        "paper describ": 0.010527343772774091, 
        "fals alarm": 0.09594076104258228, 
        "result obtain": 0.1052875309381871, 
        "good perform": 0.0449810624064175, 
        "commonli use": 0.15939142689025806, 
        "petri net": -0.15756318343976686, 
        "method base": 0.047396046414426296, 
        "hidden node": 0.030828310592264756, 
        "licens plate": 0.2914005690495199, 
        "learn method": -0.02901373417360424, 
        "import role": 0.0451373906873858, 
        "black box": 0.05194748995022665, 
        "basi function": -0.034485721427476766, 
        "facial express": 0.18274057576328798, 
        "propos approach": 0.21498296808636005, 
        "gradient descent": 0.08828748806698647, 
        "proceed record": 0.005746188007481659, 
        "real life": 0.025765372087993905, 
        "result indic": 0.08004275828601669, 
        "chapter contain": -0.4588521706893774, 
        "improv perform": 0.018923060630202528, 
        "low level": 0.20077240207492575, 
        "comput complex": 0.1128359402462152, 
        "experi result": 0.0923597254572537, 
        "recent year": -0.006241840164638175, 
        "sentiment analysi": -0.060729166772689094, 
        "learn approach": -0.03641491517402456, 
        "mont carlo": -0.10975822280049487, 
        "naiv bay": -0.004662888253130163, 
        "cluster algorithm": 0.08208139161983251, 
        "suppli chain": -0.19041830369630142, 
        "intuitionist fuzzi": -0.06626976466954927, 
        "mobil robot": -0.03199488479852673, 
        "demonstr effect": 0.057540396267466994, 
        "confer proceed": -0.4021603610551725, 
        "train sampl": 0.08514947872514433, 
        "improv accuraci": 0.09912393603838987, 
        "maximum likelihood": 0.028537642684579815, 
        "paper present": 0.09477784549359085, 
        "gene express": -0.13112699017521995, 
        "search engin": 0.015089987116968451, 
        "experiment result": 0.16478074795557135, 
        "mobil devic": 0.09017716302169909, 
        "web servic": -0.14229600623681704, 
        "face recognit": 0.10926628872095286, 
        "non neg": -0.13597932953877367, 
        "train set": 0.06849363512968867, 
        "fuzzi logic": -0.16035197241475335, 
        "machin elm": 0.011436347784138096, 
        "ad hoc": -0.09488161761298007, 
        "particl swarm": -0.12715696781980937, 
        "effect propos": 0.04901711280019056, 
        "real time": 0.08366355601944031, 
        "n gram": 0.16779197061722345, 
        "vector machin": 0.07612916686997749, 
        "mean squar": 0.011103795046938463, 
        "posit neg": 0.025587055934263934, 
        "power plant": -0.04517582865160236, 
        "supervis learn": 0.04003996047192603, 
        "upper bound": -0.046680924266859214, 
        "k mean": 0.15902636640014117, 
        "hidden layer": -0.033193599160491964, 
        "support vector": 0.06876138809034517, 
        "decis tree": -0.003155523547394858, 
        "k nearest": 0.0650040126863404, 
        "state art": 0.06478248942579982, 
        "fault diagnosi": -0.025468706245223908, 
        "set theori": -0.10362630729107875, 
        "kalman filter": -0.022415103166268525, 
        "wide use": 0.038535951179567, 
        "high level": 0.15866811927500057, 
        "inequ lmi": -0.09953458330109032, 
        "paper propos": 0.09470902820402034, 
        "data mine": -0.08359948186925717, 
        "back propag": -0.029534282178699002, 
        "ls svm": 0.04606330289137969, 
        "larg number": 0.06907310964213129, 
        "show propos": 0.13952213949529732, 
        "larg amount": 0.06140280801306812, 
        "web page": 0.1995878472607253, 
        "suffici condit": -0.2025018680136764, 
        "section titl": -0.4616981656568734, 
        "markov model": 0.17559278856088317, 
        "network ann": 0.011437704888173365, 
        "co occurr": 0.09085882008707179, 
        "amino acid": 0.20401650719475165, 
        "control system": -0.314727851786209, 
        "learn algorithm": -0.04169051477812309, 
        "precis recal": 0.1007342247177151, 
        "close loop": -0.118932388838049, 
        "extrem learn": 0.08183022664101824, 
        "result demonstr": 0.10000956693160996, 
        "fals posit": 0.1884572507036374, 
        "decis make": -0.2243425841113769, 
        "ant coloni": -0.003771789378639298, 
        "semi supervis": 0.11575193806289479, 
        "time consum": 0.056977474828764064, 
        "genet algorithm": -0.12168748661528897, 
        "present novel": 0.10232369345121155, 
        "social media": -0.011573313636714539, 
        "pre process": 0.2967919871245601, 
        "paper introduc": -0.04804569234451581, 
        "propos method": 0.1431441672349774, 
        "train data": 0.08561929885967971, 
        "spatio tempor": 0.19009428213617538, 
        "h sub": -0.001094875852333587, 
        "result show": 0.07680092207412273, 
        "contain section": -0.4616981656568734, 
        "pid control": -0.2183268658840244, 
        "take account": -0.020378228280609336, 
        "princip compon": 0.10831353892130045, 
        "predict accuraci": -0.021612005819834204, 
        "associ rule": 0.003362056599392141, 
        "breast cancer": 0.026797679078992394, 
        "knowledg discoveri": 0.007708847274092774, 
        "prior knowledg": 0.10583623180416939, 
        "ground truth": 0.1952005487439753, 
        "featur vector": 0.20591625619693377, 
        "simul result": -0.16777445318986214, 
        "time vari": -0.21378006605158612, 
        "propos algorithm": 0.09922886553727851, 
        "current committe": 0.0, 
        "rule base": -0.0911284242475014, 
        "decis maker": -0.053581521053981444, 
        "new approach": 0.11794249047882142, 
        "sup sup": -0.08307680634564395, 
        "recommend system": -0.031943326994678896, 
        "gaussian mixtur": 0.1439240935171507, 
        "real world": -0.019687068511224374, 
        "wide rang": -0.025254443364473685, 
        "e commerc": -0.07103866333450055, 
        "swarm optim": -0.11455415728289169, 
        "matrix inequ": -0.15296634296765205, 
        "propos new": 0.04368034638938407, 
        "non stationari": 0.10706780694269011,