{
    "57": {
        "self organ": 0.05721985607289771, 
        "time delay": 0.11095263891808498, 
        "high accuraci": -0.08284704426603785, 
        "new method": -0.12508690750932594, 
        "linear discrimin": 0.007273026931052504, 
        "convolut neural": 0.07740031811424146, 
        "social network": -0.02094967736065219, 
        "deep learn": 0.17742767019056793, 
        "take advantag": -0.12308761469739712, 
        "anomali detect": 0.05523749025449329, 
        "learn techniqu": 0.024055209587058035, 
        "inform retriev": -0.15080078674583527, 
        "magnet reson": 0.028228220033793, 
        "remot sens": 0.07114535210051637, 
        "compon analysi": -0.15428706937647696, 
        "previou work": -0.11940063093105033, 
        "case studi": -0.14516681144006946, 
        "p p": 0.5357207977366094, 
        "big data": -0.10222918610224986, 
        "np hard": 0.08931760195604486, 
        "reinforc learn": 0.4546743622275022, 
        "comput vision": 0.18222791113820871, 
        "experi show": -0.06773091408883405, 
        "least squar": -0.007128069714208665, 
        "data collect": 0.07618157311113659, 
        "fault toler": 0.24670477434311056, 
        "short term": -0.15478493500433207, 
        "featur select": -0.3692773209353043, 
        "fold cross": -0.0009501743380062604, 
        "similar measur": -0.016151319411574327, 
        "propos novel": -0.09300565409329602, 
        "analysi pca": -0.004332395979899673, 
        "present new": -0.09698538060344376, 
        "classif accuraci": -0.12825073410403628, 
        "e g": 0.004125061844795804, 
        "kernel function": -0.02355213179281695, 
        "sub sub": 0.07166429212523064, 
        "bayesian network": -0.09444599197072553, 
        "paper describ": 0.08407750041538893, 
        "fals alarm": 0.030830658775540483, 
        "result obtain": -0.01772225785877933, 
        "good perform": -0.010901675003398385, 
        "commonli use": 0.07989150039511125, 
        "petri net": 0.08518931881365523, 
        "method base": -0.0949838111924304, 
        "hidden node": 0.034317819988733476, 
        "licens plate": 0.07389453486643206, 
        "learn method": -0.014051878728794612, 
        "import role": -0.014882501460745119, 
        "black box": 0.18487839390552147, 
        "basi function": -0.055473866858527635, 
        "facial express": 0.10936412790495434, 
        "propos approach": -0.02333879364059352, 
        "gradient descent": 0.09786847008200415, 
        "proceed record": 0.008357872473496968, 
        "real life": -0.08497434610034409, 
        "result indic": -0.027764632585581678, 
        "chapter contain": -0.08086301768045709, 
        "improv perform": -0.0130537900587273, 
        "low level": 0.1419174681438926, 
        "comput complex": -0.08259423597031722, 
        "experi result": -0.0934842244306783, 
        "recent year": -0.024005976149106593, 
        "sentiment analysi": -0.024570932640425643, 
        "learn approach": 0.018470120766812124, 
        "mont carlo": 0.15136628232400237, 
        "naiv bay": -0.1958287599882587, 
        "cluster algorithm": -0.17517510782669846, 
        "suppli chain": -0.035792966649503224, 
        "intuitionist fuzzi": -0.012143811882548513, 
        "mobil robot": 0.8689478741352996, 
        "demonstr effect": 0.037373210606466784, 
        "confer proceed": -0.20003403964298588, 
        "train sampl": -0.024363219071028442, 
        "improv accuraci": -0.09295221828192786, 
        "maximum likelihood": 0.07368703738396237, 
        "paper present": 0.05376565435663814, 
        "gene express": -0.04071543925934481, 
        "search engin": 0.09067921457755493, 
        "experiment result": -0.05149161015393747, 
        "mobil devic": 0.07120699041754847, 
        "web servic": 0.06002876240493658, 
        "face recognit": -0.036178451298277785, 
        "non neg": -0.11603968009168575, 
        "train set": -0.09832924161455707, 
        "fuzzi logic": 0.20323203135988904, 
        "machin elm": -0.08398433988987376, 
        "ad hoc": 0.13961459522185263, 
        "particl swarm": 0.004000992349440584, 
        "effect propos": 0.15250597893758855, 
        "real time": 0.2332476420741482, 
        "n gram": 0.039284100414321926, 
        "vector machin": -0.2035425837414571, 
        "mean squar": 0.03243397018864468, 
        "posit neg": -0.13139613471467942, 
        "power plant": -0.0019320755728753944, 
        "supervis learn": 0.12452498454976725, 
        "upper bound": 0.007420285323933878, 
        "k mean": -0.1487013884173316, 
        "hidden layer": -0.11209749080784252, 
        "support vector": -0.18531642820296051, 
        "decis tree": -0.28861009087017336, 
        "k nearest": -0.11600461450533364, 
        "state art": 0.05450489511137534, 
        "fault diagnosi": -0.06976935310595364, 
        "set theori": -0.2760344234966138, 
        "kalman filter": 0.37351619595034885, 
        "wide use": -0.1898844358675331, 
        "high level": 0.2088288993172226, 
        "inequ lmi": 0.01536691055266514, 
        "paper propos": -0.04832769682705769, 
        "data mine": -0.26925910804318065, 
        "back propag": 0.13086541584128586, 
        "ls svm": 0.017385741028628814, 
        "larg number": -0.20275374838023516, 
        "show propos": -0.16162163383772502, 
        "larg amount": -0.10805101380920927, 
        "web page": 0.06434436424962821, 
        "suffici condit": -0.13155715613126392, 
        "section titl": -0.08206284220415995, 
        "markov model": 0.24145964568412487, 
        "network ann": -0.13216748662347955, 
        "co occurr": 0.0001837584128758184, 
        "amino acid": -0.009825654896754849, 
        "control system": 0.13321260909768493, 
        "learn algorithm": -0.02771341826553978, 
        "precis recal": 0.019750861801381633, 
        "close loop": 0.1632333507420995, 
        "extrem learn": 0.0005129886921614105, 
        "result demonstr": -0.17715773651661484, 
        "fals posit": -0.014690610788316778, 
        "decis make": -0.00566767741633387, 
        "ant coloni": 0.273590313199459, 
        "semi supervis": -0.1913058255014516, 
        "time consum": -0.058373869284238614, 
        "genet algorithm": -0.020287220991367174, 
        "present novel": 0.08035456353717593, 
        "social media": -0.004348891669003094, 
        "pre process": 0.0027056704166549712, 
        "paper introduc": -0.007579366288573118, 
        "propos method": -0.02445312821450675, 
        "train data": -0.13484147009294095, 
        "spatio tempor": 0.22113219632315412, 
        "h sub": 0.14161000199530313, 
        "result show": -0.026958231162889715, 
        "contain section": -0.08206284220415995, 
        "pid control": 0.2250711919688807, 
        "take account": -0.07259085013966185, 
        "princip compon": -0.12669819055140671, 
        "predict accuraci": -0.15347826525505437, 
        "associ rule": -0.18661013677050273, 
        "breast cancer": -0.0014525923888245096, 
        "knowledg discoveri": -0.0633416562025285, 
        "prior knowledg": 0.0025337354556519464, 
        "ground truth": 0.1691271539352538, 
        "featur vector": -0.0687181824816378, 
        "simul result": 0.13880298390219448, 
        "time vari": 0.058601934640068576, 
        "propos algorithm": 0.0025191507619028264, 
        "current committe": 0.0, 
        "rule base": 0.05072400178634648, 
        "decis maker": 0.12673740072247913, 
        "new approach": -0.048271712128790605, 
        "sup sup": 0.08571821246342395, 
        "recommend system": 0.07359111508675387, 
        "gaussian mixtur": 0.09688168434875619, 
        "real world": 0.0771162358612971, 
        "wide rang": 0.1278704702165486, 
        "e commerc": 0.030946884724416625, 
        "swarm optim": 0.020277496818155105, 
        "matrix inequ": 0.00491626463840004, 
        "propos new": -0.17161813787770688,