{
    "58": {
        "self organ": 0.41580865942135276, 
        "time delay": 0.20965162187815065, 
        "high accuraci": 0.20197703288781832, 
        "new method": 0.0063698062988355, 
        "linear discrimin": -0.01984600586951516, 
        "convolut neural": 0.7559675912402954, 
        "social network": 0.17184663400737685, 
        "deep learn": 0.6041894745324338, 
        "take advantag": 0.06467508792418813, 
        "anomali detect": 0.0025682998616484353, 
        "learn techniqu": 0.08316597323349209, 
        "inform retriev": -0.2729279056509278, 
        "magnet reson": -0.1449568737619958, 
        "remot sens": 0.10425135263874444, 
        "compon analysi": 0.04314412568136605, 
        "previou work": -0.08138708729990488, 
        "case studi": 0.05807242210242363, 
        "p p": 0.6571432455126177, 
        "big data": 0.030420432246295093, 
        "np hard": -0.3065848561877672, 
        "reinforc learn": 0.07525901692202688, 
        "comput vision": 0.006402364411886371, 
        "experi show": -0.11641193750655154, 
        "least squar": 0.33560494903512433, 
        "data collect": 0.13566973964079293, 
        "fault toler": 0.3240637829001174, 
        "short term": 0.536072742466735, 
        "featur select": -0.06842310587715994, 
        "fold cross": 0.1816488736984451, 
        "similar measur": -0.7339148877879427, 
        "propos novel": 0.023567886428663174, 
        "analysi pca": 0.18298615857318096, 
        "present new": -0.06269738558539407, 
        "classif accuraci": 0.1790699606962026, 
        "e g": 0.05510335129448184, 
        "kernel function": 0.22459727739417062, 
        "sub sub": -0.26520990062884825, 
        "bayesian network": 0.29406534876746176, 
        "paper describ": -0.03970600244637608, 
        "fals alarm": 0.07771885675379327, 
        "result obtain": 0.130815681089216, 
        "good perform": 0.17673443980445447, 
        "commonli use": 0.2285082197360798, 
        "petri net": -0.62310132942944, 
        "method base": -0.009847164807616686, 
        "hidden node": 0.8861583674683007, 
        "licens plate": -0.11467949756098103, 
        "learn method": 0.17625633125961906, 
        "import role": -0.03665366196073834, 
        "black box": 0.3080075591556774, 
        "basi function": 0.8342471217860165, 
        "facial express": -0.015306551799741743, 
        "propos approach": 0.06025464697100942, 
        "gradient descent": 0.47128553512874277, 
        "proceed record": 0.01316014622169068, 
        "real life": -0.08409614395593729, 
        "result indic": 0.17380233051303723, 
        "chapter contain": -0.8460202358455715, 
        "improv perform": -0.07759619656700273, 
        "low level": 0.08178806970247263, 
        "comput complex": 0.034060063890346035, 
        "experi result": 0.00912527517952014, 
        "recent year": 0.09881924500150659, 
        "sentiment analysi": -0.1828870771731957, 
        "learn approach": -0.04640300692596978, 
        "mont carlo": -0.11202599534025164, 
        "naiv bay": 0.06989350605253263, 
        "cluster algorithm": -0.23811496548653627, 
        "suppli chain": -0.3561753035447967, 
        "intuitionist fuzzi": -0.5609526328151428, 
        "mobil robot": 0.22913554250344584, 
        "demonstr effect": -0.02783145444415007, 
        "confer proceed": -0.2866116220002138, 
        "train sampl": 0.2595086139029642, 
        "improv accuraci": 0.13728507943086846, 
        "maximum likelihood": -0.12893035103293804, 
        "paper present": -0.02359194192329453, 
        "gene express": 0.08492737673055306, 
        "search engin": -0.5267687261671907, 
        "experiment result": 0.06216046039808301, 
        "mobil devic": 0.16458807395029526, 
        "web servic": -0.48626519613851477, 
        "face recognit": -0.23659615561386813, 
        "non neg": -0.6963867572920823, 
        "train set": 0.08916001844811035, 
        "fuzzi logic": 0.13386510448076253, 
        "machin elm": 0.7219803135325826, 
        "ad hoc": 0.17317362596744573, 
        "particl swarm": 0.15888507357185624, 
        "effect propos": 0.13620211119829426, 
        "real time": 0.17053093019011906, 
        "n gram": -0.13753144377213666, 
        "vector machin": 0.16996993516206044, 
        "mean squar": 0.4178643929941295, 
        "posit neg": -0.07659349387432375, 
        "power plant": 0.2552789535412567, 
        "supervis learn": 0.09211655116470743, 
        "upper bound": 0.1686502438055149, 
        "k mean": -0.05881954806100429, 
        "hidden layer": 0.9847561489727734, 
        "support vector": 0.1740832795077766, 
        "decis tree": 0.11912029925849421, 
        "k nearest": 0.1596112548463797, 
        "state art": 0.03297355930446288, 
        "fault diagnosi": 0.3328250474548754, 
        "set theori": -0.4476531328774724, 
        "kalman filter": -0.03049734093869743, 
        "wide use": 0.1616516484509492, 
        "high level": 0.098371259163643, 
        "inequ lmi": -0.2505034067594814, 
        "paper propos": 0.06353116118587702, 
        "data mine": -0.14889693993313025, 
        "back propag": 1.0099614951864477, 
        "ls svm": 0.3229586231220436, 
        "larg number": 0.022447546337623327, 
        "show propos": 0.09451744838168259, 
        "larg amount": 0.0025415547606841777, 
        "web page": -0.39825992813914113, 
        "suffici condit": -0.41711219842147784, 
        "section titl": -0.853302978684617, 
        "markov model": 0.023666743942457356, 
        "network ann": 0.9069156731363593, 
        "co occurr": -0.13410356994884035, 
        "amino acid": 0.15749986879579903, 
        "control system": 0.19196703034347173, 
        "learn algorithm": 0.22386606186872046, 
        "precis recal": -0.04140529175275847, 
        "close loop": -0.021775606389085524, 
        "extrem learn": 0.67297886828839, 
        "result demonstr": 0.01053144477272127, 
        "fals posit": 0.15759120674669957, 
        "decis make": -0.038506365287798106, 
        "ant coloni": -0.1028144540364847, 
        "semi supervis": -0.1505462806324868, 
        "time consum": 0.04586021229741374, 
        "genet algorithm": 0.08721921739491051, 
        "present novel": 0.011908988280970157, 
        "social media": -0.12725396543994022, 
        "pre process": 0.11509704016498205, 
        "paper introduc": -0.09173030945733182, 
        "propos method": 0.043669138864848946, 
        "train data": 0.18925874361931463, 
        "spatio tempor": 0.09022311474201272, 
        "h sub": -0.43802841922812863, 
        "result show": 0.16710844363800917, 
        "contain section": -0.853302978684617, 
        "pid control": 0.33769648981112665, 
        "take account": -0.10964064279284193, 
        "princip compon": 0.07895907555624573, 
        "predict accuraci": 0.2944275792657999, 
        "associ rule": -0.7250822980015054, 
        "breast cancer": 0.10512312373238213, 
        "knowledg discoveri": -0.09828337626481917, 
        "prior knowledg": -0.054664547866397156, 
        "ground truth": -0.022276257800915522, 
        "featur vector": -0.07639054887978021, 
        "simul result": 0.3232630364453355, 
        "time vari": 0.07375910440084454, 
        "propos algorithm": 0.03247865324554478, 
        "current committe": 0.0, 
        "rule base": -0.12947501049364754, 
        "decis maker": -0.3422531255953534, 
        "new approach": 0.16026969138714683, 
        "sup sup": -0.028634490694727746, 
        "recommend system": -0.20888617610043558, 
        "gaussian mixtur": 0.002075179457318782, 
        "real world": -0.03136518844154264, 
        "wide rang": -0.016740555049361325, 
        "e commerc": -0.2509084415895554, 
        "swarm optim": 0.13778434294991015, 
        "matrix inequ": -0.1747645239609245, 
        "propos new": -0.019673784640286882, 
        "non stationari": -0.08779316905847916, 
        "publicli avail": 0.08515999320506715,