{
    "59": {
        "self organ": -0.15552290510480696, 
        "time delay": -0.31468386243970037, 
        "high accuraci": 0.36825348203450375, 
        "new method": 0.011399111963716286, 
        "linear discrimin": -0.1564553602664006, 
        "convolut neural": 0.21789385415417872, 
        "social network": 0.1561863746840182, 
        "deep learn": -0.013384328068381503, 
        "take advantag": 0.06285674247486406, 
        "anomali detect": 0.6171239686335547, 
        "learn techniqu": 0.2442487409761314, 
        "inform retriev": -0.07568486709910013, 
        "magnet reson": -0.0015907955639821907, 
        "remot sens": -0.20548145245506408, 
        "compon analysi": -0.16950257003274233, 
        "previou work": 0.17090455026845067, 
        "case studi": 0.004031041903832686, 
        "p p": 0.11679800241519571, 
        "big data": 0.20116794044025696, 
        "np hard": 0.0959422348930643, 
        "reinforc learn": 0.02511743096704533, 
        "comput vision": 0.07333949197859285, 
        "experi show": 0.06355384359974149, 
        "least squar": -0.020503243940668634, 
        "data collect": 0.33427716268286073, 
        "fault toler": 0.08998779506614893, 
        "short term": 0.212074006060683, 
        "featur select": 0.10611499602884705, 
        "fold cross": 0.346672396679828, 
        "similar measur": -0.0019816039830514087, 
        "propos novel": 0.11205649487231945, 
        "analysi pca": 0.05312174574847957, 
        "present new": -0.13829184820326484, 
        "classif accuraci": 0.2491778625392007, 
        "e g": 0.2785187452952392, 
        "kernel function": 0.04902105797941051, 
        "sub sub": -0.05248453168919707, 
        "bayesian network": 0.15960980926418036, 
        "paper describ": 0.04658896299514489, 
        "fals alarm": 0.5384673286513005, 
        "result obtain": -0.186849248640914, 
        "good perform": 0.06209302883681853, 
        "commonli use": 0.23721137074317655, 
        "petri net": 0.024547185085361828, 
        "method base": -0.0932131331041357, 
        "hidden node": 0.10680917559578941, 
        "licens plate": 0.3462050510730783, 
        "learn method": -0.08452820503839382, 
        "import role": 0.062112063498259124, 
        "black box": 0.09495187573210673, 
        "basi function": -0.16274419857582917, 
        "facial express": 0.028955586003941075, 
        "propos approach": 0.07321404796539094, 
        "gradient descent": 0.1434394793466015, 
        "proceed record": 0.0, 
        "real life": 0.1844841870077037, 
        "result indic": 0.19904120518623436, 
        "chapter contain": -0.25408180200303526, 
        "improv perform": -0.14312507740840433, 
        "low level": 0.08917697219484572, 
        "comput complex": 0.1932120952439588, 
        "experi result": -0.019485134357408153, 
        "recent year": 0.23168370235175262, 
        "sentiment analysi": 0.02125517786700907, 
        "learn approach": 0.19230738368653957, 
        "mont carlo": 0.15313807188207315, 
        "naiv bay": 0.4225380338554307, 
        "cluster algorithm": 0.12797346747507962, 
        "suppli chain": 0.034739084321881254, 
        "intuitionist fuzzi": -0.09704027524024274, 
        "mobil robot": -0.015444317526567539, 
        "demonstr effect": -0.11509832600178899, 
        "confer proceed": -0.3316980819637646, 
        "train sampl": -0.03996291856532724, 
        "improv accuraci": 0.08018341703411322, 
        "maximum likelihood": 0.11399612194618583, 
        "paper present": 0.014201256956869211, 
        "gene express": 0.03803773775547951, 
        "search engin": -0.16982725973367951, 
        "experiment result": -0.022146216541175268, 
        "mobil devic": 0.25775038196973016, 
        "web servic": -0.199550675850699, 
        "face recognit": -0.30624522209995275, 
        "non neg": -0.14641533914067756, 
        "train set": 0.10124735005146383, 
        "fuzzi logic": 0.08714068177811986, 
        "machin elm": -0.0640940347262023, 
        "ad hoc": 0.2802295237027991, 
        "particl swarm": -0.07228212946191034, 
        "effect propos": -0.12820357681138814, 
        "real time": 0.4281897125133821, 
        "n gram": 0.08316129586001131, 
        "vector machin": -0.1337383217664632, 
        "mean squar": -0.267157819117928, 
        "posit neg": -0.17625398537218462, 
        "power plant": 0.060757341629507314, 
        "supervis learn": 0.08352979016444992, 
        "upper bound": 0.002273118318227746, 
        "k mean": 0.29078818398882617, 
        "hidden layer": -0.047428879435241184, 
        "support vector": -0.13598652100859665, 
        "decis tree": 0.19536271592680693, 
        "k nearest": -0.04924027964762349, 
        "state art": -0.028362726344614158, 
        "fault diagnosi": -0.24072451535444964, 
        "set theori": -0.43484980670669204, 
        "kalman filter": -0.13119764834313882, 
        "wide use": 0.19225392302649522, 
        "high level": 0.04592721659807596, 
        "inequ lmi": -0.15393690796807258, 
        "paper propos": 0.15075769854378113, 
        "data mine": -0.005490601247681466, 
        "back propag": -0.12099206575111492, 
        "ls svm": 0.2922506143979003, 
        "larg number": 0.029055250564783495, 
        "show propos": -0.05412998531512933, 
        "larg amount": 0.11440507811881871, 
        "web page": 0.031105719931606955, 
        "suffici condit": -0.3180280569977958, 
        "section titl": -0.2562905663380129, 
        "markov model": -0.07739517563426719, 
        "network ann": -0.11478610165756355, 
        "co occurr": 0.07248331567085989, 
        "amino acid": 0.08633620548546839, 
        "control system": 0.12469122965536435, 
        "learn algorithm": 0.16676503088995012, 
        "precis recal": 0.31733516623060953, 
        "close loop": -0.3066355980817181, 
        "extrem learn": -0.10026015403253874, 
        "result demonstr": -0.12629632233808927, 
        "fals posit": 0.44951852072540815, 
        "decis make": -0.13855931260362203, 
        "ant coloni": -0.0210464849329545, 
        "semi supervis": 0.2286208609056797, 
        "time consum": 0.166880813528235, 
        "genet algorithm": -0.03248368528970765, 
        "present novel": 0.12485994156428197, 
        "social media": 0.010580945999858192, 
        "pre process": -0.005192748577286194, 
        "paper introduc": 0.014091534998840676, 
        "propos method": -0.046875403298641864, 
        "train data": 0.23073727135223565, 
        "spatio tempor": 0.1986273475683674, 
        "h sub": -0.12151337665926906, 
        "result show": 0.07722686295460797, 
        "contain section": -0.2562905663380129, 
        "pid control": -0.053091714648159684, 
        "take account": 0.21716891462735916, 
        "princip compon": -0.06475751291295488, 
        "predict accuraci": 0.17970794335453302, 
        "associ rule": -0.30558094099820987, 
        "breast cancer": 0.02962513893070335, 
        "knowledg discoveri": 0.07010053983774807, 
        "prior knowledg": 0.017916496926461786, 
        "ground truth": 0.3390266445920774, 
        "featur vector": -0.2525517963461335, 
        "simul result": -0.10566971993540099, 
        "time vari": -0.08168322326892705, 
        "propos algorithm": -0.014772750784584975, 
        "current committe": 0.0, 
        "rule base": -0.3053042504549224, 
        "decis maker": -0.14960529966983177, 
        "new approach": -0.10098681361329981, 
        "sup sup": 0.05909796037739625, 
        "recommend system": 0.09287823849806405, 
        "gaussian mixtur": 0.2858389600384685, 
        "real world": 0.25111622934564937, 
        "wide rang": 0.10831441101003489, 
        "e commerc": 0.023865911377050287, 
        "swarm optim": -0.06885070148249552, 
        "matrix inequ": -0.20325570764607825, 
        "propos new": -0.035978035337218786, 
        "non stationari": 0.09953269937670783,