{
    "5": {
        "self organ": 0.039251104538113736, 
        "time delay": -0.9166480497459438, 
        "high accuraci": 0.03355889199815502, 
        "new method": 0.10521978660582432, 
        "linear discrimin": 0.20758127775386323, 
        "convolut neural": 0.5993779561553375, 
        "social network": -0.24663416716920353, 
        "deep learn": 0.2918125728574338, 
        "take advantag": 0.19851060994447192, 
        "anomali detect": -0.35635731795924497, 
        "learn techniqu": -0.025656102302609736, 
        "inform retriev": -0.44682915355223796, 
        "magnet reson": 0.6568981684144912, 
        "remot sens": 0.5853851231321227, 
        "compon analysi": 0.30849636354832954, 
        "previou work": 0.030646775624803196, 
        "case studi": -0.36731121231248337, 
        "p p": 0.10890952694497072, 
        "big data": -0.22583344592153826, 
        "np hard": -0.432932021072366, 
        "reinforc learn": -0.5804366231429159, 
        "comput vision": 0.6222985157698996, 
        "experi show": 0.1055963243548646, 
        "least squar": -0.04936272446910464, 
        "data collect": -0.08085312150436333, 
        "fault toler": -0.545009289990651, 
        "short term": -0.27087158598675826, 
        "featur select": -0.010432157127279974, 
        "fold cross": 0.08965345479570373, 
        "similar measur": -0.035926384787861705, 
        "propos novel": 0.2097113209685923, 
        "analysi pca": 0.2960456668109272, 
        "present new": 0.01719259608517053, 
        "classif accuraci": 0.13073437949639416, 
        "e g": 0.13788656546705794, 
        "kernel function": 0.014572950516266059, 
        "sub sub": -0.3990377963081161, 
        "bayesian network": -0.3020450793037982, 
        "paper describ": -4.495530606383677e-05, 
        "fals alarm": 0.19981600762971405, 
        "result obtain": 0.21669485728737184, 
        "good perform": 0.03501842461202734, 
        "commonli use": 0.05522964077125649, 
        "petri net": -0.019560510227606676, 
        "method base": 0.22190438292190298, 
        "hidden node": 0.09229318358864563, 
        "licens plate": 0.654981426296977, 
        "learn method": -0.012627645631565723, 
        "import role": 0.07707789996012752, 
        "black box": -0.31572613085108214, 
        "basi function": 0.04159738807834247, 
        "facial express": 0.47751424230676864, 
        "propos approach": 0.17458619957871466, 
        "gradient descent": -0.15780963875997123, 
        "proceed record": 0.006857786528574551, 
        "real life": -0.24694041050169646, 
        "result indic": 0.13040255231228148, 
        "chapter contain": -0.7285811917961411, 
        "improv perform": -0.012350369176066104, 
        "low level": 0.48763597464739955, 
        "comput complex": 0.009416893425529167, 
        "experi result": 0.1744818075274042, 
        "recent year": 0.04423066875435121, 
        "sentiment analysi": -0.36394273648142667, 
        "learn approach": 0.03280915581928003, 
        "mont carlo": -0.2703188505823939, 
        "naiv bay": -0.2176904079926017, 
        "cluster algorithm": -0.04729860137703398, 
        "suppli chain": -0.17395787813474142, 
        "intuitionist fuzzi": -0.0804194817870147, 
        "mobil robot": -0.04948092445930495, 
        "demonstr effect": 0.006448302335232066, 
        "confer proceed": -1.1159271079615527, 
        "train sampl": 0.14299097365120736, 
        "improv accuraci": 0.11608501990744725, 
        "maximum likelihood": 0.15541968432740755, 
        "paper present": 0.09526318473454204, 
        "gene express": -0.33598779949678664, 
        "search engin": -0.10179320813024952, 
        "experiment result": 0.3170283518613284, 
        "mobil devic": -0.3210636263277799, 
        "web servic": -0.5233809214409805, 
        "face recognit": 0.5099000385950727, 
        "non neg": 0.10253285373796583, 
        "train set": 0.13967052997969034, 
        "fuzzi logic": -0.23119111978422008, 
        "machin elm": 0.08962157405442767, 
        "ad hoc": -0.11031075489310553, 
        "particl swarm": -0.18897590013181545, 
        "effect propos": -0.012214955406094914, 
        "real time": 0.1613664199257237, 
        "n gram": 0.09783326442125086, 
        "vector machin": 0.1162475332149944, 
        "mean squar": -0.12025783111367186, 
        "posit neg": -0.07188935945257738, 
        "power plant": -0.6818816742441975, 
        "supervis learn": -0.009782772966265719, 
        "upper bound": -0.3244653747990676, 
        "k mean": 0.07309703900793887, 
        "hidden layer": -0.09253757940967752, 
        "support vector": 0.10881308434607531, 
        "decis tree": -0.14924146437485414, 
        "k nearest": 0.054561757306430134, 
        "state art": 0.25687123862919004, 
        "fault diagnosi": -0.7368435173326001, 
        "set theori": -0.4105178475633913, 
        "kalman filter": -0.010604810147954426, 
        "wide use": 0.14938367358584415, 
        "high level": 0.33555505064036717, 
        "inequ lmi": -0.2061686678183435, 
        "paper propos": 0.10083263141142432, 
        "data mine": -0.41111773657514483, 
        "back propag": 0.043243409997613454, 
        "ls svm": 0.08403349502945778, 
        "larg number": -0.019808325135879407, 
        "show propos": 0.25535063606298564, 
        "larg amount": 0.09601320957181124, 
        "web page": -0.35937929263252677, 
        "suffici condit": -0.9958087227078134, 
        "section titl": -0.7330770740185912, 
        "markov model": -0.0855454793165073, 
        "network ann": -0.06473506364890638, 
        "co occurr": 0.26041988318693654, 
        "amino acid": 0.028967010050498468, 
        "control system": -0.7053873552423379, 
        "learn algorithm": -0.06417737273997652, 
        "precis recal": 0.0055760865696406646, 
        "close loop": -0.6862618364632166, 
        "extrem learn": 0.08644386621363934, 
        "result demonstr": 0.23245460749635694, 
        "fals posit": 0.27892977517718187, 
        "decis make": -0.3538603034783382, 
        "ant coloni": -0.2779811602496823, 
        "semi supervis": -0.03058851736668499, 
        "time consum": 0.16933617995289796, 
        "genet algorithm": -0.2844185009450554, 
        "present novel": 0.26409344773703386, 
        "social media": -0.6227885589512342, 
        "pre process": 0.4537732234293549, 
        "paper introduc": -0.09103819792983547, 
        "propos method": 0.2991958594115268, 
        "train data": 0.04475883240077183, 
        "spatio tempor": 0.25539667114527725, 
        "h sub": -0.13644908160550048, 
        "result show": 0.1558460974993663, 
        "contain section": -0.7330770740185912, 
        "pid control": -0.9100986471633586, 
        "take account": -0.01937951992180024, 
        "princip compon": 0.2843283845323775, 
        "predict accuraci": -0.23042942736737135, 
        "associ rule": -0.5760538974281394, 
        "breast cancer": 0.21623423683661347, 
        "knowledg discoveri": -0.2516475002512138, 
        "prior knowledg": 0.21298448166527306, 
        "ground truth": 0.4939526720473737, 
        "featur vector": 0.37424684838231304, 
        "simul result": -0.34766097601144014, 
        "time vari": -0.5818764670567417, 
        "propos algorithm": 0.1766409774180747, 
        "current committe": 0.0, 
        "rule base": -0.19205114309547078, 
        "decis maker": -0.38226966148856223, 
        "new approach": 0.009970940778662514, 
        "sup sup": -0.03280136829340599, 
        "recommend system": -0.37856899672119715, 
        "gaussian mixtur": 0.2606735487651205, 
        "real world": -0.045413991696803116, 
        "wide rang": 0.10209131396925249, 
        "e commerc": -0.5150361718389996, 
        "swarm optim": -0.21688158032269955, 
        "matrix inequ": -0.1969641961571813, 
        "propos new": -0.010961537983689871, 
        "non stationari": 0.08951358126070111,