{
    "60": {
        "self organ": 0.03536526389827023, 
        "time delay": -0.27642459255572677, 
        "high accuraci": 0.0016665285126027918, 
        "new method": 0.07367421834378252, 
        "linear discrimin": 0.06848348204095916, 
        "convolut neural": 0.17023452241285802, 
        "social network": -0.20504845567023736, 
        "deep learn": 0.11049519630121812, 
        "take advantag": 0.10044527064683983, 
        "anomali detect": -0.14711946006020507, 
        "learn techniqu": -0.11679179805766135, 
        "inform retriev": -0.1338414015378168, 
        "magnet reson": 0.17669230731464539, 
        "remot sens": 0.21066560901282974, 
        "compon analysi": 0.09738688536846218, 
        "previou work": -0.006812236681549679, 
        "case studi": -0.11652661712468546, 
        "p p": 0.06838743257712994, 
        "big data": -0.0649898420007176, 
        "np hard": -0.017617575492761526, 
        "reinforc learn": -0.1279065666514914, 
        "comput vision": 0.29093995228097896, 
        "experi show": 0.07879825072740014, 
        "least squar": -0.015567747904860117, 
        "data collect": -0.03171689447240792, 
        "fault toler": -0.17786755775056542, 
        "short term": -0.14413334202022346, 
        "featur select": -0.06546124079584238, 
        "fold cross": -0.0912099916594381, 
        "similar measur": 0.08572292330203099, 
        "propos novel": 0.0465377493621884, 
        "analysi pca": 0.1437468593458161, 
        "present new": 0.03980227870322193, 
        "classif accuraci": -0.026271455200958516, 
        "e g": 0.04215294631607872, 
        "kernel function": 0.07375015409463427, 
        "sub sub": -0.09440262374147765, 
        "bayesian network": -0.09414651270249534, 
        "paper describ": -0.04171916139731703, 
        "fals alarm": 0.019033515681603854, 
        "result obtain": 0.07291429198980608, 
        "good perform": 0.0005016703609871222, 
        "commonli use": 0.02857035768986136, 
        "petri net": 0.008890608028614551, 
        "method base": 0.09881398711408279, 
        "hidden node": 0.013657068332887923, 
        "licens plate": 0.13941700067303198, 
        "learn method": 0.0037288303127103874, 
        "import role": 0.019302769039563707, 
        "black box": -0.06881741411158711, 
        "basi function": -0.016522273188449055, 
        "facial express": 0.1419134225906406, 
        "propos approach": 0.06290141030233468, 
        "gradient descent": -0.00958668442491713, 
        "proceed record": 0.05182945419183618, 
        "real life": 0.0247610866677355, 
        "result indic": 0.009275168152455722, 
        "chapter contain": -0.49620892522458315, 
        "improv perform": 0.019705438801165348, 
        "low level": 0.1486275435391792, 
        "comput complex": 0.054614017231491535, 
        "experi result": 0.05563633505571098, 
        "recent year": -0.019321383306135614, 
        "sentiment analysi": -0.22131176408250702, 
        "learn approach": -0.007845694305039033, 
        "mont carlo": 0.0025186840608039276, 
        "naiv bay": -0.14486617528297144, 
        "cluster algorithm": 0.04930314280016887, 
        "suppli chain": -0.1031828416210963, 
        "intuitionist fuzzi": -0.16151835162575065, 
        "mobil robot": 0.0396884179764421, 
        "demonstr effect": 0.05932203452126858, 
        "confer proceed": -0.4621851927640464, 
        "train sampl": 0.03228195542553124, 
        "improv accuraci": 0.030049221778485853, 
        "maximum likelihood": 0.03475323641941577, 
        "paper present": 0.04301016343320763, 
        "gene express": -0.16677892712954218, 
        "search engin": -0.06425454041894987, 
        "experiment result": 0.11428244096578057, 
        "mobil devic": -0.16640807905578622, 
        "web servic": -0.12941779893057542, 
        "face recognit": 0.18573084544384635, 
        "non neg": 0.06858126276516448, 
        "train set": 0.025599145586747845, 
        "fuzzi logic": -0.07060811749848321, 
        "machin elm": -0.06405291368506931, 
        "ad hoc": -0.06139153294225356, 
        "particl swarm": -0.043814884308647925, 
        "effect propos": -0.0038091513054882547, 
        "real time": 0.05688469847455101, 
        "n gram": -0.07608172641732286, 
        "vector machin": -0.02816062045408727, 
        "mean squar": -0.06403221650598902, 
        "posit neg": -0.09664568485164857, 
        "power plant": -0.20408769978789948, 
        "supervis learn": -0.05633496352473231, 
        "upper bound": -0.0638715494956862, 
        "k mean": 0.05306117417188157, 
        "hidden layer": -0.04097341276368687, 
        "support vector": -0.032818126836473845, 
        "decis tree": -0.03778563587555, 
        "k nearest": 0.029118293975690906, 
        "state art": 0.07075839212217346, 
        "fault diagnosi": -0.21171002610868117, 
        "set theori": -0.037767338530085647, 
        "kalman filter": 0.08932191338032139, 
        "wide use": 0.040852560821819345, 
        "high level": 0.055956560672222114, 
        "inequ lmi": -0.08332370444984025, 
        "paper propos": 0.0436057940534412, 
        "data mine": -0.12031107504981205, 
        "back propag": -0.06884609953299282, 
        "ls svm": 0.03441569932799877, 
        "larg number": 0.020178943200994923, 
        "show propos": 0.09640774618851525, 
        "larg amount": 0.05196263098778171, 
        "web page": -0.11361610204715474, 
        "suffici condit": -0.3374868277232655, 
        "section titl": -0.4990166186345489, 
        "markov model": -0.0813503991364401, 
        "network ann": -0.05116873393676656, 
        "co occurr": 0.005608925370001833, 
        "amino acid": -0.02064068002461372, 
        "control system": -0.2204518858269908, 
        "learn algorithm": -0.06237898701806429, 
        "precis recal": -0.08710780073829165, 
        "close loop": -0.24540632145705807, 
        "extrem learn": -0.05398507260520889, 
        "result demonstr": 0.11047229949659042, 
        "fals posit": 0.02932934704076907, 
        "decis make": -0.10198310673492866, 
        "ant coloni": -0.05584584200499301, 
        "semi supervis": -0.0535368897388956, 
        "time consum": 0.11187108519020612, 
        "genet algorithm": -0.04114779051716384, 
        "present novel": 0.05951794996566196, 
        "social media": -0.26775999577279763, 
        "pre process": 0.16775400597532272, 
        "paper introduc": -0.005492351749419011, 
        "propos method": 0.12229208374278872, 
        "train data": 0.031276295214744725, 
        "spatio tempor": 0.14402547217343808, 
        "h sub": -0.06530296741567805, 
        "result show": 0.03420900452876577, 
        "contain section": -0.4990166186345489, 
        "pid control": -0.31383121368900796, 
        "take account": 0.034135692111166245, 
        "princip compon": 0.08804899753681923, 
        "predict accuraci": -0.05925663360745889, 
        "associ rule": -0.17135374119444674, 
        "breast cancer": 0.029571246203535892, 
        "knowledg discoveri": -0.049842260053417554, 
        "prior knowledg": 0.10129865553233276, 
        "ground truth": 0.15988713824933745, 
        "featur vector": 0.12242969848327065, 
        "simul result": -0.1192443894328549, 
        "time vari": -0.10445509887557423, 
        "propos algorithm": 0.11811027503353914, 
        "current committe": 0.0, 
        "rule base": -0.021953825630558997, 
        "decis maker": -0.0663164455333343, 
        "new approach": 0.06725156169819196, 
        "sup sup": 0.010341608382964006, 
        "recommend system": -0.11501908153123323, 
        "gaussian mixtur": 0.07844843629572101, 
        "real world": -0.00987819436231557, 
        "wide rang": 0.02854232777626103, 
        "e commerc": -0.17628694871899878, 
        "swarm optim": -0.05963976455418895, 
        "matrix inequ": -0.11136658241686896, 
        "propos new": 0.016213522971664993,