{
    "61": {
        "self organ": 0.14925535302977339, 
        "time delay": -0.04710501587003421, 
        "high accuraci": 0.040324986341572555, 
        "new method": -0.05230961000528694, 
        "linear discrimin": 0.13160087928102007, 
        "convolut neural": 0.32879267156054975, 
        "social network": -0.03878324947891296, 
        "deep learn": 0.2704503762240973, 
        "take advantag": 0.1297570255613686, 
        "anomali detect": 0.0008257232343671362, 
        "learn techniqu": 0.04104132035068774, 
        "inform retriev": -0.006173669736847031, 
        "magnet reson": 0.3492411001243618, 
        "remot sens": 0.26789784244070264, 
        "compon analysi": 0.06824623008524372, 
        "previou work": 0.06492817916513595, 
        "case studi": -0.008637529789999026, 
        "p p": 0.07610398151927764, 
        "big data": -0.005930963158891552, 
        "np hard": -0.009296657548896043, 
        "reinforc learn": -0.020738650649152014, 
        "comput vision": 0.3403043574180909, 
        "experi show": 0.03307885982654679, 
        "least squar": 0.07911808076299419, 
        "data collect": 0.15514002306528593, 
        "fault toler": 0.04569229636902988, 
        "short term": -0.010460297955210782, 
        "featur select": -0.13470600373523536, 
        "fold cross": 0.16602807126290026, 
        "similar measur": -0.01005009650201161, 
        "propos novel": 0.0963826956305094, 
        "analysi pca": 0.07398199559677772, 
        "present new": -0.020804122784382796, 
        "classif accuraci": 0.12998909410745646, 
        "e g": 0.11538582536477915, 
        "kernel function": 0.12116836240221815, 
        "sub sub": 0.033643225841351196, 
        "bayesian network": -0.019533695659541706, 
        "paper describ": 0.052870090089352284, 
        "fals alarm": -0.024570044568033383, 
        "result obtain": 0.022007562422033767, 
        "good perform": -0.010990337454518597, 
        "commonli use": 0.1929475906522446, 
        "petri net": 0.09216338245289021, 
        "method base": 0.06091346547142636, 
        "hidden node": 0.08196024655931995, 
        "licens plate": 0.24402367752299883, 
        "learn method": 0.011757743346174965, 
        "import role": 0.05935783911660217, 
        "black box": 0.0468107926755012, 
        "basi function": 0.08975960547901948, 
        "facial express": 0.19205065675633792, 
        "propos approach": 0.07496146081525364, 
        "gradient descent": 0.18459008162701063, 
        "proceed record": 0.0, 
        "real life": 0.0945398190014828, 
        "result indic": -0.039847806354314966, 
        "chapter contain": -0.17996878641101988, 
        "improv perform": -0.06928513567605168, 
        "low level": 0.3531479338696791, 
        "comput complex": 0.028479150330886858, 
        "experi result": 0.0649009986280162, 
        "recent year": 0.04001525959675589, 
        "sentiment analysi": 0.06580767481598192, 
        "learn approach": 0.022862966294720132, 
        "mont carlo": 0.11695511674968385, 
        "naiv bay": -0.053333082673207376, 
        "cluster algorithm": -0.03440035603610368, 
        "suppli chain": 0.16851288539109596, 
        "intuitionist fuzzi": 0.037669530489921145, 
        "mobil robot": 0.12319368768531151, 
        "demonstr effect": 0.08336802490887632, 
        "confer proceed": -0.10362898589886926, 
        "train sampl": 0.11450042604569602, 
        "improv accuraci": -0.03307444168770052, 
        "maximum likelihood": 0.010444501849655789, 
        "paper present": 0.00742011295052968, 
        "gene express": 0.051452174679289545, 
        "search engin": -0.002738904104197012, 
        "experiment result": 0.03510265464992216, 
        "mobil devic": 0.06185942762567842, 
        "web servic": 0.026788082365490403, 
        "face recognit": 0.041905366337635745, 
        "non neg": 0.11000808106136041, 
        "train set": 0.07104775019597333, 
        "fuzzi logic": 0.12298312141111968, 
        "machin elm": -0.03717722808662026, 
        "ad hoc": 0.14509958335105055, 
        "particl swarm": -0.10000388339432537, 
        "effect propos": 0.02931758298334564, 
        "real time": 0.023597252675759888, 
        "n gram": 0.036437970488003193, 
        "vector machin": 0.010294542695386209, 
        "mean squar": 0.060712220579127396, 
        "posit neg": 0.09280435952707411, 
        "power plant": 0.11198993556875234, 
        "supervis learn": 0.015085403450220606, 
        "upper bound": 0.10654827582002264, 
        "k mean": 0.03144041522105538, 
        "hidden layer": 0.03163709288957757, 
        "support vector": 0.013213064462153971, 
        "decis tree": -0.10849543579941266, 
        "k nearest": -0.02283318632820305, 
        "state art": 0.11998562447520626, 
        "fault diagnosi": 0.0562035266370138, 
        "set theori": -0.05696961897464661, 
        "kalman filter": 0.06953559321384409, 
        "wide use": -0.036949317142135875, 
        "high level": 0.17585206290648414, 
        "inequ lmi": -0.03148916736697961, 
        "paper propos": 0.04323611901857728, 
        "data mine": -0.28707379702995645, 
        "back propag": 0.08430074431880234, 
        "ls svm": 0.070491572590168, 
        "larg number": -0.016421441344900527, 
        "show propos": -0.06763722497596289, 
        "larg amount": 0.05227705167390436, 
        "web page": -0.05997052829990413, 
        "suffici condit": -0.0471045758932943, 
        "section titl": -0.18245354040410128, 
        "markov model": 0.07964536696454466, 
        "network ann": 0.16428986225464312, 
        "co occurr": 0.10387337765575891, 
        "amino acid": 0.0835617780213818, 
        "control system": 0.05567728518869246, 
        "learn algorithm": -0.0411009804163572, 
        "precis recal": 0.21353558870233846, 
        "close loop": -0.09167042066556762, 
        "extrem learn": -0.10083511042729118, 
        "result demonstr": 0.04300684859201466, 
        "fals posit": 0.12990208123493965, 
        "decis make": 0.002502379837591445, 
        "ant coloni": -0.05648729776046675, 
        "semi supervis": -0.051586459886074854, 
        "time consum": -0.03823615433907505, 
        "genet algorithm": -0.1423686504593536, 
        "present novel": 0.03398605298853419, 
        "social media": 0.03917289608835819, 
        "pre process": 0.07275765248647681, 
        "paper introduc": -0.021744158073126955, 
        "propos method": 0.07473778063200053, 
        "train data": 0.03233791303582323, 
        "spatio tempor": 0.2906510807727152, 
        "h sub": -0.00419709446792787, 
        "result show": 0.009382620183827529, 
        "contain section": -0.18245354040410128, 
        "pid control": 0.019763775624719974, 
        "take account": 0.12573928906113555, 
        "princip compon": 0.06480543476760124, 
        "predict accuraci": -0.04279933312249534, 
        "associ rule": -0.0541872801104832, 
        "breast cancer": 0.0666550798822957, 
        "knowledg discoveri": -0.021892699618679175, 
        "prior knowledg": 0.2014417398386748, 
        "ground truth": 0.2834478337352988, 
        "featur vector": 0.08349078274771814, 
        "simul result": -0.17214619233632378, 
        "time vari": 0.03719736389823662, 
        "propos algorithm": 0.0003325656819202588, 
        "current committe": 0.0, 
        "rule base": -0.04407066664196479, 
        "decis maker": 0.02603800581822745, 
        "new approach": 0.028555493249591436, 
        "sup sup": 0.08009538882591372, 
        "recommend system": -0.02210614894802746, 
        "gaussian mixtur": 0.1117468754527481, 
        "real world": -0.10069561050566338, 
        "wide rang": 0.11276936962735802, 
        "e commerc": 0.04631106537841426, 
        "swarm optim": -0.0812378539146977, 
        "matrix inequ": -0.09836145419088037, 
        "propos new": -0.02330906945186104, 
        "non stationari": 0.08149225707268207,