{
    "62": {
        "self organ": -0.03146169297363332, 
        "time delay": 0.051831258241685524, 
        "high accuraci": 0.11674369587207874, 
        "new method": -0.05794084314954639, 
        "linear discrimin": -0.0259101366205688, 
        "convolut neural": 0.019464160438085364, 
        "social network": 0.09374401158049508, 
        "deep learn": 0.13850243469776888, 
        "take advantag": 0.09854732167392874, 
        "anomali detect": -0.039905412646386994, 
        "learn techniqu": 0.19623544647679347, 
        "inform retriev": -0.12166237883183412, 
        "magnet reson": 0.05843046708241345, 
        "remot sens": 0.05757209974936821, 
        "compon analysi": -0.11832254371517743, 
        "previou work": 0.049936404943214066, 
        "case studi": 0.1931658430569412, 
        "p p": 0.10843745537957446, 
        "big data": 0.09392335596165657, 
        "np hard": -0.3394776438095127, 
        "reinforc learn": -0.2066889081461259, 
        "comput vision": -0.10417072349627754, 
        "experi show": -0.04114769867604623, 
        "least squar": 0.2539932423651179, 
        "data collect": 0.2860867678810279, 
        "fault toler": -0.02452161248696735, 
        "short term": 0.37913150988337263, 
        "featur select": 0.15890876760871755, 
        "fold cross": 0.4272539520287113, 
        "similar measur": -0.09829326439957703, 
        "propos novel": 0.09415765264842692, 
        "analysi pca": -0.056217777591455326, 
        "present new": -0.08630393377321764, 
        "classif accuraci": 0.015410176834415664, 
        "e g": 0.19504114705471481, 
        "kernel function": 0.08431874206583086, 
        "sub sub": -0.1005610511268922, 
        "bayesian network": 0.14079804121241749, 
        "paper describ": 0.04744390067857053, 
        "fals alarm": 0.17237381953289385, 
        "result obtain": 0.11071831635815896, 
        "good perform": 0.033980888932576656, 
        "commonli use": 0.09965293502489841, 
        "petri net": 0.03485836301604368, 
        "method base": 0.032505943508681794, 
        "hidden node": 0.053353382110802754, 
        "licens plate": -0.3231552398518214, 
        "learn method": 0.1995629738652269, 
        "import role": 0.00957582149707835, 
        "black box": 0.18183557152081903, 
        "basi function": 0.17564040405213155, 
        "facial express": -0.13557723186560697, 
        "propos approach": 0.06705852319193803, 
        "gradient descent": -0.11684421584638043, 
        "proceed record": 0.0, 
        "real life": 0.047925205816474546, 
        "result indic": 0.10138435845401973, 
        "chapter contain": -0.5965063281897538, 
        "improv perform": 0.03890465803161741, 
        "low level": 0.07791063098727845, 
        "comput complex": -0.030615648187088892, 
        "experi result": -0.07587325159577804, 
        "recent year": 0.0528111793866595, 
        "sentiment analysi": 0.012653054154291212, 
        "learn approach": 0.1675207699173983, 
        "mont carlo": 0.137846836304264, 
        "naiv bay": 0.16675929111675541, 
        "cluster algorithm": -0.1479119229798329, 
        "suppli chain": -0.12742745815618123, 
        "intuitionist fuzzi": -0.31030339078861846, 
        "mobil robot": -0.1796476057150669, 
        "demonstr effect": -0.07608772409517993, 
        "confer proceed": -0.31326212256134683, 
        "train sampl": 0.14055713513128523, 
        "improv accuraci": 0.19215889928468133, 
        "maximum likelihood": -0.05409184103196904, 
        "paper present": -0.002218022163252218, 
        "gene express": 0.16224528695350773, 
        "search engin": -0.34712561166672323, 
        "experiment result": -0.009198070393961508, 
        "mobil devic": -0.08503121912276566, 
        "web servic": -0.025711753167921927, 
        "face recognit": -0.40185094066857324, 
        "non neg": -0.15618854268635732, 
        "train set": 0.12485643206959886, 
        "fuzzi logic": -0.01718371649200255, 
        "machin elm": 0.18624001585764335, 
        "ad hoc": 0.018991951428754428, 
        "particl swarm": -0.07160379057462601, 
        "effect propos": -0.0013754747629997274, 
        "real time": 0.11933020403379117, 
        "n gram": 0.15094102159590103, 
        "vector machin": 0.14029479060541716, 
        "mean squar": 0.3243491759721796, 
        "posit neg": 0.0976129924850316, 
        "power plant": 0.2016080894769094, 
        "supervis learn": 0.1274509620926949, 
        "upper bound": -0.17287837672461917, 
        "k mean": -0.057501956943880425, 
        "hidden layer": 0.14301218316802128, 
        "support vector": 0.17519791799517348, 
        "decis tree": 0.16264421117961758, 
        "k nearest": 0.15461811289924893, 
        "state art": 0.16212553284889464, 
        "fault diagnosi": -0.17244002381034945, 
        "set theori": -0.24782822631241347, 
        "kalman filter": 0.18045614151365574, 
        "wide use": 0.10342064567895466, 
        "high level": 0.08051811347870448, 
        "inequ lmi": -0.11174019537040797, 
        "paper propos": 0.013389615992720295, 
        "data mine": 0.023914941911318918, 
        "back propag": 0.1720380738409839, 
        "ls svm": 0.33511284998337854, 
        "larg number": 0.10275468548765129, 
        "show propos": 0.004618317389294081, 
        "larg amount": -0.0008350675665502996, 
        "web page": -0.26052872011256584, 
        "suffici condit": -0.7006056722778444, 
        "section titl": -0.6015008699250033, 
        "markov model": 0.24927354531097423, 
        "network ann": 0.29652401838372994, 
        "co occurr": 0.08716188900101114, 
        "amino acid": 0.32199503547324426, 
        "control system": -0.0036520509205626387, 
        "learn algorithm": 0.1366550053246648, 
        "precis recal": 0.11985332024285351, 
        "close loop": -0.23054031256922175, 
        "extrem learn": 0.19002399889525526, 
        "result demonstr": 0.05095984848812726, 
        "fals posit": 0.13095710336248653, 
        "decis make": 0.03877448709207993, 
        "ant coloni": -0.23760271615668352, 
        "semi supervis": -0.03288677374437184, 
        "time consum": 0.09494700033576044, 
        "genet algorithm": -0.08263547202029997, 
        "present novel": 0.0060999908385088635, 
        "social media": 0.12948708622264896, 
        "pre process": -0.06834668595250208, 
        "paper introduc": -0.033363085397191475, 
        "propos method": -0.007926219855247819, 
        "train data": 0.21517461524324577, 
        "spatio tempor": 0.1226248678420728, 
        "h sub": -0.2513577834275527, 
        "result show": 0.09062279385575275, 
        "contain section": -0.6015008699250033, 
        "pid control": -0.12847896405667114, 
        "take account": 0.16338373359673722, 
        "princip compon": 6.526021920165361e-05, 
        "predict accuraci": 0.5375322160609163, 
        "associ rule": -0.2682485011444743, 
        "breast cancer": 0.1484276330592211, 
        "knowledg discoveri": 0.04570791666904427, 
        "prior knowledg": 0.04993421475037887, 
        "ground truth": 0.31090440888647863, 
        "featur vector": -0.009788569252979355, 
        "simul result": 0.020526038637970992, 
        "time vari": 0.04821553958175004, 
        "propos algorithm": -0.10845068650773472, 
        "current committe": 0.0, 
        "rule base": -0.08889031300506228, 
        "decis maker": 0.037750778044633566, 
        "new approach": 0.031733871453734235, 
        "sup sup": -0.05411785391737233, 
        "recommend system": 0.154528757716852, 
        "gaussian mixtur": 0.13702851027442528, 
        "real world": 0.13701255906186716, 
        "wide rang": 0.12373305928260307, 
        "e commerc": 0.02983066141568425, 
        "swarm optim": -0.05325537190027102, 
        "matrix inequ": -0.6164908236288177, 
        "propos new": -0.046024136737184446, 
        "non stationari": 0.14884922175530121,