{
    "63": {
        "self organ": 0.06550008422117663, 
        "time delay": 0.23598519347319494, 
        "high accuraci": 0.1024979796856286, 
        "new method": -0.00982458914924406, 
        "linear discrimin": 0.06067749011921598, 
        "convolut neural": -0.010246069881080594, 
        "social network": -0.04267427826830206, 
        "deep learn": 0.19843120839578374, 
        "take advantag": 0.06300144657805722, 
        "anomali detect": 0.2557396704175785, 
        "learn techniqu": 0.05017473336097565, 
        "inform retriev": -0.09564929106770187, 
        "magnet reson": 0.12130102021259966, 
        "remot sens": 0.2655021633410701, 
        "compon analysi": 0.0015596876694275834, 
        "previou work": 0.01918882909040759, 
        "case studi": 0.18959306494640746, 
        "p p": 0.11455969337310538, 
        "big data": 0.10246328588402488, 
        "np hard": -0.07164975840839381, 
        "reinforc learn": -0.0020886085005133725, 
        "comput vision": -0.06402835069152966, 
        "experi show": -0.12428376981142263, 
        "least squar": 0.10335197521785505, 
        "data collect": 0.2933002028284659, 
        "fault toler": 0.01520705938050227, 
        "short term": 0.30159868143497937, 
        "featur select": 0.005856274470174637, 
        "fold cross": 0.19956318218815386, 
        "similar measur": -0.030958847596408746, 
        "propos novel": 0.03819333751593161, 
        "analysi pca": -0.022682177861712796, 
        "present new": -0.09145399413714778, 
        "classif accuraci": 0.10729525662068165, 
        "e g": 0.15326634290794722, 
        "kernel function": 0.013276899200238298, 
        "sub sub": 0.07267937049333492, 
        "bayesian network": 0.032292743442163235, 
        "paper describ": 0.06665915556577053, 
        "fals alarm": 0.23481207662537892, 
        "result obtain": 0.016002785344527537, 
        "good perform": 0.006896474856029407, 
        "commonli use": 0.03629961159999706, 
        "petri net": 0.15277500212107206, 
        "method base": 0.04874625329717465, 
        "hidden node": 0.09764879233650495, 
        "licens plate": -0.00947406098158448, 
        "learn method": 0.027545820924674218, 
        "import role": 0.042408103317694165, 
        "black box": 0.01616782129489549, 
        "basi function": 0.06064345292862168, 
        "facial express": 0.017533111598442955, 
        "propos approach": 0.08088525833059458, 
        "gradient descent": 0.047758128901255456, 
        "proceed record": 0.0, 
        "real life": 0.04717179777350168, 
        "result indic": 0.0272543013250527, 
        "chapter contain": -0.4223102433390955, 
        "improv perform": -0.10590283473737848, 
        "low level": -0.02289747790880868, 
        "comput complex": 0.05691299018568116, 
        "experi result": -0.08354401002790944, 
        "recent year": -0.015004245544179524, 
        "sentiment analysi": -0.09042929785970157, 
        "learn approach": -0.005143351898113983, 
        "mont carlo": 0.06194324603261159, 
        "naiv bay": -0.12325233598809293, 
        "cluster algorithm": -0.019878320037897565, 
        "suppli chain": -0.02880477556889195, 
        "intuitionist fuzzi": -0.15263931382741797, 
        "mobil robot": 0.012335531721970851, 
        "demonstr effect": 0.04915490288321596, 
        "confer proceed": -0.28021203637194025, 
        "train sampl": 0.06964861897142337, 
        "improv accuraci": -0.001553056286389431, 
        "maximum likelihood": -0.06798057040879003, 
        "paper present": 0.008925320247214978, 
        "gene express": 0.039792434270497674, 
        "search engin": -0.07311212441757184, 
        "experiment result": -0.03462938579382452, 
        "mobil devic": 0.012934487153809827, 
        "web servic": -0.059682262369074174, 
        "face recognit": -0.16116183909615123, 
        "non neg": 0.007584123573341303, 
        "train set": -0.08464090131496227, 
        "fuzzi logic": 0.0675135478194099, 
        "machin elm": 0.06543616060243705, 
        "ad hoc": 0.04038597350865696, 
        "particl swarm": -0.08109011088476285, 
        "effect propos": 0.0006003766039612531, 
        "real time": 0.26138989510549465, 
        "n gram": -0.09270602823622306, 
        "vector machin": 0.029648189934995135, 
        "mean squar": 0.13339530510842051, 
        "posit neg": -0.05097084347762938, 
        "power plant": 0.13269689933120016, 
        "supervis learn": 0.023747495300229376, 
        "upper bound": -0.05557875510848152, 
        "k mean": 0.02858125210057067, 
        "hidden layer": 0.013469025414687457, 
        "support vector": 0.04093487405877114, 
        "decis tree": -0.04419934593925164, 
        "k nearest": 0.0817645533298978, 
        "state art": 0.032196181930031854, 
        "fault diagnosi": -0.01971814413159262, 
        "set theori": -0.15135732531659077, 
        "kalman filter": 0.10823749566518959, 
        "wide use": -0.011226492073408234, 
        "high level": 0.12598912503562024, 
        "inequ lmi": 0.07662142670849019, 
        "paper propos": 0.006497902388789878, 
        "data mine": 0.11539313704157034, 
        "back propag": 0.06503428980414706, 
        "ls svm": 0.15669477270929008, 
        "larg number": 0.07468148413766439, 
        "show propos": -0.03078786668798549, 
        "larg amount": 0.08014771633913627, 
        "web page": -0.210453216604691, 
        "suffici condit": -0.10745772293305411, 
        "section titl": -0.4266658417379803, 
        "markov model": 0.25426177248136034, 
        "network ann": 0.10514311068133733, 
        "co occurr": -0.043645058703534204, 
        "amino acid": 0.07864500250442762, 
        "control system": -0.10498899095785102, 
        "learn algorithm": 0.08534958059335473, 
        "precis recal": -0.041624821662205, 
        "close loop": -0.11581683915549021, 
        "extrem learn": 0.10289888024318355, 
        "result demonstr": 0.06392064329646176, 
        "fals posit": 0.09484751721220167, 
        "decis make": 0.026108214780759316, 
        "ant coloni": 0.033696983095393894, 
        "semi supervis": 0.03692179829875832, 
        "time consum": 0.13750692813121362, 
        "genet algorithm": -0.0003261259242448456, 
        "present novel": -0.029224176348146218, 
        "social media": 0.08456714374107747, 
        "pre process": 0.031742536517717586, 
        "paper introduc": -0.0036267378795393993, 
        "propos method": 0.025306430458945255, 
        "train data": 0.08178751475857472, 
        "spatio tempor": 0.5782034374566853, 
        "h sub": 0.012780731403978264, 
        "result show": 0.008560091032965966, 
        "contain section": -0.4266658417379803, 
        "pid control": -0.020001626350431106, 
        "take account": 0.1864252475082098, 
        "princip compon": 0.024219327072581308, 
        "predict accuraci": 0.18181184992152916, 
        "associ rule": -0.0282866450037347, 
        "breast cancer": -0.012564075619901117, 
        "knowledg discoveri": 0.1014432336555764, 
        "prior knowledg": -0.00761877766574795, 
        "ground truth": 0.2538189455925424, 
        "featur vector": -0.02788202567754937, 
        "simul result": -0.08366191828075864, 
        "time vari": 0.27805482191699366, 
        "propos algorithm": -0.06517558575530588, 
        "current committe": 0.0, 
        "rule base": -0.07472815729674695, 
        "decis maker": 0.054493725564382464, 
        "new approach": 0.01927236229766223, 
        "sup sup": 0.11491502431548273, 
        "recommend system": -0.062299767149561855, 
        "gaussian mixtur": -0.0069903584560161575, 
        "real world": 0.04304097388442565, 
        "wide rang": 0.04395886022503964, 
        "e commerc": 0.05733280704549094, 
        "swarm optim": -0.07462602545323549, 
        "matrix inequ": -0.09354336030308505, 
        "propos new": -0.07193708605684404, 
        "non stationari": 0.28607343199531904,