{
    "64": {
        "self organ": 0.0699957174523125, 
        "time delay": -0.01978046399677521, 
        "high accuraci": 0.10446392149499147, 
        "new method": 0.03132601719678324, 
        "linear discrimin": 0.0862204098431788, 
        "convolut neural": 0.19515767316033059, 
        "social network": 0.2219840201167518, 
        "deep learn": 0.1524080888748859, 
        "take advantag": 0.18543513269841255, 
        "anomali detect": 0.12225469976825626, 
        "learn techniqu": 0.08154557456869654, 
        "inform retriev": 0.10830367740143718, 
        "magnet reson": 0.08834054690177202, 
        "remot sens": 0.1159271023115695, 
        "compon analysi": 0.062470219767740545, 
        "previou work": 0.07486878717099682, 
        "case studi": 0.09000594164417115, 
        "p p": 0.18114062758483446, 
        "big data": 0.15889605139948096, 
        "np hard": 0.14366686075416105, 
        "reinforc learn": 0.10839812516700173, 
        "comput vision": 0.14964621999610966, 
        "experi show": 0.12769701892472307, 
        "least squar": 0.08488955092710641, 
        "data collect": 0.1407099344839423, 
        "fault toler": 0.07342078310175053, 
        "short term": 0.036202414613848904, 
        "featur select": 0.05226430720438787, 
        "fold cross": 0.16981747186233423, 
        "similar measur": 0.08805281872471449, 
        "propos novel": 0.09156740517244633, 
        "analysi pca": 0.13066739581966286, 
        "present new": -0.011801402947594727, 
        "classif accuraci": 0.09242025591518546, 
        "e g": 0.1502976250441003, 
        "kernel function": 0.07812597036215405, 
        "sub sub": -0.010630941192777037, 
        "bayesian network": 0.10357389808083374, 
        "paper describ": 0.07028503702110993, 
        "fals alarm": 0.17119415653096046, 
        "result obtain": 0.09329335589990666, 
        "good perform": 0.030462223064050494, 
        "commonli use": 0.11758483216156551, 
        "petri net": -0.014286758186427396, 
        "method base": -0.02396642092490428, 
        "hidden node": 0.13436329797898264, 
        "licens plate": 0.24555055303599238, 
        "learn method": 0.03688572860226081, 
        "import role": 0.08041995074993621, 
        "black box": 0.13636913494646544, 
        "basi function": 0.06945365851963671, 
        "facial express": 0.045036420648286335, 
        "propos approach": 0.12263650678192578, 
        "gradient descent": 0.06858410263786688, 
        "proceed record": 0.0, 
        "real life": 0.19004593990830998, 
        "result indic": 0.0525564296313864, 
        "chapter contain": -0.09271159021422737, 
        "improv perform": 0.04574817123389291, 
        "low level": 0.1337838543693266, 
        "comput complex": 0.10868056989893023, 
        "experi result": 0.028897338182567223, 
        "recent year": 0.06081971710334303, 
        "sentiment analysi": 0.25036387032927293, 
        "learn approach": 0.07793893232343087, 
        "mont carlo": 0.10446254869565105, 
        "naiv bay": 0.1573449081242997, 
        "cluster algorithm": 0.05941889705000393, 
        "suppli chain": 0.08881102492139699, 
        "intuitionist fuzzi": -0.04896976726632617, 
        "mobil robot": 0.013159264600556471, 
        "demonstr effect": 0.07988922557631387, 
        "confer proceed": -0.27074595066532237, 
        "train sampl": 0.10316390791516007, 
        "improv accuraci": 0.0877323603242198, 
        "maximum likelihood": 0.07951202111404101, 
        "paper present": -0.029042583030337188, 
        "gene express": 0.10219611692149307, 
        "search engin": 0.1318921045960956, 
        "experiment result": -0.0011063743393427937, 
        "mobil devic": 0.21271694866583762, 
        "web servic": 0.038376038627997155, 
        "face recognit": -0.002345581852017508, 
        "non neg": 0.10357325560708046, 
        "train set": 0.15020490284550753, 
        "fuzzi logic": 0.011473184656013794, 
        "machin elm": 0.06985346922656836, 
        "ad hoc": 0.14642715706238707, 
        "particl swarm": 0.02122480914110793, 
        "effect propos": 0.05108647900103309, 
        "real time": 0.07679770078108716, 
        "n gram": 0.15454462621150789, 
        "vector machin": 0.028112369441340084, 
        "mean squar": 0.11829121658780674, 
        "posit neg": 0.37684866951538953, 
        "power plant": 0.1187743434761878, 
        "supervis learn": 0.1683428381913725, 
        "upper bound": 0.09770166204761423, 
        "k mean": 0.07429682850495832, 
        "hidden layer": 0.04219651437120968, 
        "support vector": 0.0210520797708347, 
        "decis tree": 0.12021931112981352, 
        "k nearest": 0.10332761674385903, 
        "state art": 0.11399108248064115, 
        "fault diagnosi": 0.031281209186983884, 
        "set theori": 0.04680160636525422, 
        "kalman filter": 0.1497918357376353, 
        "wide use": 0.04579594615037419, 
        "high level": 0.1177109099449794, 
        "inequ lmi": -0.04991978743010697, 
        "paper propos": 0.008599792133306701, 
        "data mine": 0.03523026314643337, 
        "back propag": 0.08294873378803136, 
        "ls svm": 0.11355694092443774, 
        "larg number": 0.12342046345798462, 
        "show propos": 0.028116466328414996, 
        "larg amount": 0.12060890474460133, 
        "web page": 0.12402946556258951, 
        "suffici condit": -0.09060051489939286, 
        "section titl": -0.0942584138995607, 
        "markov model": 0.04914589621292706, 
        "network ann": 0.09715310440086214, 
        "co occurr": 0.14143371168447033, 
        "amino acid": 0.10516437641089918, 
        "control system": 0.009231586473753835, 
        "learn algorithm": 0.10567751992829968, 
        "precis recal": 0.15371965585036804, 
        "close loop": -0.01614446880111078, 
        "extrem learn": 0.04161069976223216, 
        "result demonstr": 0.07918791087595842, 
        "fals posit": 0.1936837365097943, 
        "decis make": 0.04072003400004751, 
        "ant coloni": -0.034192904666393006, 
        "semi supervis": 0.125172867281055, 
        "time consum": 0.11203378376412405, 
        "genet algorithm": 0.0010062737273509375, 
        "present novel": 0.07421023538018774, 
        "social media": 0.31734754304335927, 
        "pre process": 0.11519984928829276, 
        "paper introduc": -0.020063355954623437, 
        "propos method": 0.04851247383114009, 
        "train data": 0.09563535753434578, 
        "spatio tempor": 0.08121598104779273, 
        "h sub": 0.022365527637334973, 
        "result show": -0.013615575422597335, 
        "contain section": -0.0942584138995607, 
        "pid control": -0.012462975749675127, 
        "take account": 0.10219171287941145, 
        "princip compon": 0.09891233829207316, 
        "predict accuraci": 0.17157490629877392, 
        "associ rule": 0.08782282824340908, 
        "breast cancer": 0.10301539169673812, 
        "knowledg discoveri": 0.04736903261335388, 
        "prior knowledg": 0.09750741653031435, 
        "ground truth": 0.27556373821045616, 
        "featur vector": 0.09070432171695887, 
        "simul result": -0.020910360736002734, 
        "time vari": 0.0013526165555479803, 
        "propos algorithm": 0.05282994864343456, 
        "current committe": 0.0, 
        "rule base": 0.025120737728319936, 
        "decis maker": 0.16409751070887524, 
        "new approach": 0.09425499404192662, 
        "sup sup": 0.004363011395856318, 
        "recommend system": 0.21752709366547393, 
        "gaussian mixtur": 0.1404943948698427, 
        "real world": 0.05089634199068943, 
        "wide rang": 0.09542763012459515, 
        "e commerc": 0.18274362788244056, 
        "swarm optim": 0.02352427066886188, 
        "matrix inequ": -0.11955314838564161, 
        "propos new": 0.09161445102779661, 
        "non stationari": 0.05880892782908022, 
        "publicli avail": 0.20787613709712036,