{
    "65": {
        "self organ": 0.05400432815514062, 
        "time delay": -0.7583841240531797, 
        "high accuraci": 0.27966988902441087, 
        "new method": -0.036238502416500104, 
        "linear discrimin": 0.381853263467552, 
        "convolut neural": 0.2758599731871848, 
        "social network": 0.11864064166457708, 
        "deep learn": 0.18985094126323718, 
        "take advantag": 0.10717862936870963, 
        "anomali detect": 0.17382512428315192, 
        "learn techniqu": 0.2186845931558541, 
        "inform retriev": 0.02570639745383987, 
        "magnet reson": 0.3275624164502218, 
        "remot sens": 0.22223590309551935, 
        "compon analysi": 0.23713385151015526, 
        "previou work": 0.16794581474970047, 
        "case studi": -0.017662028074631412, 
        "p p": 0.18085809047189857, 
        "big data": -0.0012250942143445225, 
        "np hard": -0.2140421744018301, 
        "reinforc learn": -0.48416470355568564, 
        "comput vision": 0.1826202946880054, 
        "experi show": 0.11148989393873356, 
        "least squar": -0.03326932926563291, 
        "data collect": 0.22647585896427985, 
        "fault toler": -0.22924439582677494, 
        "short term": -0.03981123860559179, 
        "featur select": 0.6298347189097511, 
        "fold cross": 0.40766759754478754, 
        "similar measur": 0.044157269855167464, 
        "propos novel": 0.20584246411289633, 
        "analysi pca": 0.3940973311099019, 
        "present new": -0.010219991986463468, 
        "classif accuraci": 0.5364039934223409, 
        "e g": 0.20481154453041614, 
        "kernel function": 0.25973562872437417, 
        "sub sub": -0.7323852292971719, 
        "bayesian network": 0.011337998026724354, 
        "paper describ": -0.028749480897200846, 
        "fals alarm": 0.26693980503542003, 
        "result obtain": 0.2269314355700826, 
        "good perform": 0.09070103490990192, 
        "commonli use": 0.23819664426561135, 
        "petri net": -0.5669127618087607, 
        "method base": 0.056244979796291276, 
        "hidden node": 0.2639611076529685, 
        "licens plate": -0.16468891822747178, 
        "learn method": 0.2610326189832684, 
        "import role": 0.032235247842717925, 
        "black box": -0.16973471303171828, 
        "basi function": 0.07402859105454326, 
        "facial express": 0.28630554796299806, 
        "propos approach": 0.1822306799647552, 
        "gradient descent": -0.07762395025346855, 
        "proceed record": 0.0, 
        "real life": 0.03915187751570782, 
        "result indic": 0.1482630473149982, 
        "chapter contain": -0.8035562517079051, 
        "improv perform": 0.19623975949579472, 
        "low level": 0.3347707254779885, 
        "comput complex": 0.1364781586702511, 
        "experi result": 0.12593615383367315, 
        "recent year": 0.1275120596317524, 
        "sentiment analysi": 0.3203377375505455, 
        "learn approach": 0.25828337360143594, 
        "mont carlo": -0.3563365664309464, 
        "naiv bay": 0.40195314086623796, 
        "cluster algorithm": 0.0196157707766216, 
        "suppli chain": -0.8242643698138318, 
        "intuitionist fuzzi": -0.33170984069830817, 
        "mobil robot": -0.3622067736409844, 
        "demonstr effect": 0.0005579453369631291, 
        "confer proceed": -1.6571867422360735, 
        "train sampl": 0.34298171695795765, 
        "improv accuraci": 0.2484520963048026, 
        "maximum likelihood": 0.07286417399064365, 
        "paper present": 0.07128594718498797, 
        "gene express": 0.28997078326923625, 
        "search engin": 0.0760788827968669, 
        "experiment result": 0.16007220611043782, 
        "mobil devic": 0.0029239111826595233, 
        "web servic": -0.26609125521404103, 
        "face recognit": 0.22355251856446726, 
        "non neg": -0.11750619977162262, 
        "train set": 0.3933628889113884, 
        "fuzzi logic": -0.448370303948947, 
        "machin elm": 0.2829676509100726, 
        "ad hoc": -0.10320662329742304, 
        "particl swarm": -0.15145624863728516, 
        "effect propos": -0.011379659335730465, 
        "real time": 0.017048236407051054, 
        "n gram": 0.3307622798645497, 
        "vector machin": 0.3445698456287862, 
        "mean squar": -0.12275519403421245, 
        "posit neg": 0.3505328216603479, 
        "power plant": -0.4621571430991333, 
        "supervis learn": 0.34663209720062627, 
        "upper bound": -0.17130013667202382, 
        "k mean": 0.17386147616795602, 
        "hidden layer": 0.1842886949254928, 
        "support vector": 0.3270661883321567, 
        "decis tree": 0.31327356911084964, 
        "k nearest": 0.40910570792088924, 
        "state art": 0.28320163836463585, 
        "fault diagnosi": -0.020306747908850873, 
        "set theori": -0.07069662215964179, 
        "kalman filter": -0.3956951045363551, 
        "wide use": 0.17639735937583678, 
        "high level": 0.19612196057752443, 
        "inequ lmi": -0.2043046812886319, 
        "paper propos": 0.13986912786222683, 
        "data mine": 0.10750705914335809, 
        "back propag": 0.07858391925018346, 
        "ls svm": 0.052591315636763364, 
        "larg number": 0.2051358104789949, 
        "show propos": 0.15964588367068308, 
        "larg amount": 0.12107812924173202, 
        "web page": 0.12168226219580668, 
        "suffici condit": -0.959016140592749, 
        "section titl": -0.8001247786297623, 
        "markov model": 0.07804749555401969, 
        "network ann": 0.14831918406879155, 
        "co occurr": 0.23971936150909914, 
        "amino acid": 0.2676229499824162, 
        "control system": -0.735133095326636, 
        "learn algorithm": 0.22292750117903287, 
        "precis recal": 0.24579746485053103, 
        "close loop": -0.8352914974539257, 
        "extrem learn": 0.2892031465064395, 
        "result demonstr": 0.16516340193042212, 
        "fals posit": 0.3136569207147559, 
        "decis make": -0.14459398406712273, 
        "ant coloni": -0.20012857676998455, 
        "semi supervis": 0.26358400004728677, 
        "time consum": 0.18982409510986176, 
        "genet algorithm": -0.07986971530856404, 
        "present novel": 0.1376136063289682, 
        "social media": 0.13385805013080132, 
        "pre process": 0.36129675762392627, 
        "paper introduc": -0.04663965433159062, 
        "propos method": 0.14034213233590362, 
        "train data": 0.345036382196162, 
        "spatio tempor": 0.06847209371226318, 
        "h sub": -0.6103934025730864, 
        "result show": 0.09980804098603195, 
        "contain section": -0.8001247786297623, 
        "pid control": -0.5495334747709479, 
        "take account": 0.011338459185043403, 
        "princip compon": 0.28962372051116625, 
        "predict accuraci": 0.3213568627092277, 
        "associ rule": -0.1892709136106105, 
        "breast cancer": 0.3645169880657837, 
        "knowledg discoveri": 0.08140396726935285, 
        "prior knowledg": 0.09142904318038474, 
        "ground truth": 0.3712615583967142, 
        "featur vector": 0.4972988212182096, 
        "simul result": -0.371856873464961, 
        "time vari": -0.4616108214367478, 
        "propos algorithm": 0.0453572436983284, 
        "current committe": 0.0, 
        "rule base": 0.10041804601874074, 
        "decis maker": -0.38335221098678063, 
        "new approach": 0.08993916327253436, 
        "sup sup": -0.21538722846723654, 
        "recommend system": -0.0403798863860083, 
        "gaussian mixtur": 0.22169192057317344, 
        "real world": 0.1852981394299, 
        "wide rang": 0.1968054024446868, 
        "e commerc": 0.06797863550875373, 
        "swarm optim": -0.1680951655967191, 
        "matrix inequ": -0.3071973029404001, 
        "propos new": 0.09894385676566476, 
        "non stationari": 0.10988799069342378, 
        "publicli avail": 0.38055617438789, 
        "radial basi": 0.08724311580407393,