{
    "66": {
        "self organ": -0.043749743330529056, 
        "time delay": -0.635408941961808, 
        "high accuraci": 0.23833322900532947, 
        "new method": -0.017519055328768154, 
        "linear discrimin": 0.3803450394172953, 
        "convolut neural": 0.06228395559195671, 
        "social network": -0.0576811332674652, 
        "deep learn": 0.0945152990656604, 
        "take advantag": 0.08277092118287258, 
        "anomali detect": 0.1344884963388455, 
        "learn techniqu": 0.17883137413605193, 
        "inform retriev": 0.02476949288390993, 
        "magnet reson": 0.11939476322766114, 
        "remot sens": 0.2658155873913673, 
        "compon analysi": 0.2445274721262337, 
        "previou work": 0.07931082052598296, 
        "case studi": -0.044738126914285706, 
        "p p": 0.242073850709413, 
        "big data": -0.08218697384042058, 
        "np hard": -0.3704096077700827, 
        "reinforc learn": -0.32394833826609887, 
        "comput vision": 0.12537255833685815, 
        "experi show": 0.10467275246841304, 
        "least squar": 0.32607650845702263, 
        "data collect": 0.11367471364474387, 
        "fault toler": -0.21108729422493816, 
        "short term": 0.07240638087536036, 
        "featur select": 0.28173554593021405, 
        "fold cross": 0.3783725743844008, 
        "similar measur": -0.1512273847224689, 
        "propos novel": 0.1401206810108515, 
        "analysi pca": 0.3990770454445999, 
        "present new": -0.0547285237443492, 
        "classif accuraci": 0.3948802768442973, 
        "e g": 0.09246189348924891, 
        "kernel function": 0.5638666740193561, 
        "sub sub": -0.508047823753083, 
        "bayesian network": -0.027389356231034487, 
        "paper describ": -0.09026870607161691, 
        "fals alarm": 0.23463311318261776, 
        "result obtain": 0.18584851103273892, 
        "good perform": 0.1275915528645691, 
        "commonli use": 0.18927299270432585, 
        "petri net": -0.47956174271852786, 
        "method base": 0.07291288032536128, 
        "hidden node": 0.15762949714713764, 
        "licens plate": -0.20937715968852125, 
        "learn method": 0.2910320324588943, 
        "import role": 0.047639757652651056, 
        "black box": 0.020006711074632, 
        "basi function": 0.24314959615175286, 
        "facial express": 0.30030214737590083, 
        "propos approach": 0.12507831852943563, 
        "gradient descent": 0.15261677902370432, 
        "proceed record": 0.0, 
        "real life": -0.060642510263596267, 
        "result indic": 0.13257091178387326, 
        "chapter contain": -0.6696339235733038, 
        "improv perform": 0.1496927893789131, 
        "low level": 0.19861196139982715, 
        "comput complex": 0.2239371299044355, 
        "experi result": 0.1803923395691717, 
        "recent year": 0.10629380412177102, 
        "sentiment analysi": 0.14092443055628545, 
        "learn approach": 0.15998699607083855, 
        "mont carlo": -0.17673295723548585, 
        "naiv bay": 0.3418424958694643, 
        "cluster algorithm": -0.10459290201900485, 
        "suppli chain": -0.5475804843003105, 
        "intuitionist fuzzi": -0.23861835911565177, 
        "mobil robot": -0.21676705071896143, 
        "demonstr effect": -0.02173868884135612, 
        "confer proceed": -0.8013485591102841, 
        "train sampl": 0.5135786543677929, 
        "improv accuraci": 0.21254046135931032, 
        "maximum likelihood": -0.059215943950397046, 
        "paper present": 0.025879322874399795, 
        "gene express": 0.1633295080904199, 
        "search engin": -0.17028071492636962, 
        "experiment result": 0.1797661105169003, 
        "mobil devic": -0.09064586357852451, 
        "web servic": -0.2007924631318531, 
        "face recognit": 0.1739138717098089, 
        "non neg": -0.13023957278363016, 
        "train set": 0.4347285633503306, 
        "fuzzi logic": -0.23000512585731772, 
        "machin elm": 0.30163642405778596, 
        "ad hoc": -0.04131926025860638, 
        "particl swarm": -0.01174142439211533, 
        "effect propos": 0.0181024514861443, 
        "real time": 0.06823243741656614, 
        "n gram": 0.09668870085517033, 
        "vector machin": 0.6219391871862141, 
        "mean squar": 0.12283768512628476, 
        "posit neg": 0.2766507366673278, 
        "power plant": -0.24629330281952644, 
        "supervis learn": 0.2751852993968258, 
        "upper bound": -0.04885125835211121, 
        "k mean": 0.06625701194751273, 
        "hidden layer": 0.21897307387543546, 
        "support vector": 0.6076811575260224, 
        "decis tree": 0.2422202255319565, 
        "k nearest": 0.4138269687689532, 
        "state art": 0.2160933547094067, 
        "fault diagnosi": 0.18578634682647016, 
        "set theori": -0.22652042576179066, 
        "kalman filter": -0.13610435299828078, 
        "wide use": 0.13693775355366833, 
        "high level": 0.10843387684167355, 
        "inequ lmi": -0.4428614449462185, 
        "paper propos": 0.11708707006034282, 
        "data mine": -0.049232822550872975, 
        "back propag": 0.23079389043256554, 
        "ls svm": 0.6406406133484857, 
        "larg number": 0.14466216343319308, 
        "show propos": 0.15648124001735583, 
        "larg amount": 0.08573005704960188, 
        "web page": 0.006647407872726922, 
        "suffici condit": -0.7148341719967716, 
        "section titl": -0.6606576358214054, 
        "markov model": 0.05439610778511269, 
        "network ann": 0.30090135037691335, 
        "co occurr": 0.0325103271124726, 
        "amino acid": 0.3508102686611279, 
        "control system": -0.5129489392308791, 
        "learn algorithm": 0.24306657540228166, 
        "precis recal": 0.16266612746503323, 
        "close loop": -0.7588087159007402, 
        "extrem learn": 0.2950295690727417, 
        "result demonstr": 0.12950666866870852, 
        "fals posit": 0.27125842864777205, 
        "decis make": -0.12117873132366264, 
        "ant coloni": -0.2625568751622112, 
        "semi supervis": 0.12778121393485634, 
        "time consum": 0.19303814095845423, 
        "genet algorithm": -0.07153689617973391, 
        "present novel": 0.016370851340544838, 
        "social media": 0.047376792755094724, 
        "pre process": 0.14009950120255363, 
        "paper introduc": -0.042931017590441115, 
        "propos method": 0.1439026235340177, 
        "train data": 0.3728336663158698, 
        "spatio tempor": 0.10583699550418688, 
        "h sub": -0.4584296267943435, 
        "result show": 0.12785398586506108, 
        "contain section": -0.6606576358214054, 
        "pid control": -0.4877919465215534, 
        "take account": 0.002984387706754427, 
        "princip compon": 0.3091030938299112, 
        "predict accuraci": 0.2685681339814355, 
        "associ rule": -0.481137895541257, 
        "breast cancer": 0.3009205013243125, 
        "knowledg discoveri": -0.020304317960466174, 
        "prior knowledg": 0.14818653199142548, 
        "ground truth": 0.18391661075987512, 
        "featur vector": 0.3876579238794035, 
        "simul result": -0.12118887406508055, 
        "time vari": -0.3393473471760642, 
        "propos algorithm": 0.10642045456168166, 
        "current committe": 0.0, 
        "rule base": -0.0352229387364367, 
        "decis maker": -0.22514694398479396, 
        "new approach": 0.05036454978445147, 
        "sup sup": 0.0033524041170047564, 
        "recommend system": -0.2859885920313761, 
        "gaussian mixtur": 0.05124672157023725, 
        "real world": 0.11042173253810801, 
        "wide rang": 0.0403565458353127, 
        "e commerc": -0.18597552821810248, 
        "swarm optim": -0.009504892940446461, 
        "matrix inequ": -0.6015500269576791, 
        "propos new": 0.06262079008678934, 
        "non stationari": -0.09350760136447758, 
        "publicli avail": 0.2309837583477539, 
        "radial basi": 0.2643351481168387,