{
    "67": {
        "self organ": 0.023324175925057918, 
        "time delay": 0.010293223496231558, 
        "high accuraci": -0.07352982540741324, 
        "new method": -0.04299118899693589, 
        "linear discrimin": -0.05597149588086381, 
        "convolut neural": 0.007101502572141452, 
        "social network": -0.09245699370570967, 
        "deep learn": 0.05506725272810667, 
        "take advantag": 0.014173489581860828, 
        "anomali detect": -0.06527245124400743, 
        "learn techniqu": 0.004492692613281146, 
        "inform retriev": -0.11546984186468645, 
        "magnet reson": -0.039266820606834237, 
        "remot sens": 0.00432906081363137, 
        "compon analysi": -0.1357870423697268, 
        "previou work": 0.005378625252516097, 
        "case studi": 0.08434680785631374, 
        "p p": 0.2614508662593358, 
        "big data": 0.05414592999547755, 
        "np hard": 0.3198146832510808, 
        "reinforc learn": 0.2432872710512712, 
        "comput vision": 0.010162762575174521, 
        "experi show": -0.04056503120288536, 
        "least squar": 0.03557041391150155, 
        "data collect": -0.03556384190809283, 
        "fault toler": 0.060028456885891715, 
        "short term": -0.09282113878870012, 
        "featur select": -0.07164945554635194, 
        "fold cross": -0.11297091993509903, 
        "similar measur": -0.12094241065834466, 
        "propos novel": -0.018491093113185857, 
        "analysi pca": -0.08112165918298372, 
        "present new": -0.043005216079301405, 
        "classif accuraci": -0.13534416380084355, 
        "e g": 0.10471320992684524, 
        "kernel function": 0.013626834020235713, 
        "sub sub": 0.15516813667713006, 
        "bayesian network": -0.00044741290699177455, 
        "paper describ": 0.06319124944197235, 
        "fals alarm": -0.06717634399967091, 
        "result obtain": 0.0007900182580535149, 
        "good perform": -0.0037032022592688755, 
        "commonli use": -0.07602172727365687, 
        "petri net": 0.02415473738588044, 
        "method base": -0.042931751535210276, 
        "hidden node": 0.058120779208157905, 
        "licens plate": -0.0754219740724524, 
        "learn method": 0.03215941896504292, 
        "import role": 0.009849085992482102, 
        "black box": 0.10072629495715993, 
        "basi function": -0.0997789325444168, 
        "facial express": -0.10218005653886936, 
        "propos approach": -0.0024593173127578343, 
        "gradient descent": 0.10978371924399795, 
        "proceed record": 0.005488659153051644, 
        "real life": 0.09428132991705163, 
        "result indic": -0.020936040058597984, 
        "chapter contain": -0.2684617340805538, 
        "improv perform": -0.033438147813139876, 
        "low level": 0.009318088647112017, 
        "comput complex": 0.018036380900752144, 
        "experi result": -0.1048003933187938, 
        "recent year": 0.009768095912334287, 
        "sentiment analysi": -0.1754754442970718, 
        "learn approach": 0.018842663032407288, 
        "mont carlo": 0.11796788401500756, 
        "naiv bay": -0.10559954424970201, 
        "cluster algorithm": -0.018632584142728753, 
        "suppli chain": 0.1805033301836893, 
        "intuitionist fuzzi": -0.09999136463409111, 
        "mobil robot": 0.1121126838236596, 
        "demonstr effect": 0.028755818021719993, 
        "confer proceed": -0.30517814912025126, 
        "train sampl": -0.018663934614664097, 
        "improv accuraci": -0.042063442031894036, 
        "maximum likelihood": 0.009446614585861619, 
        "paper present": 0.01277617442415041, 
        "gene express": -0.07560830593497105, 
        "search engin": -0.0776148264499223, 
        "experiment result": -0.01896362238784183, 
        "mobil devic": -0.015380123470524025, 
        "web servic": -0.03879645710170584, 
        "face recognit": -0.08088230962306585, 
        "non neg": 0.08689684004432223, 
        "train set": 0.03226174849394023, 
        "fuzzi logic": -0.03652743085664196, 
        "machin elm": -0.063460721979401, 
        "ad hoc": 0.026235606257395582, 
        "particl swarm": 0.12916247343702625, 
        "effect propos": 0.004353267777585841, 
        "real time": 0.07068267796482987, 
        "n gram": -0.09107275745530027, 
        "vector machin": -0.058818743987603575, 
        "mean squar": -0.09599773948661593, 
        "posit neg": -0.04207403825921338, 
        "power plant": -0.0010295392940275587, 
        "supervis learn": 0.08190478349176214, 
        "upper bound": 0.13318292985276728, 
        "k mean": -0.05610931079355663, 
        "hidden layer": -0.02212517605910197, 
        "support vector": -0.06254337312932592, 
        "decis tree": -0.047789011382199875, 
        "k nearest": -0.1025622885033426, 
        "state art": 0.0052625675043653525, 
        "fault diagnosi": -0.10498820625740614, 
        "set theori": 0.010810635880736039, 
        "kalman filter": 0.07623304177919427, 
        "wide use": -0.0358040646150027, 
        "high level": 0.06999969466368564, 
        "inequ lmi": 0.079066980905166, 
        "paper propos": 0.003279554836927128, 
        "data mine": -0.024838986535505526, 
        "back propag": -0.1488649461092606, 
        "ls svm": 0.05096557605328106, 
        "larg number": 0.09766270770242025, 
        "show propos": -0.006842827511131235, 
        "larg amount": 0.0369421060988038, 
        "web page": -0.09906554588542722, 
        "suffici condit": -0.01783204615356164, 
        "section titl": -0.26896558420328764, 
        "markov model": -0.04249113624841394, 
        "network ann": -0.07764858617553534, 
        "co occurr": -0.11035158546283902, 
        "amino acid": -0.0744274130465177, 
        "control system": -0.033965068435027605, 
        "learn algorithm": 0.029169453394769868, 
        "precis recal": -0.08000591529779662, 
        "close loop": -0.024115000164156013, 
        "extrem learn": -0.03911484046170353, 
        "result demonstr": 0.011289993904158687, 
        "fals posit": -0.08078809601844213, 
        "decis make": 0.18323989977684027, 
        "ant coloni": 0.2476843154644224, 
        "semi supervis": 0.04000535169184812, 
        "time consum": 0.0058739335469669, 
        "genet algorithm": 0.21145264276666326, 
        "present novel": -0.0018903515620152791, 
        "social media": -0.14712352750886554, 
        "pre process": -0.006987169266844673, 
        "paper introduc": 0.045962116208691256, 
        "propos method": -0.012205075552596827, 
        "train data": 0.015817692518010983, 
        "spatio tempor": -0.0022352514998621818, 
        "h sub": 0.1581829649267456, 
        "result show": -0.012801826734439017, 
        "contain section": -0.26896558420328764, 
        "pid control": -0.17101340039366417, 
        "take account": 0.12479321377013372, 
        "princip compon": -0.1266735859069937, 
        "predict accuraci": -0.04571504946795897, 
        "associ rule": -0.12223661395231528, 
        "breast cancer": 0.007146441285175507, 
        "knowledg discoveri": -0.03954335754748962, 
        "prior knowledg": 0.1179469255656717, 
        "ground truth": 0.010383149045059444, 
        "featur vector": -0.1426737645892367, 
        "simul result": 0.008559452141819654, 
        "time vari": -0.023147448869170504, 
        "propos algorithm": 0.06453745425691645, 
        "current committe": 0.0, 
        "rule base": 0.017675272669448922, 
        "decis maker": 0.28057831155154855, 
        "new approach": 0.019946418966773072, 
        "sup sup": -0.04221872213590155, 
        "recommend system": 0.025535362133267285, 
        "gaussian mixtur": -0.02743802301540032, 
        "real world": 0.09519673137850472, 
        "wide rang": 0.036066841634192034, 
        "e commerc": -0.04211289789566179, 
        "swarm optim": 0.12005119340004403, 
        "matrix inequ": 0.0670427468764851, 
        "propos new": 0.049870997101104285,