{
    "68": {
        "self organ": 0.03227057606082673, 
        "time delay": -0.22172569272004036, 
        "high accuraci": 0.04347013946562921, 
        "new method": -0.12786631555067748, 
        "linear discrimin": 0.004728661123066336, 
        "convolut neural": -0.0057770882066832206, 
        "social network": 0.10002117009147843, 
        "deep learn": 0.10007554499301996, 
        "take advantag": 0.0494825401635391, 
        "anomali detect": 0.12169653542195276, 
        "learn techniqu": 0.10169227136847327, 
        "inform retriev": 0.11298125147277417, 
        "magnet reson": 0.006699503163959992, 
        "remot sens": 0.07020385376020105, 
        "compon analysi": -0.0237376620707834, 
        "previou work": 0.014169019449709372, 
        "case studi": 0.1182101763722648, 
        "p p": 0.25001561289653995, 
        "big data": 0.1997714369075286, 
        "np hard": -0.039587927857015245, 
        "reinforc learn": -0.053350037518495735, 
        "comput vision": 0.03578762146269135, 
        "experi show": -0.12749350549963315, 
        "least squar": -0.15499388784642373, 
        "data collect": 0.167901655603167, 
        "fault toler": 0.003039966202948963, 
        "short term": -0.011349663588400085, 
        "featur select": 0.05308884101145142, 
        "fold cross": 0.028458984089863387, 
        "similar measur": -0.058959323715156275, 
        "propos novel": -0.03492424289685304, 
        "analysi pca": 0.04761284165118259, 
        "present new": -0.06431307001660733, 
        "classif accuraci": 0.008494005248210739, 
        "e g": 0.04923445356232047, 
        "kernel function": 0.01410490289073257, 
        "sub sub": -0.15620774540079327, 
        "bayesian network": 0.030910567475096327, 
        "paper describ": 0.038990102542438225, 
        "fals alarm": 0.05039953003470658, 
        "result obtain": -0.010292920567094096, 
        "good perform": -0.020564898839861415, 
        "commonli use": 0.03480587421192144, 
        "petri net": -0.09086131994832497, 
        "method base": -0.07076469728976283, 
        "hidden node": -0.003667485552061419, 
        "licens plate": -0.12273634965341212, 
        "learn method": 0.06290935372312625, 
        "import role": 0.0982266942528589, 
        "black box": 0.07649807442194301, 
        "basi function": -0.04780015422345871, 
        "facial express": 0.038234692028606146, 
        "propos approach": -0.08012163441686877, 
        "gradient descent": -0.0341992069057884, 
        "proceed record": 0.13996555614166284, 
        "real life": 0.12519765166314326, 
        "result indic": -0.05366611952695146, 
        "chapter contain": -0.30744472874308376, 
        "improv perform": -0.023168246900231178, 
        "low level": 0.04805286992592557, 
        "comput complex": -0.06232031979210385, 
        "experi result": -0.11012393920584947, 
        "recent year": 0.13871577411955038, 
        "sentiment analysi": 0.18726134359489546, 
        "learn approach": 0.10125432937997281, 
        "mont carlo": -0.0817596500160381, 
        "naiv bay": 0.055307920473102914, 
        "cluster algorithm": -0.0687501204734973, 
        "suppli chain": -0.07338154246562006, 
        "intuitionist fuzzi": -0.23470194805085512, 
        "mobil robot": -0.07166173936705895, 
        "demonstr effect": -0.04240514101391194, 
        "confer proceed": -0.3660859395088838, 
        "train sampl": -0.0679400452136814, 
        "improv accuraci": 0.029844936357685713, 
        "maximum likelihood": -0.04457437455043151, 
        "paper present": 0.009970601177413472, 
        "gene express": 0.020303691237259423, 
        "search engin": 0.06147106175633702, 
        "experiment result": -0.11890571529781774, 
        "mobil devic": 0.16151960796369172, 
        "web servic": 0.03271783673782854, 
        "face recognit": -0.07463460912736121, 
        "non neg": -0.08750339113307776, 
        "train set": 0.02863809072186784, 
        "fuzzi logic": -0.027468510447778753, 
        "machin elm": -0.027729240152337416, 
        "ad hoc": 0.02355310540420079, 
        "particl swarm": -0.1545672341066758, 
        "effect propos": -0.07206506192899197, 
        "real time": 0.013807983271843302, 
        "n gram": 0.0821710646830154, 
        "vector machin": -0.024042189069357758, 
        "mean squar": -0.0702082157937809, 
        "posit neg": 0.13117496500421816, 
        "power plant": -0.05490596485766262, 
        "supervis learn": 0.051756225531682264, 
        "upper bound": -0.06796986362704834, 
        "k mean": 0.023688921036555108, 
        "hidden layer": -0.03167579993118497, 
        "support vector": -0.03570737351142679, 
        "decis tree": 0.045366468754958554, 
        "k nearest": 0.05001993148540824, 
        "state art": 0.00536205565099911, 
        "fault diagnosi": -0.030422164645746125, 
        "set theori": -0.03707932994169576, 
        "kalman filter": -0.06322398262475681, 
        "wide use": 0.0370379654581191, 
        "high level": 0.090146859163835, 
        "inequ lmi": -0.2097209440874801, 
        "paper propos": -0.10660665753531268, 
        "data mine": 0.16298112547848542, 
        "back propag": -0.007848094330951575, 
        "ls svm": -0.03692609947638892, 
        "larg number": -2.4226188192888812e-05, 
        "show propos": -0.09015946016004774, 
        "larg amount": 0.09121560714750471, 
        "web page": 0.0565867890522785, 
        "suffici condit": -0.28306069901041997, 
        "section titl": -0.3090002424489954, 
        "markov model": 0.009066527230216734, 
        "network ann": 0.03859420729118041, 
        "co occurr": -0.0040535918641774514, 
        "amino acid": 0.04596320675283938, 
        "control system": -0.15961806282337065, 
        "learn algorithm": 0.05130547817709308, 
        "precis recal": 0.0474897574276432, 
        "close loop": -0.22971386909061356, 
        "extrem learn": -0.03664381305976404, 
        "result demonstr": -0.03235430669440606, 
        "fals posit": 0.05186464080484122, 
        "decis make": 0.0807223813868488, 
        "ant coloni": -0.11045155573931978, 
        "semi supervis": 0.06298657175550747, 
        "time consum": 0.03503603886678577, 
        "genet algorithm": -0.12394432198286515, 
        "present novel": -0.013715748033716496, 
        "social media": 0.17754034538108684, 
        "pre process": 0.09233279708277115, 
        "paper introduc": -0.01369775905768761, 
        "propos method": -0.10854029370072786, 
        "train data": 0.04105969084469767, 
        "spatio tempor": 0.047189142566474655, 
        "h sub": -0.25687178663016685, 
        "result show": -0.1227411961137812, 
        "contain section": -0.3090002424489954, 
        "pid control": -0.28030010329172445, 
        "take account": 0.018941069285471072, 
        "princip compon": 0.01639492404771031, 
        "predict accuraci": 0.05115630747653459, 
        "associ rule": -0.03192778135563834, 
        "breast cancer": 0.052018076265498266, 
        "knowledg discoveri": 0.20552519124682728, 
        "prior knowledg": 0.0007559740022151664, 
        "ground truth": 0.08226557773216242, 
        "featur vector": -0.0440012226670947, 
        "simul result": -0.24846172050995624, 
        "time vari": -0.1573713917094871, 
        "propos algorithm": -0.12387123731158411, 
        "current committe": 0.013455827910398949, 
        "rule base": 0.06962421282080493, 
        "decis maker": 0.008800536041870935, 
        "new approach": -0.0063505952997054095, 
        "sup sup": -0.05975540593145283, 
        "recommend system": 0.08901038692031694, 
        "gaussian mixtur": -0.034024303282047176, 
        "real world": 0.04563226436349643, 
        "wide rang": 0.11212213050654311, 
        "e commerc": 0.12428075110796014, 
        "swarm optim": -0.15427400849110795, 
        "matrix inequ": -0.36667833606851286, 
        "propos new": -0.11580410125667276,