{
    "69": {
        "self organ": -0.10049943810926447, 
        "time delay": 0.12616238271669425, 
        "high accuraci": 0.03722494003600059, 
        "new method": -0.04902666207173856, 
        "linear discrimin": 0.2050082058173288, 
        "convolut neural": -0.055082374052867616, 
        "social network": -0.17351624280238828, 
        "deep learn": 0.0775066378647501, 
        "take advantag": 0.0525374782626735, 
        "anomali detect": 0.05485972844136677, 
        "learn techniqu": -0.15820969184176073, 
        "inform retriev": 0.06560361733607445, 
        "magnet reson": 0.19918873091842854, 
        "remot sens": 0.19284434017920693, 
        "compon analysi": 0.2494868500697387, 
        "previou work": 0.05258161493611426, 
        "case studi": 0.05596310697734948, 
        "p p": 0.31238569964999935, 
        "big data": -0.17862632561342986, 
        "np hard": 0.21071594593198012, 
        "reinforc learn": 0.017263115414288425, 
        "comput vision": -0.062258889251292346, 
        "experi show": 0.02677720635136009, 
        "least squar": 0.32808387278199397, 
        "data collect": -0.16644770480780782, 
        "fault toler": -0.016811081082125923, 
        "short term": -0.21799145215120627, 
        "featur select": -0.09478087497134995, 
        "fold cross": 0.23757087429945453, 
        "similar measur": 0.03678336447793809, 
        "propos novel": 0.023769807828408224, 
        "analysi pca": 0.1699949131551047, 
        "present new": -0.04866723846263572, 
        "classif accuraci": 0.09196965406062883, 
        "e g": 0.06143495340754479, 
        "kernel function": 0.6697052699214996, 
        "sub sub": 0.10530957237540785, 
        "bayesian network": -0.15371499641746092, 
        "paper describ": -0.09710635735758923, 
        "fals alarm": 0.09055368811075858, 
        "result obtain": -0.06945560599140582, 
        "good perform": 0.002727153860278835, 
        "commonli use": 0.09613043935967938, 
        "petri net": 0.1251693380508721, 
        "method base": 0.04198422423748863, 
        "hidden node": 0.1724072970518491, 
        "licens plate": -0.05799382374668808, 
        "learn method": 0.09457116627693948, 
        "import role": -0.048806598270071055, 
        "black box": -0.025079506712859384, 
        "basi function": 0.287683108055267, 
        "facial express": 0.014592296771457392, 
        "propos approach": -0.04158531937021348, 
        "gradient descent": 0.35013526650796484, 
        "proceed record": 0.0, 
        "real life": -0.07727134181358719, 
        "result indic": 0.04161057170018086, 
        "chapter contain": -0.05729436392560241, 
        "improv perform": 0.05818332289734101, 
        "low level": 0.031010323675226627, 
        "comput complex": 0.2633962527807579, 
        "experi result": -0.07984636042033336, 
        "recent year": 0.02367713527477071, 
        "sentiment analysi": -0.11900410712249612, 
        "learn approach": -0.06327813370875683, 
        "mont carlo": 0.30480753938443617, 
        "naiv bay": -0.03037910981759876, 
        "cluster algorithm": 0.0004561372979279676, 
        "suppli chain": 0.3454339124897293, 
        "intuitionist fuzzi": 0.04674480108919384, 
        "mobil robot": 0.028473533710127282, 
        "demonstr effect": 0.09330675769863374, 
        "confer proceed": -0.3107514286177163, 
        "train sampl": 0.21240162501113732, 
        "improv accuraci": -0.0401514300239087, 
        "maximum likelihood": 0.36408004734483973, 
        "paper present": -0.03356211216156518, 
        "gene express": 0.03380145335856662, 
        "search engin": -0.0443498850266009, 
        "experiment result": -0.03209240072966449, 
        "mobil devic": -0.22212810531689117, 
        "web servic": -0.06229946728778265, 
        "face recognit": 0.13227435433400161, 
        "non neg": 0.11203333258292113, 
        "train set": 0.10504613835833049, 
        "fuzzi logic": 0.04720111538588816, 
        "machin elm": -0.00527724634333108, 
        "ad hoc": 0.0772870723735791, 
        "particl swarm": -0.00627459685057105, 
        "effect propos": 0.0003866803986776789, 
        "real time": -0.15941284581361995, 
        "n gram": 0.034201407071166645, 
        "vector machin": 0.12010135420140473, 
        "mean squar": 0.19414894195696344, 
        "posit neg": 0.01884448132155339, 
        "power plant": -0.08235430386588592, 
        "supervis learn": 0.1636684321549925, 
        "upper bound": 0.19810215247967858, 
        "k mean": -0.05812314380871082, 
        "hidden layer": 0.11110307586639583, 
        "support vector": 0.16233935223227816, 
        "decis tree": -0.1366894254806792, 
        "k nearest": 0.05714245667835234, 
        "state art": 0.07584847182160127, 
        "fault diagnosi": 0.08271107796053365, 
        "set theori": -0.2696365756275764, 
        "kalman filter": 0.17482084693413222, 
        "wide use": 0.07400729512455421, 
        "high level": -0.12992761105857314, 
        "inequ lmi": 0.07874464918958328, 
        "paper propos": 0.0075231114287242955, 
        "data mine": -0.16574234813766062, 
        "back propag": 0.08457030685820861, 
        "ls svm": 0.4208751122153342, 
        "larg number": 0.023488803787240286, 
        "show propos": -0.06109396864738305, 
        "larg amount": -0.09044195325169437, 
        "web page": -0.10721317128730327, 
        "suffici condit": 0.015659568009706137, 
        "section titl": -0.06193331435684955, 
        "markov model": 0.14132183506367535, 
        "network ann": 0.11229878831217474, 
        "co occurr": -0.05526220854617382, 
        "amino acid": 0.2163196922874651, 
        "control system": -0.2015795014849232, 
        "learn algorithm": 0.0081198657527625, 
        "precis recal": 0.07118217776751623, 
        "close loop": -0.18410641611738646, 
        "extrem learn": -0.002410520020123357, 
        "result demonstr": 0.07211239769680211, 
        "fals posit": 0.06405434052100754, 
        "decis make": -0.10830478111363386, 
        "ant coloni": -0.02215877351871597, 
        "semi supervis": 0.09635473156165457, 
        "time consum": -0.022716555195231476, 
        "genet algorithm": -0.09967019801180241, 
        "present novel": 0.12175105703518618, 
        "social media": -0.09034980616319187, 
        "pre process": 0.027153664417273193, 
        "paper introduc": -0.012200657930563219, 
        "propos method": -0.011724698825047904, 
        "train data": 0.07458024406752649, 
        "spatio tempor": 0.1816859088919237, 
        "h sub": 0.06063762912102947, 
        "result show": -0.015373850591522924, 
        "contain section": -0.06193331435684955, 
        "pid control": -0.03154978439965625, 
        "take account": 0.08201506573870918, 
        "princip compon": 0.22421156322867586, 
        "predict accuraci": -0.05349592670949296, 
        "associ rule": -0.12796928436088198, 
        "breast cancer": 0.13384167391979815, 
        "knowledg discoveri": -0.06146758386266395, 
        "prior knowledg": 0.22751691276336825, 
        "ground truth": -0.17770934762662569, 
        "featur vector": 0.11734859408576, 
        "simul result": -0.06118007104578316, 
        "time vari": 0.10374450980059838, 
        "propos algorithm": -0.029275980154403632, 
        "current committe": 0.0, 
        "rule base": -0.13235397038246943, 
        "decis maker": 0.06689405608300075, 
        "new approach": 0.02067038795337157, 
        "sup sup": 0.10022997531276896, 
        "recommend system": -0.16605798891144896, 
        "gaussian mixtur": 0.18247889643281867, 
        "real world": 0.011324006158138266, 
        "wide rang": 0.05729436025553589, 
        "e commerc": 0.03973895254551342, 
        "swarm optim": -0.010865469625225162, 
        "matrix inequ": 0.048472866141116094, 
        "propos new": 0.05169757161075697, 
        "non stationari": 0.21823049071105277,