{
    "6": {
        "self organ": 0.00785425551201729, 
        "time delay": 0.5151248496460743, 
        "high accuraci": -0.05352595305276638, 
        "new method": -0.013251115580066714, 
        "linear discrimin": -0.002481748293452115, 
        "convolut neural": -0.06254827996037812, 
        "social network": -0.11446688572255219, 
        "deep learn": -0.00965382984120287, 
        "take advantag": 0.03706512417517831, 
        "anomali detect": 0.012029426231382645, 
        "learn techniqu": -0.05077711441068512, 
        "inform retriev": -0.23601345046300357, 
        "magnet reson": -0.010286018050402588, 
        "remot sens": -0.07918102901534592, 
        "compon analysi": -0.09721400013648786, 
        "previou work": -0.02767086634495917, 
        "case studi": 0.013811189754994182, 
        "p p": 0.0100484895937493, 
        "big data": -0.10264339574387706, 
        "np hard": -0.033757759121703694, 
        "reinforc learn": 0.09009953670630157, 
        "comput vision": -0.0998857557816278, 
        "experi show": -0.09327808055328955, 
        "least squar": 0.058455675376576414, 
        "data collect": 0.02518377139522756, 
        "fault toler": 0.2553279108068591, 
        "short term": 0.07963721288065102, 
        "featur select": -0.14856721438040732, 
        "fold cross": -0.06521946983645985, 
        "similar measur": -0.08542708158211748, 
        "propos novel": -0.05161742687961719, 
        "analysi pca": -0.008077869140505086, 
        "present new": -0.038521819153853096, 
        "classif accuraci": -0.0646668601102953, 
        "e g": 0.048381568963148935, 
        "kernel function": -0.07987427247608338, 
        "sub sub": 0.34050975050336035, 
        "bayesian network": -0.07808177228104614, 
        "paper describ": -0.036996619021313966, 
        "fals alarm": -0.0041501478558318705, 
        "result obtain": -0.02282516254899307, 
        "good perform": 0.09816116995798012, 
        "commonli use": -0.004228102242674859, 
        "petri net": 0.1619999465353269, 
        "method base": -0.004438680692510631, 
        "hidden node": 0.07305238639662566, 
        "licens plate": -0.039878056530282785, 
        "learn method": -0.06769181229355484, 
        "import role": -0.064957685671253, 
        "black box": 0.07342341135072922, 
        "basi function": 0.06322192100785905, 
        "facial express": -0.07433103878689483, 
        "propos approach": 0.04761618394716899, 
        "gradient descent": 0.0329698172621306, 
        "proceed record": 0.008749897992984257, 
        "real life": -0.09030314259599781, 
        "result indic": -0.011248162418537693, 
        "chapter contain": -0.53486000542455, 
        "improv perform": 0.00412724666545606, 
        "low level": -0.008712740847525607, 
        "comput complex": -0.1307114357740511, 
        "experi result": -0.06491682950062658, 
        "recent year": -0.11317731148369842, 
        "sentiment analysi": -0.14341919974978215, 
        "learn approach": -0.08914750161678943, 
        "mont carlo": -0.0010622463460327974, 
        "naiv bay": -0.0601518149674462, 
        "cluster algorithm": -0.15960009088530547, 
        "suppli chain": 0.027801932593207054, 
        "intuitionist fuzzi": -0.12503478279724847, 
        "mobil robot": 0.19219054774699648, 
        "demonstr effect": 0.1674989299848075, 
        "confer proceed": -0.24975451918366917, 
        "train sampl": -0.09587995959534991, 
        "improv accuraci": -0.04346548456040564, 
        "maximum likelihood": 0.04625458227665156, 
        "paper present": 0.029253461109559724, 
        "gene express": -0.1339693547467535, 
        "search engin": -0.15901249075446872, 
        "experiment result": -0.07268753975176932, 
        "mobil devic": 0.01031688748352445, 
        "web servic": -0.10339260597981012, 
        "face recognit": -0.08952727700418771, 
        "non neg": -0.11821340257782026, 
        "train set": -0.03507492862877536, 
        "fuzzi logic": 0.13236536239717367, 
        "machin elm": -0.02363947315356145, 
        "ad hoc": 0.06598807515916139, 
        "particl swarm": 0.04275490907356172, 
        "effect propos": 0.2055383383413938, 
        "real time": 0.14970215719683796, 
        "n gram": -0.12769345236902144, 
        "vector machin": -0.10087401190637982, 
        "mean squar": 0.0881581596257907, 
        "posit neg": -0.11345420110262712, 
        "power plant": 0.31709445749165444, 
        "supervis learn": -0.05794489486293903, 
        "upper bound": 0.26748230863399725, 
        "k mean": -0.10957060503983285, 
        "hidden layer": 0.08609222123734124, 
        "support vector": -0.08138499842421455, 
        "decis tree": -0.10857747973573366, 
        "k nearest": -0.027176048729804107, 
        "state art": -0.04589985039571822, 
        "fault diagnosi": 0.05749960093593918, 
        "set theori": -0.13003362622769238, 
        "kalman filter": 0.12844732067098819, 
        "wide use": -0.03818625925381332, 
        "high level": -0.043937413899045055, 
        "inequ lmi": 0.4125583610860849, 
        "paper propos": -0.027716342895813484, 
        "data mine": -0.19530114693785136, 
        "back propag": 0.10647755250814256, 
        "ls svm": 0.05516899696851154, 
        "larg number": -0.007675585259629629, 
        "show propos": 0.033296315845678666, 
        "larg amount": -0.07243709781584237, 
        "web page": -0.22442875645941068, 
        "suffici condit": 0.299987296265538, 
        "section titl": -0.5384256142193214, 
        "markov model": 0.007181014518341994, 
        "network ann": 0.0021049591398173994, 
        "co occurr": -0.07445783846771996, 
        "amino acid": -0.055063422499824925, 
        "control system": 0.4010637750409674, 
        "learn algorithm": -0.07272686290714961, 
        "precis recal": -0.08643262300829274, 
        "close loop": 0.37365362051410467, 
        "extrem learn": 0.02945196270462548, 
        "result demonstr": 0.04321754584799739, 
        "fals posit": -0.01615386347115424, 
        "decis make": -0.030404539244265925, 
        "ant coloni": 0.10427945664204066, 
        "semi supervis": -0.16174356104036652, 
        "time consum": -0.023233665593768625, 
        "genet algorithm": 0.06839044150600548, 
        "present novel": -0.04004867743284376, 
        "social media": -0.17035363045087262, 
        "pre process": -0.09981507215124988, 
        "paper introduc": 0.0006684582104072717, 
        "propos method": 0.037134179672088104, 
        "train data": -0.08987147546656318, 
        "spatio tempor": 0.06443232824141344, 
        "h sub": 0.387724399907269, 
        "result show": 0.056198174787300256, 
        "contain section": -0.5384256142193214, 
        "pid control": 0.4408591266862053, 
        "take account": 0.025722348997755114, 
        "princip compon": -0.059704105966633336, 
        "predict accuraci": 0.010437766407278474, 
        "associ rule": -0.26756150031232195, 
        "breast cancer": -0.05528656242025956, 
        "knowledg discoveri": -0.1413167245398554, 
        "prior knowledg": -0.015460338495406106, 
        "ground truth": 0.01701041489491011, 
        "featur vector": -0.10709390020145512, 
        "simul result": 0.28073601574176305, 
        "time vari": 0.488360198554018, 
        "propos algorithm": -0.0061416886002176405, 
        "current committe": 0.0, 
        "rule base": -0.005857403365916983, 
        "decis maker": -0.02181344372890151, 
        "new approach": 0.013283257791302943, 
        "sup sup": -0.0230865558211156, 
        "recommend system": -0.1646162447340701, 
        "gaussian mixtur": -0.057844433746823305, 
        "real world": -0.04751775499309377, 
        "wide rang": 0.04766769682774714, 
        "e commerc": -0.07168255401909973, 
        "swarm optim": 0.04160650186652778, 
        "matrix inequ": 0.3940260749048938, 
        "propos new": -0.07132048682124555,