{
    "70": {
        "self organ": 0.04292330536375365, 
        "time delay": 0.0951961959949614, 
        "high accuraci": 0.03246305985225544, 
        "new method": 0.03611056817999133, 
        "linear discrimin": 0.057477038388996045, 
        "convolut neural": 0.009061973326485135, 
        "social network": -0.17137561047875935, 
        "deep learn": -0.07914317379007696, 
        "take advantag": 0.029339296325116455, 
        "anomali detect": -0.0686306977610769, 
        "learn techniqu": -0.007859287251544233, 
        "inform retriev": -0.23802819018884958, 
        "magnet reson": 0.06724484886806374, 
        "remot sens": 0.0949712767530246, 
        "compon analysi": 0.09020250203332297, 
        "previou work": 0.03259564595782701, 
        "case studi": 0.021254953065442374, 
        "p p": 0.08011333513967975, 
        "big data": -0.07589155929712016, 
        "np hard": -0.1004766267924009, 
        "reinforc learn": -0.0911793535720805, 
        "comput vision": -0.004444798100022579, 
        "experi show": -0.0017632308757569823, 
        "least squar": 0.16370388502077377, 
        "data collect": 0.08075939238226382, 
        "fault toler": 0.05457589111255968, 
        "short term": 0.04402021069477953, 
        "featur select": -0.000550496305521874, 
        "fold cross": 0.10441580680247607, 
        "similar measur": -0.14107981153298174, 
        "propos novel": 0.03605901107419158, 
        "analysi pca": 0.04803127747571489, 
        "present new": 0.022900582439734262, 
        "classif accuraci": -0.001989355125458028, 
        "e g": 0.11415087628629386, 
        "kernel function": 0.09152603324200334, 
        "sub sub": 0.13372273911116764, 
        "bayesian network": -0.02898483306560117, 
        "paper describ": -0.04808570141185282, 
        "fals alarm": 0.09322279459860157, 
        "result obtain": 0.06202792246053667, 
        "good perform": 0.059693838788204195, 
        "commonli use": 0.07052190671792652, 
        "petri net": -0.10320340823842794, 
        "method base": 0.06540976981552092, 
        "hidden node": 0.04089378614629443, 
        "licens plate": 0.03536728659686717, 
        "learn method": 0.0015605013724991203, 
        "import role": -0.008441629245889022, 
        "black box": 0.0369103106054457, 
        "basi function": 0.10331752998405075, 
        "facial express": 0.01408376632838764, 
        "propos approach": 0.07313590714513439, 
        "gradient descent": 0.11413281103269923, 
        "proceed record": 0.0, 
        "real life": 0.0019225807650081789, 
        "result indic": 0.02387030457849824, 
        "chapter contain": -0.4931283070110336, 
        "improv perform": 0.05651033101050207, 
        "low level": 0.01623855440371324, 
        "comput complex": 0.11973069989049591, 
        "experi result": -0.020389685577310343, 
        "recent year": -0.03341925806678375, 
        "sentiment analysi": -0.10215770266589555, 
        "learn approach": -0.011774776422030162, 
        "mont carlo": 0.13257002801288936, 
        "naiv bay": -0.011189544411700886, 
        "cluster algorithm": -0.01874342462440475, 
        "suppli chain": -0.23671966442133793, 
        "intuitionist fuzzi": -0.0477306226655812, 
        "mobil robot": 0.003567851825741044, 
        "demonstr effect": 0.042482062181526316, 
        "confer proceed": -0.4104797121797781, 
        "train sampl": 0.10461049419919288, 
        "improv accuraci": 0.02424456889120497, 
        "maximum likelihood": 0.21732932012736872, 
        "paper present": 0.020345302495047686, 
        "gene express": -0.03648036892761529, 
        "search engin": -0.15292225985885646, 
        "experiment result": 0.058825329801178404, 
        "mobil devic": -0.11232918678432108, 
        "web servic": -0.252596547300585, 
        "face recognit": -0.0011238777261364397, 
        "non neg": 0.09759321441652909, 
        "train set": 0.0654268228570592, 
        "fuzzi logic": 0.01900113628143413, 
        "machin elm": 0.0778338526088625, 
        "ad hoc": 0.08436302310692449, 
        "particl swarm": -0.07534474836121283, 
        "effect propos": 0.047652984560903625, 
        "real time": 0.039528122866571716, 
        "n gram": -0.07962735627940924, 
        "vector machin": 0.04729304141904807, 
        "mean squar": 0.3305548374283947, 
        "posit neg": -0.08208484334153579, 
        "power plant": -0.0035811353566362813, 
        "supervis learn": 0.030232097458668547, 
        "upper bound": 0.2654380867622323, 
        "k mean": 0.045525206363329136, 
        "hidden layer": 0.08615329876121403, 
        "support vector": 0.06161365708638744, 
        "decis tree": -0.056240199592442086, 
        "k nearest": 0.07990540973838495, 
        "state art": 0.11053236114765394, 
        "fault diagnosi": 0.020051262076183036, 
        "set theori": -0.18741287987195326, 
        "kalman filter": 0.18750162866302975, 
        "wide use": 0.039870045832739814, 
        "high level": 0.011161131123292548, 
        "inequ lmi": -0.02903620380296018, 
        "paper propos": 0.01928503374257539, 
        "data mine": -0.17191835644487763, 
        "back propag": 0.049557294191622955, 
        "ls svm": 0.06960057888783301, 
        "larg number": 0.046012136072710125, 
        "show propos": 0.08260950185392757, 
        "larg amount": -0.04002460432037616, 
        "web page": -0.2540403603888818, 
        "suffici condit": -0.11654921218138699, 
        "section titl": -0.49661208675609386, 
        "markov model": 0.057023506989452764, 
        "network ann": 0.06444548058759864, 
        "co occurr": -0.08864546167391474, 
        "amino acid": -0.10054347524605964, 
        "control system": 0.00188189422619626, 
        "learn algorithm": 0.014991631791424926, 
        "precis recal": -0.016075441371739375, 
        "close loop": 0.05707848958048898, 
        "extrem learn": 0.0748999583871965, 
        "result demonstr": 0.09647501069439467, 
        "fals posit": 0.03696980484488063, 
        "decis make": -0.07487251484863092, 
        "ant coloni": -0.10798240372497064, 
        "semi supervis": -0.08677997371109701, 
        "time consum": 0.06006288080844478, 
        "genet algorithm": -0.10528515048684302, 
        "present novel": 0.03538567398834667, 
        "social media": -0.22393473691016755, 
        "pre process": 0.04878959975402918, 
        "paper introduc": -0.017726275401476303, 
        "propos method": 0.07744838220903746, 
        "train data": 0.10897171805794319, 
        "spatio tempor": 0.08702500936421251, 
        "h sub": 0.054442794426809445, 
        "result show": 0.04723215454510139, 
        "contain section": -0.49661208675609386, 
        "pid control": -0.03272442498619153, 
        "take account": 0.050972156929810046, 
        "princip compon": 0.07478466141827932, 
        "predict accuraci": 0.04687159297980228, 
        "associ rule": -0.27593750756342506, 
        "breast cancer": -0.005813486900521436, 
        "knowledg discoveri": -0.12212028946276805, 
        "prior knowledg": 0.11126499747076696, 
        "ground truth": 0.13074109959216365, 
        "featur vector": 0.039159049476509604, 
        "simul result": 0.08470965628720302, 
        "time vari": 0.10388799813286832, 
        "propos algorithm": 0.08366278307011703, 
        "current committe": 0.0, 
        "rule base": -0.13364684443781136, 
        "decis maker": -0.11636843901374917, 
        "new approach": 0.021256335313804112, 
        "sup sup": 0.10455695908772938, 
        "recommend system": -0.06698893131535574, 
        "gaussian mixtur": 0.20057138464386712, 
        "real world": 0.02292538833188279, 
        "wide rang": 0.09196184294163934, 
        "e commerc": -0.05033543604947995, 
        "swarm optim": -0.06665554206529836, 
        "matrix inequ": -0.03319389653740919, 
        "propos new": 0.0071014297901619665, 
        "non stationari": 0.13647256569093508,