{
    "71": {
        "self organ": 0.0690106552046909, 
        "time delay": 0.11482655615254725, 
        "high accuraci": -0.01826533796874824, 
        "new method": 0.06532514560724169, 
        "linear discrimin": 0.07610360687409935, 
        "convolut neural": 0.09068407322397841, 
        "social network": 0.0066300743645607806, 
        "deep learn": 0.13337546166516454, 
        "take advantag": 0.12564930139801442, 
        "anomali detect": -0.03215952041683143, 
        "learn techniqu": -0.07505619327534536, 
        "inform retriev": 0.10610351222055084, 
        "magnet reson": 0.04866549079069913, 
        "remot sens": 0.013003232962631981, 
        "compon analysi": 0.004721606413915125, 
        "previou work": -0.0035027791304331124, 
        "case studi": 0.012527213911330617, 
        "p p": 0.04916749898716101, 
        "big data": -0.05414642197847412, 
        "np hard": 0.17732152586206906, 
        "reinforc learn": -0.14765160469788122, 
        "comput vision": 0.031030462936610173, 
        "experi show": 0.010638749672005812, 
        "least squar": 0.11571775621681203, 
        "data collect": 0.002286284691907407, 
        "fault toler": 0.07648965354246517, 
        "short term": 0.0205046021924293, 
        "featur select": 0.09307028337110494, 
        "fold cross": 0.11935950538835972, 
        "similar measur": 0.05624945983587226, 
        "propos novel": 0.024366826103318917, 
        "analysi pca": 0.047245073607771755, 
        "present new": 0.11700199686011749, 
        "classif accuraci": 0.002907751858272809, 
        "e g": -0.026281472032617274, 
        "kernel function": 0.10998113571792395, 
        "sub sub": 0.2684085134431041, 
        "bayesian network": 0.04595927432721168, 
        "paper describ": -0.03621279863983765, 
        "fals alarm": -0.02309642593276485, 
        "result obtain": 0.020788919364548165, 
        "good perform": 0.02359200931905557, 
        "commonli use": 0.2502645260056608, 
        "petri net": 0.07446369310930431, 
        "method base": 0.043811926939249644, 
        "hidden node": 0.22355612506894906, 
        "licens plate": 0.08156204084480288, 
        "learn method": 0.01748168058467321, 
        "import role": 0.02795101573081593, 
        "black box": 0.07705384703758161, 
        "basi function": 0.04383726627872279, 
        "facial express": 0.08376973318220067, 
        "propos approach": 0.06340341943468283, 
        "gradient descent": 0.2462754984602771, 
        "proceed record": 0.0, 
        "real life": -0.0016326941006261008, 
        "result indic": 0.03736895925122298, 
        "chapter contain": -0.024063151578059855, 
        "improv perform": 0.07142112114178975, 
        "low level": 0.03357664336306117, 
        "comput complex": 0.09055591710057606, 
        "experi result": -0.07125968719493285, 
        "recent year": -0.030264433210342848, 
        "sentiment analysi": -0.0620166011397044, 
        "learn approach": -0.016776769116942977, 
        "mont carlo": 0.18939546700231724, 
        "naiv bay": -0.024276627693490975, 
        "cluster algorithm": -0.11003248586150097, 
        "suppli chain": 0.11522294543432049, 
        "intuitionist fuzzi": 0.13628959333262278, 
        "mobil robot": 0.09542354911046898, 
        "demonstr effect": 0.09309099030366079, 
        "confer proceed": -0.2577951827245118, 
        "train sampl": 0.06593795405398165, 
        "improv accuraci": 0.10527987740570346, 
        "maximum likelihood": 0.11500554292481725, 
        "paper present": -0.11020053518538743, 
        "gene express": 0.1547664336824249, 
        "search engin": 0.06183397866870087, 
        "experiment result": -0.05133447563666437, 
        "mobil devic": 0.00759344174461045, 
        "web servic": 0.03173241136099124, 
        "face recognit": -0.009549638009171791, 
        "non neg": 0.12841444452864562, 
        "train set": 0.06750895217098322, 
        "fuzzi logic": -0.011609841893236493, 
        "machin elm": 0.08892918137108925, 
        "ad hoc": 0.06396235933175044, 
        "particl swarm": 0.261389681085012, 
        "effect propos": 0.17109494176469298, 
        "real time": -0.028017346588271954, 
        "n gram": 0.08249691051014663, 
        "vector machin": 0.0039465103983726095, 
        "mean squar": 0.07657673659967007, 
        "posit neg": 0.024563017348706168, 
        "power plant": 0.0401826041743238, 
        "supervis learn": -0.041125414782543314, 
        "upper bound": 0.23669619355690083, 
        "k mean": 0.041123654860527825, 
        "hidden layer": 0.06263857959215129, 
        "support vector": 0.006476621562690769, 
        "decis tree": -0.029072162362018966, 
        "k nearest": -0.02538915292991037, 
        "state art": -0.004095456769178922, 
        "fault diagnosi": 0.010387705495965672, 
        "set theori": -0.05844750673153104, 
        "kalman filter": 0.175919528781797, 
        "wide use": 0.03809932776455174, 
        "high level": 0.06085535679296768, 
        "inequ lmi": 0.25888068817192256, 
        "paper propos": -0.04844439577938806, 
        "data mine": -0.012690200029311899, 
        "back propag": 0.03950376559124827, 
        "ls svm": 0.19682695411514806, 
        "larg number": 0.05962965714487743, 
        "show propos": 0.024587848210168198, 
        "larg amount": -0.04641701482437505, 
        "web page": 0.0676923572270523, 
        "suffici condit": 0.14270069265346777, 
        "section titl": -0.02689059386650839, 
        "markov model": 0.07115214377023431, 
        "network ann": 0.13776938207074418, 
        "co occurr": 0.07618294361998185, 
        "amino acid": 0.3069929180146822, 
        "control system": 0.025659768664675883, 
        "learn algorithm": -0.1903185242144059, 
        "precis recal": 0.11505738997703042, 
        "close loop": 0.1488180510313532, 
        "extrem learn": 0.029606259108064303, 
        "result demonstr": 0.07946006650246434, 
        "fals posit": 0.0403057480843738, 
        "decis make": -0.04265678882941671, 
        "ant coloni": 0.25100202611045125, 
        "semi supervis": 0.12609109910398847, 
        "time consum": 0.1515860826077341, 
        "genet algorithm": -0.008436008079859978, 
        "present novel": -0.0008553267592504299, 
        "social media": -0.019039943028989925, 
        "pre process": -0.01326116042569083, 
        "paper introduc": -0.03634539833921829, 
        "propos method": 0.05065855235104698, 
        "train data": -0.059073708709473954, 
        "spatio tempor": 0.011102478644882589, 
        "h sub": 0.2546190548752446, 
        "result show": -0.0019315341437669753, 
        "contain section": -0.02689059386650839, 
        "pid control": 0.06255208263919322, 
        "take account": -0.054715870149170585, 
        "princip compon": 0.03396546928001473, 
        "predict accuraci": 0.03312665222686518, 
        "associ rule": 0.038195084478860934, 
        "breast cancer": 0.06656984970456774, 
        "knowledg discoveri": 0.05638025564968377, 
        "prior knowledg": 0.09092780874396326, 
        "ground truth": 0.00900719976457954, 
        "featur vector": 0.04775139964199492, 
        "simul result": -0.027064836273498573, 
        "time vari": 0.1480998003796376, 
        "propos algorithm": 0.045775285689506076, 
        "current committe": 0.0, 
        "rule base": 0.0733770495543426, 
        "decis maker": 0.11211175609801224, 
        "new approach": 0.10271428451277728, 
        "sup sup": 0.1587051483150244, 
        "recommend system": 0.14291143452248878, 
        "gaussian mixtur": 0.02286718962760939, 
        "real world": 0.03780393039281946, 
        "wide rang": 0.094619745201967, 
        "e commerc": 0.08176793703730868, 
        "swarm optim": 0.2603882809097866, 
        "matrix inequ": 0.25509053142151783, 
        "propos new": 0.07594428165620065, 
        "non stationari": 0.04074226008825039,