{
    "72": {
        "self organ": 0.05537957776873532, 
        "time delay": -0.05202878542785504, 
        "high accuraci": -0.010686905179678638, 
        "new method": -0.09619558880276607, 
        "linear discrimin": 0.1072373084149178, 
        "convolut neural": 0.07237700063171162, 
        "social network": 0.3394961342794849, 
        "deep learn": 0.09854540350377511, 
        "take advantag": 0.132203094194076, 
        "anomali detect": 0.26604676442894915, 
        "learn techniqu": 0.1245788160716021, 
        "inform retriev": -0.109504232019078, 
        "magnet reson": 0.0774088251874077, 
        "remot sens": 0.11280377314540659, 
        "compon analysi": -0.018105692231747638, 
        "previou work": 0.008054597540077292, 
        "case studi": 0.16599741640286178, 
        "p p": 0.03847497518047202, 
        "big data": 0.16569028479131462, 
        "np hard": -0.02280959816635909, 
        "reinforc learn": -0.09213751529635718, 
        "comput vision": -0.024131450418622042, 
        "experi show": 0.012410427541100156, 
        "least squar": -0.0709446592376033, 
        "data collect": 0.2731073575983286, 
        "fault toler": 0.06049970997408337, 
        "short term": 0.18131121905886896, 
        "featur select": 0.03523087298457873, 
        "fold cross": 0.13551763677349374, 
        "similar measur": -0.03983248621586811, 
        "propos novel": -0.031693645178470155, 
        "analysi pca": -0.08753891723960994, 
        "present new": -0.07275700317987578, 
        "classif accuraci": 0.005269872076804768, 
        "e g": 0.14191986888039052, 
        "kernel function": -0.0832467839948106, 
        "sub sub": -0.09139316944671041, 
        "bayesian network": -0.01466185153900019, 
        "paper describ": 0.03862045077881476, 
        "fals alarm": 0.23050833228168766, 
        "result obtain": 0.015948640867623785, 
        "good perform": -0.07369027131588383, 
        "commonli use": -0.005810090293188788, 
        "petri net": 0.2330389551234044, 
        "method base": -0.11825837189230226, 
        "hidden node": 0.04391836353144996, 
        "licens plate": -0.007558055465928985, 
        "learn method": -0.024137546830889017, 
        "import role": -0.04806050208428533, 
        "black box": 0.18992500611582303, 
        "basi function": -0.03809960505190961, 
        "facial express": -0.03842119708998364, 
        "propos approach": -0.026978210630918757, 
        "gradient descent": -0.011505024326808241, 
        "proceed record": 0.23364638321112624, 
        "real life": 0.17128239937782372, 
        "result indic": 0.06540874470811127, 
        "chapter contain": -0.2458336165801834, 
        "improv perform": -0.11223050054498616, 
        "low level": 0.08383480175638575, 
        "comput complex": -0.11349168763395637, 
        "experi result": -0.02930736643436877, 
        "recent year": -0.02439516951447511, 
        "sentiment analysi": 0.30805867445015556, 
        "learn approach": 0.06441175590417408, 
        "mont carlo": 0.02005812337273448, 
        "naiv bay": 0.18513578201192638, 
        "cluster algorithm": 0.019804570298847125, 
        "suppli chain": 0.018486367753616867, 
        "intuitionist fuzzi": -0.08877895318558503, 
        "mobil robot": 0.0006401159557343796, 
        "demonstr effect": -0.1333873627560293, 
        "confer proceed": 0.1742152819167048, 
        "train sampl": 0.011435467142455306, 
        "improv accuraci": 0.1005359298191562, 
        "maximum likelihood": 0.02756122360277931, 
        "paper present": 0.008559693727813794, 
        "gene express": 0.04677056438941091, 
        "search engin": 0.0765148959423798, 
        "experiment result": -0.09698913915481935, 
        "mobil devic": 0.21679444962410863, 
        "web servic": 0.09689224447372091, 
        "face recognit": -0.16822173196111223, 
        "non neg": 0.0475990651228195, 
        "train set": 0.04069286773490923, 
        "fuzzi logic": -0.055902566149795024, 
        "machin elm": 0.010430054587212667, 
        "ad hoc": 0.1794636251985138, 
        "particl swarm": -0.04183941877197082, 
        "effect propos": -0.1418224471017078, 
        "real time": 0.1850117706107432, 
        "n gram": 0.12756913833454983, 
        "vector machin": 0.03788711256546362, 
        "mean squar": -0.16440028877526264, 
        "posit neg": 0.21957585690555315, 
        "power plant": 0.06107553753955979, 
        "supervis learn": 0.0435568543259405, 
        "upper bound": 0.010240589992566359, 
        "k mean": 0.029670883409863173, 
        "hidden layer": 0.013750445475189698, 
        "support vector": 0.04588221075868463, 
        "decis tree": 0.08865003005154566, 
        "k nearest": 0.032760693961413165, 
        "state art": -0.04397105363862306, 
        "fault diagnosi": -0.00914373592202994, 
        "set theori": -0.1016509316729696, 
        "kalman filter": -0.04807944072451646, 
        "wide use": 0.03281851233818133, 
        "high level": 0.11471935729883813, 
        "inequ lmi": -0.020247835219427714, 
        "paper propos": 0.0037993161165351236, 
        "data mine": 0.09830004329059756, 
        "back propag": 0.0018667392688427736, 
        "ls svm": 0.06031522307045974, 
        "larg number": -0.013129542480281845, 
        "show propos": -0.09870793522309383, 
        "larg amount": 0.1955285652463989, 
        "web page": 0.026739268090500437, 
        "suffici condit": -0.16433233908369632, 
        "section titl": -0.2474704059193093, 
        "markov model": 0.09337826812121935, 
        "network ann": -0.1482330094056117, 
        "co occurr": -0.007317610378221115, 
        "amino acid": 0.06574716914235668, 
        "control system": -0.1190731858683033, 
        "learn algorithm": 0.08853661349323208, 
        "precis recal": 0.0387848963001327, 
        "close loop": -0.23022067014180445, 
        "extrem learn": -0.02703749336538011, 
        "result demonstr": -0.022995085848795897, 
        "fals posit": 0.2011939602486601, 
        "decis make": 0.03155579658020414, 
        "ant coloni": -0.013549373232634348, 
        "semi supervis": 0.08472222124651921, 
        "time consum": 0.130111909129303, 
        "genet algorithm": -0.20298905972947887, 
        "present novel": -0.1084632927691063, 
        "social media": 0.36009313648545926, 
        "pre process": 0.06454835547512303, 
        "paper introduc": -0.006248845589401437, 
        "propos method": -0.05431564690456735, 
        "train data": 0.007361371517206996, 
        "spatio tempor": 0.21972294133041456, 
        "h sub": -0.04016312921316303, 
        "result show": -0.03237079844060963, 
        "contain section": -0.2474704059193093, 
        "pid control": -0.17722731892858742, 
        "take account": 0.05008005216061895, 
        "princip compon": -0.12273101878024774, 
        "predict accuraci": 0.18442688514273514, 
        "associ rule": -0.06265416970063145, 
        "breast cancer": -0.03580331900483409, 
        "knowledg discoveri": 0.1268458052233512, 
        "prior knowledg": -0.00013001926089419372, 
        "ground truth": 0.24966425592192817, 
        "featur vector": -0.05002947849102235, 
        "simul result": -0.2152541278403647, 
        "time vari": -0.026886147536120595, 
        "propos algorithm": -0.11912481138991206, 
        "current committe": 0.012535090981516022, 
        "rule base": 0.10574928576742416, 
        "decis maker": 0.11640723331970167, 
        "new approach": -0.06263979786413268, 
        "sup sup": 0.14059517036143554, 
        "recommend system": 0.07390081668302301, 
        "gaussian mixtur": 0.0480000771685339, 
        "real world": 0.048046662771843864, 
        "wide rang": 0.15159663186292485, 
        "e commerc": 0.005291476059649748, 
        "swarm optim": -0.05125156715521193, 
        "matrix inequ": -0.1131401834199254, 
        "propos new": -0.03345072927499384,