{
    "73": {
        "self organ": 0.0829938006271884, 
        "time delay": 0.029902302517835013, 
        "high accuraci": 0.11423620141534091, 
        "new method": -0.013445564045646102, 
        "linear discrimin": 0.0001302286129672383, 
        "convolut neural": -0.002544563494335543, 
        "social network": -0.2448423038165306, 
        "deep learn": 0.12359860734424633, 
        "take advantag": 0.025743325925702328, 
        "anomali detect": -0.010305612528889382, 
        "learn techniqu": 0.07774551011221997, 
        "inform retriev": -0.25546425496256453, 
        "magnet reson": 0.01316897977946838, 
        "remot sens": 0.08519790164418067, 
        "compon analysi": -0.022691873592273096, 
        "previou work": -0.06254959765744222, 
        "case studi": 0.29069086157284524, 
        "p p": 0.08028691313463826, 
        "big data": 0.09705821557086147, 
        "np hard": 0.005709208053763249, 
        "reinforc learn": -0.03765613336388812, 
        "comput vision": -0.08614006603756183, 
        "experi show": -0.14944069476239633, 
        "least squar": 0.08898804519338542, 
        "data collect": 0.15740742579574515, 
        "fault toler": 0.15967673618620493, 
        "short term": 0.7976655541338762, 
        "featur select": -0.03402974019536396, 
        "fold cross": 0.09259864514546132, 
        "similar measur": -0.21213211165714546, 
        "propos novel": -0.05302010406222911, 
        "analysi pca": 0.12328126936594416, 
        "present new": -0.09342914524736674, 
        "classif accuraci": -0.17115430492140277, 
        "e g": 0.11620248449879508, 
        "kernel function": 0.09815658961696502, 
        "sub sub": -0.02587544292064311, 
        "bayesian network": -0.13456617174228921, 
        "paper describ": 0.04488343285955064, 
        "fals alarm": 0.04207130775430288, 
        "result obtain": -0.027988128779042918, 
        "good perform": -0.047253810843773704, 
        "commonli use": 0.008990373201963775, 
        "petri net": 0.010175807646018999, 
        "method base": 0.015922798560888886, 
        "hidden node": 0.023850501930203993, 
        "licens plate": -0.023388705556593024, 
        "learn method": -0.02449200655584401, 
        "import role": -0.12040608442360118, 
        "black box": 0.11320628586880403, 
        "basi function": 0.10066329768178714, 
        "facial express": -0.07969855434778025, 
        "propos approach": 0.04531573160756313, 
        "gradient descent": -0.07269208180734184, 
        "proceed record": 0.0, 
        "real life": 0.1144311247020672, 
        "result indic": 0.040334921187596795, 
        "chapter contain": -0.3045907021524223, 
        "improv perform": -0.11254269258196277, 
        "low level": -0.12440141955451321, 
        "comput complex": 0.022096535044791536, 
        "experi result": 0.019910084582256765, 
        "recent year": 0.11784243618234266, 
        "sentiment analysi": -0.07691214127660917, 
        "learn approach": 0.1038707885676433, 
        "mont carlo": 0.05727759912480934, 
        "naiv bay": -0.12133457810523589, 
        "cluster algorithm": -0.09237795306188175, 
        "suppli chain": -0.07755179373366958, 
        "intuitionist fuzzi": -0.06446952498438581, 
        "mobil robot": -0.08709285885976221, 
        "demonstr effect": -0.00732837557775195, 
        "confer proceed": -0.28357414790237334, 
        "train sampl": -0.05867046841045365, 
        "improv accuraci": 0.033074926456107, 
        "maximum likelihood": 0.038921067246787254, 
        "paper present": 0.05382290963394957, 
        "gene express": -0.01523768087567684, 
        "search engin": -0.0956296672609312, 
        "experiment result": -0.07717598080922397, 
        "mobil devic": 0.13817631961723187, 
        "web servic": 0.04618960117042582, 
        "face recognit": -0.2427541369676922, 
        "non neg": -0.08138590118956132, 
        "train set": -0.09633884055029512, 
        "fuzzi logic": -0.05115074908877744, 
        "machin elm": 0.2210918601178323, 
        "ad hoc": 0.18344476604377616, 
        "particl swarm": 0.09286302821166219, 
        "effect propos": -0.01702766110199577, 
        "real time": 0.19621210162413835, 
        "n gram": -0.061358456626173404, 
        "vector machin": 0.07516112666792162, 
        "mean squar": 0.25042324455380266, 
        "posit neg": -0.12052627456265305, 
        "power plant": 0.630550614733104, 
        "supervis learn": -0.18083131213636713, 
        "upper bound": -0.030954644288691945, 
        "k mean": -0.022868116102709873, 
        "hidden layer": 0.10301073444973988, 
        "support vector": 0.13298450114455163, 
        "decis tree": 0.033531723542579606, 
        "k nearest": 0.04543885803862285, 
        "state art": -0.01889824615221584, 
        "fault diagnosi": 0.061328769052682065, 
        "set theori": -0.1389503321014319, 
        "kalman filter": 0.02951087614257094, 
        "wide use": 0.019576107967531425, 
        "high level": -0.06084705271675807, 
        "inequ lmi": -0.03194219539064001, 
        "paper propos": 0.02581872175049521, 
        "data mine": -0.08710371012552823, 
        "back propag": 0.21292932533460696, 
        "ls svm": 0.2718579289582678, 
        "larg number": 0.013281041003169484, 
        "show propos": -0.009795129192204367, 
        "larg amount": 0.12320852600737063, 
        "web page": -0.065856965746023, 
        "suffici condit": -0.32471188579192733, 
        "section titl": -0.30649477009111725, 
        "markov model": -0.06656226658130449, 
        "network ann": 0.4930458679847813, 
        "co occurr": 0.029272600281971276, 
        "amino acid": 0.0892821317565701, 
        "control system": 0.04193479425272257, 
        "learn algorithm": 0.06239656650144864, 
        "precis recal": -0.07869940166112348, 
        "close loop": -0.1948964685765364, 
        "extrem learn": 0.26449283099101517, 
        "result demonstr": -0.013553222911467539, 
        "fals posit": -0.019233523299967196, 
        "decis make": 0.1113827537959653, 
        "ant coloni": 0.14068474411337337, 
        "semi supervis": -0.2562738112828853, 
        "time consum": -0.1139432502342465, 
        "genet algorithm": -0.0169745069235773, 
        "present novel": -0.07517768389850868, 
        "social media": -0.22626415261703045, 
        "pre process": 0.01650156154773219, 
        "paper introduc": -0.009634934245129541, 
        "propos method": -0.03556339672003434, 
        "train data": -0.04337020919874412, 
        "spatio tempor": 0.1667156623771294, 
        "h sub": -0.13423540996324684, 
        "result show": 0.07497727241002534, 
        "contain section": -0.30649477009111725, 
        "pid control": -0.01861645902842688, 
        "take account": 0.17221693865647178, 
        "princip compon": 0.035030573976133766, 
        "predict accuraci": 0.19098769181300543, 
        "associ rule": -0.3048959071371664, 
        "breast cancer": -0.09613178590323787, 
        "knowledg discoveri": -0.024553586682376203, 
        "prior knowledg": 0.033888118703319134, 
        "ground truth": 0.01771160542893104, 
        "featur vector": -0.07718585918737421, 
        "simul result": 0.1309449437997739, 
        "time vari": -0.058687094364710514, 
        "propos algorithm": -0.13308200664663644, 
        "current committe": 0.0, 
        "rule base": -0.07166956523413953, 
        "decis maker": 0.10822806193393296, 
        "new approach": -0.03969383464605215, 
        "sup sup": 0.004884561873196905, 
        "recommend system": -0.08769065546032773, 
        "gaussian mixtur": 0.020948950821431677, 
        "real world": -0.0467411865737643, 
        "wide rang": -0.016533489475170072, 
        "e commerc": -0.024282041570113388, 
        "swarm optim": 0.08222163397214631, 
        "matrix inequ": -0.15192480658856836, 
        "propos new": -0.14174541799965382, 
        "non stationari": 0.17726856738892455,