{
    "74": {
        "self organ": -0.038031928189545046, 
        "time delay": -0.10366703790402682, 
        "high accuraci": 0.030429435658424004, 
        "new method": -0.18411339549278843, 
        "linear discrimin": -0.10619100370650814, 
        "convolut neural": -0.025093000316623933, 
        "social network": 0.15126428691495616, 
        "deep learn": 0.03222401754524631, 
        "take advantag": -0.00440748944236351, 
        "anomali detect": 0.04997851775012953, 
        "learn techniqu": 0.06406116085040715, 
        "inform retriev": -0.07328535904487606, 
        "magnet reson": -0.0039866727731291685, 
        "remot sens": -0.030231352554831014, 
        "compon analysi": -0.14373295801760536, 
        "previou work": 0.05345477194406418, 
        "case studi": 0.027164382046951024, 
        "p p": -0.0061663173883080525, 
        "big data": 0.19631232965272788, 
        "np hard": -0.06797760812235826, 
        "reinforc learn": 0.0053033428823116395, 
        "comput vision": -0.06441956741036566, 
        "experi show": -0.14116641565948496, 
        "least squar": -0.08791854179805239, 
        "data collect": 0.10995293819151371, 
        "fault toler": 0.2364412077519483, 
        "short term": -0.021413844391918912, 
        "featur select": -0.1324709874950136, 
        "fold cross": 0.03641964101402092, 
        "similar measur": -0.12116317119890027, 
        "propos novel": -0.029833961627214637, 
        "analysi pca": -0.06289518826228817, 
        "present new": -0.20391678258576246, 
        "classif accuraci": -0.10916766500655445, 
        "e g": 0.1549707610119267, 
        "kernel function": -0.07426219776432434, 
        "sub sub": 0.07734348515838171, 
        "bayesian network": 0.0059118370539006405, 
        "paper describ": 0.05672651277219901, 
        "fals alarm": 0.059707132858107345, 
        "result obtain": -0.07313859171450031, 
        "good perform": -0.07073788523012636, 
        "commonli use": -0.18250191960585588, 
        "petri net": 0.30767582304221125, 
        "method base": -0.2090950067441735, 
        "hidden node": -0.03762769126389194, 
        "licens plate": 0.18732076866983682, 
        "learn method": -0.15838276431941456, 
        "import role": -0.10213680379253076, 
        "black box": 0.17869148875153662, 
        "basi function": -0.09397513521179274, 
        "facial express": 0.005508990009550807, 
        "propos approach": -0.06053222620375676, 
        "gradient descent": -0.01067228741052896, 
        "proceed record": 0.3054182622630067, 
        "real life": 0.0971308155466337, 
        "result indic": 0.018200950085133356, 
        "chapter contain": -0.153891958087202, 
        "improv perform": -0.1026912429961, 
        "low level": 0.11610317977512302, 
        "comput complex": -0.14253079654778172, 
        "experi result": -0.22292625388262116, 
        "recent year": -0.0026704987474305414, 
        "sentiment analysi": 0.07728465074581455, 
        "learn approach": -0.008391862767090108, 
        "mont carlo": -0.0798495606014252, 
        "naiv bay": -0.09213893497904428, 
        "cluster algorithm": -0.07288944922743826, 
        "suppli chain": 0.2646945466664445, 
        "intuitionist fuzzi": 0.06066675367200064, 
        "mobil robot": 0.08707989879091911, 
        "demonstr effect": -0.11753349948877567, 
        "confer proceed": 0.17021652610820082, 
        "train sampl": -0.034568288241575464, 
        "improv accuraci": -0.0883421711202555, 
        "maximum likelihood": -0.0346254747313095, 
        "paper present": -0.032107374482270586, 
        "gene express": -0.11558086011418714, 
        "search engin": 0.14292635425490852, 
        "experiment result": -0.30264577454215025, 
        "mobil devic": 0.3195298715586516, 
        "web servic": 0.28331717886509167, 
        "face recognit": -0.13864683325956198, 
        "non neg": -0.09180569344879781, 
        "train set": -0.03693399613866317, 
        "fuzzi logic": -0.058200953053976254, 
        "machin elm": -0.1960722928866961, 
        "ad hoc": 0.072412426017812, 
        "particl swarm": -0.16409277183963525, 
        "effect propos": -0.12219385838672045, 
        "real time": 0.05153836418402312, 
        "n gram": 0.19799035433775442, 
        "vector machin": -0.15335177416782927, 
        "mean squar": -0.16424270850349346, 
        "posit neg": 0.11082635702616674, 
        "power plant": 0.04805032635520645, 
        "supervis learn": -0.11795741282681677, 
        "upper bound": 0.032548024943077083, 
        "k mean": -0.1187834540755433, 
        "hidden layer": -0.102254885564893, 
        "support vector": -0.15368863539064137, 
        "decis tree": -0.03046764526745093, 
        "k nearest": -0.1955740074326428, 
        "state art": -0.062232177687121665, 
        "fault diagnosi": -0.04938959374175523, 
        "set theori": -0.08495720301601051, 
        "kalman filter": 0.024417800070787164, 
        "wide use": -0.149255042381872, 
        "high level": 0.14120201946168345, 
        "inequ lmi": 0.08819599866311414, 
        "paper propos": -0.1207539499735368, 
        "data mine": -0.008198388515062093, 
        "back propag": -0.04981130376737495, 
        "ls svm": 0.013681016006585289, 
        "larg number": -0.02896122043238824, 
        "show propos": -0.2691501127366474, 
        "larg amount": 0.09055711365512982, 
        "web page": 0.20820445498630036, 
        "suffici condit": 0.02813646596198347, 
        "section titl": -0.15550566547975037, 
        "markov model": -0.09995571766909961, 
        "network ann": -0.10703059895194968, 
        "co occurr": 0.04301738926838382, 
        "amino acid": 0.22276705849353062, 
        "control system": -0.10316808023149088, 
        "learn algorithm": -0.03715379194566805, 
        "precis recal": 0.0741621202786385, 
        "close loop": 0.040753538496847715, 
        "extrem learn": -0.22341951443016153, 
        "result demonstr": -0.11738347160319974, 
        "fals posit": 0.1484897935771943, 
        "decis make": 0.23479317172028202, 
        "ant coloni": 0.026660539105257397, 
        "semi supervis": -0.12306834947243733, 
        "time consum": 0.10560858572704752, 
        "genet algorithm": -0.0947893184066384, 
        "present novel": -0.015883369280804117, 
        "social media": 0.010096905346694239, 
        "pre process": -0.0765504139437586, 
        "paper introduc": -0.08005016970322229, 
        "propos method": -0.2934678023027208, 
        "train data": -0.13703863499515567, 
        "spatio tempor": 0.15327831460652774, 
        "h sub": 0.08252352712934066, 
        "result show": -0.16891518792895946, 
        "contain section": -0.15550566547975037, 
        "pid control": -0.05050650442544481, 
        "take account": 0.07173027504997354, 
        "princip compon": -0.08840544760482304, 
        "predict accuraci": 0.06358839898940506, 
        "associ rule": -0.0749643775086324, 
        "breast cancer": -0.042923926136079524, 
        "knowledg discoveri": 0.21289516703530992, 
        "prior knowledg": -0.029650773169233282, 
        "ground truth": 0.1267792190531688, 
        "featur vector": -0.043982277421003316, 
        "simul result": -0.2118055692668535, 
        "time vari": 0.04942334960009892, 
        "propos algorithm": -0.2901898143331774, 
        "current committe": 0.0, 
        "rule base": -0.07119675528207291, 
        "decis maker": 0.21092537415672213, 
        "new approach": -0.010208779060193513, 
        "sup sup": -0.015718810443998633, 
        "recommend system": 0.03900232822629905, 
        "gaussian mixtur": 0.0008938300672593712, 
        "real world": 0.05032001833959836, 
        "wide rang": 0.08685181134276916, 
        "e commerc": 0.28562841650244747, 
        "swarm optim": -0.17208873673300115, 
        "matrix inequ": 0.054267157101900644, 
        "propos new": -0.08270582539985824,