{
    "75": {
        "self organ": 0.022320442951018656, 
        "time delay": -0.20151200752619708, 
        "high accuraci": 0.07568664016824264, 
        "new method": -0.14317955769714732, 
        "linear discrimin": -0.002515782284733436, 
        "convolut neural": 0.07211340563188502, 
        "social network": 0.11280333950498206, 
        "deep learn": 0.11212769228620341, 
        "take advantag": -0.06329140225116513, 
        "anomali detect": 0.19866173441622967, 
        "learn techniqu": 0.12999597158759965, 
        "inform retriev": 0.04503182811896621, 
        "magnet reson": -0.04890134725308281, 
        "remot sens": 0.01378254299564665, 
        "compon analysi": -0.14450943701364705, 
        "previou work": 0.052429100083075844, 
        "case studi": 0.11310235731516373, 
        "p p": 0.2521619958264818, 
        "big data": 0.17898209169228776, 
        "np hard": -0.023573940006423783, 
        "reinforc learn": 0.229287931452212, 
        "comput vision": 0.01468297263296329, 
        "experi show": 0.0009988887409507932, 
        "least squar": -0.17951548039000742, 
        "data collect": 0.20231848023843352, 
        "fault toler": 0.031111684083377403, 
        "short term": 0.016389347810108035, 
        "featur select": 0.0524737379392896, 
        "fold cross": 0.00023309629519823903, 
        "similar measur": -0.1139754898585704, 
        "propos novel": 0.008490283791452193, 
        "analysi pca": 0.010034447717543703, 
        "present new": -0.01876912905649965, 
        "classif accuraci": -0.004171212823345122, 
        "e g": 0.16353028214212056, 
        "kernel function": -0.05215479714001587, 
        "sub sub": -0.17854059512683146, 
        "bayesian network": 0.08942212875410577, 
        "paper describ": 0.15164243738199662, 
        "fals alarm": 0.047726471079960295, 
        "result obtain": 0.017273604918979484, 
        "good perform": -0.0006900308871813695, 
        "commonli use": 0.08033810987865996, 
        "petri net": 0.023446590403684534, 
        "method base": -0.1253648373132444, 
        "hidden node": 0.0533175529336814, 
        "licens plate": -0.03582006470623481, 
        "learn method": 0.09249367716758773, 
        "import role": -0.05255990864744709, 
        "black box": 0.10705905565317086, 
        "basi function": -0.12458444753749542, 
        "facial express": 0.08481719350958022, 
        "propos approach": -0.012137930541653043, 
        "gradient descent": 0.0643148211402593, 
        "proceed record": 0.0, 
        "real life": 0.24470422915184176, 
        "result indic": -0.013131357698378632, 
        "chapter contain": -0.29523206155799614, 
        "improv perform": 0.017280842640155766, 
        "low level": 0.060449263461920644, 
        "comput complex": -0.03578028551001871, 
        "experi result": -0.05924624049041665, 
        "recent year": 0.08340104122864181, 
        "sentiment analysi": 0.13605118078686745, 
        "learn approach": 0.13798344423448786, 
        "mont carlo": -0.04161423308227508, 
        "naiv bay": 0.12899849348145206, 
        "cluster algorithm": -0.047649047965728726, 
        "suppli chain": -0.1005248385879455, 
        "intuitionist fuzzi": -0.05250827946741771, 
        "mobil robot": 0.08870456661218708, 
        "demonstr effect": -0.0017702805296522257, 
        "confer proceed": -0.44796865081565973, 
        "train sampl": -0.02610800642642052, 
        "improv accuraci": 0.007121828695969007, 
        "maximum likelihood": -0.04663772399243192, 
        "paper present": 0.0405443730150207, 
        "gene express": -0.017673852443145784, 
        "search engin": 0.10655147894536973, 
        "experiment result": -0.056697113606441064, 
        "mobil devic": 0.18442737841942886, 
        "web servic": 0.027297667412996003, 
        "face recognit": -0.18865720515480325, 
        "non neg": -0.0935896920549784, 
        "train set": -0.022886566803089158, 
        "fuzzi logic": -0.03529562374763006, 
        "machin elm": -0.04742773051793701, 
        "ad hoc": 0.04806683428765661, 
        "particl swarm": -0.20488380545118257, 
        "effect propos": -0.07391723397140532, 
        "real time": 0.015877609592211985, 
        "n gram": 0.08907647697291483, 
        "vector machin": -0.01347206954667491, 
        "mean squar": -0.10350915515419296, 
        "posit neg": 0.13179316610594063, 
        "power plant": -0.07563258672789543, 
        "supervis learn": 0.1254107282875192, 
        "upper bound": 0.02528057078930357, 
        "k mean": 0.03197245892800383, 
        "hidden layer": -0.031897412397644605, 
        "support vector": -0.04301367705122948, 
        "decis tree": 0.06985430072926957, 
        "k nearest": 0.03821789252051058, 
        "state art": 0.01203808101733913, 
        "fault diagnosi": -0.07672556845494617, 
        "set theori": -0.1266152554974753, 
        "kalman filter": -0.06872156891977829, 
        "wide use": -0.004304381026497904, 
        "high level": 0.18407474094195878, 
        "inequ lmi": -0.02480902305363739, 
        "paper propos": 0.028037504764429278, 
        "data mine": 0.21521340837042807, 
        "back propag": -0.04138607263801174, 
        "ls svm": -0.04882409792339052, 
        "larg number": 0.08535434930209941, 
        "show propos": -0.05794903680264664, 
        "larg amount": 0.12694735580627425, 
        "web page": 0.19030448941683573, 
        "suffici condit": -0.3037973091067956, 
        "section titl": -0.29785947432705123, 
        "markov model": 0.11528700174817418, 
        "network ann": -0.016216870129180494, 
        "co occurr": 0.08402622162056586, 
        "amino acid": 0.036060666723061297, 
        "control system": -0.18377481908630078, 
        "learn algorithm": 0.13296707503240296, 
        "precis recal": 0.09993498286711573, 
        "close loop": -0.15308585053826795, 
        "extrem learn": -0.04940186683379917, 
        "result demonstr": -0.03181080473190492, 
        "fals posit": 0.11522342143357628, 
        "decis make": -0.025160003058475697, 
        "ant coloni": -0.09567474784061536, 
        "semi supervis": 0.05734914057093051, 
        "time consum": 0.09153031889623901, 
        "genet algorithm": -0.1785487934113937, 
        "present novel": -0.013676879497575609, 
        "social media": 0.11219351129246127, 
        "pre process": 0.08915724571083025, 
        "paper introduc": 0.004430454912214683, 
        "propos method": -0.09130468106077612, 
        "train data": 0.056015996910281876, 
        "spatio tempor": 0.15724835185882682, 
        "h sub": -0.16954259062033702, 
        "result show": -0.0456302111878555, 
        "contain section": -0.29785947432705123, 
        "pid control": -0.23000450424593408, 
        "take account": 0.08061501788974358, 
        "princip compon": -0.07082513590802231, 
        "predict accuraci": 0.07730762349158299, 
        "associ rule": 0.2118340360100772, 
        "breast cancer": 0.04627217494987015, 
        "knowledg discoveri": 0.10484545485088916, 
        "prior knowledg": 0.04897070494672817, 
        "ground truth": 0.11688135057663203, 
        "featur vector": 0.004649328206912813, 
        "simul result": -0.25566799645013993, 
        "time vari": -0.13622642744853058, 
        "propos algorithm": -0.003046457873511259, 
        "current committe": 0.0, 
        "rule base": 0.16975967906292527, 
        "decis maker": 0.084347401738168, 
        "new approach": 0.0883823225189173, 
        "sup sup": 0.07599368414018526, 
        "recommend system": 0.14246973576162802, 
        "gaussian mixtur": -0.013672860632156055, 
        "real world": 0.06683894893775907, 
        "wide rang": 0.04766785933963292, 
        "e commerc": 0.17614853703854425, 
        "swarm optim": -0.19694346507713106, 
        "matrix inequ": -0.0392940579392586, 
        "propos new": -0.09657081978719177, 
        "non stationari": 0.013810041393461953,