{
    "76": {
        "self organ": 0.15154159513517476, 
        "time delay": -0.012465398569555298, 
        "high accuraci": 0.04222861649233074, 
        "new method": -0.012490806185175597, 
        "linear discrimin": 0.08277110649027547, 
        "convolut neural": 0.04637395600962304, 
        "social network": 0.042898080821976915, 
        "deep learn": 0.11861920139358577, 
        "take advantag": 0.08705925199106941, 
        "anomali detect": 0.13260256685655475, 
        "learn techniqu": 0.05507474786186132, 
        "inform retriev": 0.09410735696701528, 
        "magnet reson": 0.03451815265310603, 
        "remot sens": 0.13618407217071055, 
        "compon analysi": 0.04551232873987239, 
        "previou work": 0.1351271508817236, 
        "case studi": 0.08651883073099201, 
        "p p": 0.19409798783820556, 
        "big data": 0.1346488636698631, 
        "np hard": 0.19202317693395704, 
        "reinforc learn": 0.11235067323286138, 
        "comput vision": 0.022023674110622244, 
        "experi show": -0.12176724631551525, 
        "least squar": 0.02168063411968165, 
        "data collect": 0.19211188061672071, 
        "fault toler": 0.03134211778900857, 
        "short term": 0.018999038459065982, 
        "featur select": -0.03952679094897912, 
        "fold cross": 0.1771374306172191, 
        "similar measur": 0.08732488174794867, 
        "propos novel": 0.05084346416552268, 
        "analysi pca": 0.13632891510183243, 
        "present new": -0.04692321855793103, 
        "classif accuraci": 0.07407544281789684, 
        "e g": 0.1786183928480942, 
        "kernel function": 0.11026729300517092, 
        "sub sub": 0.10573735439542585, 
        "bayesian network": 0.16736621888203712, 
        "paper describ": 0.060682561527925345, 
        "fals alarm": 0.14878741010223356, 
        "result obtain": 0.04213974143208942, 
        "good perform": 0.11177882749581249, 
        "commonli use": 0.11935102018838918, 
        "petri net": 0.05285701474890049, 
        "method base": -0.1648715923581462, 
        "hidden node": 0.10315682106239082, 
        "licens plate": 0.02914614570948201, 
        "learn method": 0.033083433577305935, 
        "import role": 0.028917614719609016, 
        "black box": 0.09833249780343964, 
        "basi function": 0.05320187992057175, 
        "facial express": 0.08651907339204859, 
        "propos approach": -0.002494629009182079, 
        "gradient descent": 0.07744983983937044, 
        "proceed record": 0.0, 
        "real life": 0.12799938405931374, 
        "result indic": -0.02573528510918777, 
        "chapter contain": -0.11050949780836146, 
        "improv perform": -0.010402008568374465, 
        "low level": 0.09946967454045433, 
        "comput complex": 0.0549341110460614, 
        "experi result": 0.03851563293589613, 
        "recent year": -0.025032827808387566, 
        "sentiment analysi": 0.047958734355329276, 
        "learn approach": 0.04966154465208431, 
        "mont carlo": 0.07460722985373314, 
        "naiv bay": 0.10820606395166818, 
        "cluster algorithm": 0.07833721089498327, 
        "suppli chain": 0.04865782744024295, 
        "intuitionist fuzzi": -0.047292506571531064, 
        "mobil robot": 0.0819081298445741, 
        "demonstr effect": 0.023636432464516677, 
        "confer proceed": -0.1349437671433985, 
        "train sampl": 0.10550598817250265, 
        "improv accuraci": 0.08030645406808595, 
        "maximum likelihood": 0.130287917184164, 
        "paper present": 0.010551180816321394, 
        "gene express": 0.13254949864950955, 
        "search engin": 0.011755873986035337, 
        "experiment result": -0.012063184329748207, 
        "mobil devic": 0.06791957713437892, 
        "web servic": 0.10776531524130119, 
        "face recognit": 0.054305403384634, 
        "non neg": 0.059019975336228055, 
        "train set": 0.015759748126513595, 
        "fuzzi logic": 0.0723845178955657, 
        "machin elm": 0.026750843222442172, 
        "ad hoc": 0.10070620574129582, 
        "particl swarm": 0.10504754036951973, 
        "effect propos": -0.05369627010568859, 
        "real time": 0.05375556878215369, 
        "n gram": 0.034241555422598706, 
        "vector machin": 0.007729797502167259, 
        "mean squar": 0.16156817863329664, 
        "posit neg": 0.07709205013301758, 
        "power plant": -0.01270277313535792, 
        "supervis learn": 0.0680969575609943, 
        "upper bound": 0.1043893023109673, 
        "k mean": 0.22625467719732806, 
        "hidden layer": 0.04549343524442645, 
        "support vector": 0.005306159759907947, 
        "decis tree": -0.011408888945279179, 
        "k nearest": 0.09357646102231029, 
        "state art": -0.020883110468204794, 
        "fault diagnosi": 0.0010074958631507297, 
        "set theori": -0.008911527049664233, 
        "kalman filter": 0.0548220441510498, 
        "wide use": -0.046222034394357625, 
        "high level": 0.09594399717052403, 
        "inequ lmi": -0.01957363756934513, 
        "paper propos": 0.011270305856569475, 
        "data mine": 0.05800599565186813, 
        "back propag": 0.10851488776331454, 
        "ls svm": 0.05185525795767352, 
        "larg number": 0.05683474117256814, 
        "show propos": -0.03617068848670417, 
        "larg amount": 0.09063172705392128, 
        "web page": 0.0770828391670986, 
        "suffici condit": -0.009364129595356133, 
        "section titl": -0.11252138173542607, 
        "markov model": 0.12440364637082198, 
        "network ann": 0.1179105045579658, 
        "co occurr": 0.07422205835803079, 
        "amino acid": 0.15209392385643397, 
        "control system": -0.08476681098442382, 
        "learn algorithm": 0.11447221462141267, 
        "precis recal": 0.0757382210581274, 
        "close loop": -0.006125458608098301, 
        "extrem learn": -0.014592284307670851, 
        "result demonstr": 0.0010334133282034032, 
        "fals posit": 0.10241506772913092, 
        "decis make": 0.03337157751395543, 
        "ant coloni": 0.06877230031925355, 
        "semi supervis": 0.06448991429678061, 
        "time consum": 0.11718181493547494, 
        "genet algorithm": 0.055899027339783657, 
        "present novel": 0.04513754217553056, 
        "social media": 0.045212242161886594, 
        "pre process": 0.0981282233477739, 
        "paper introduc": 0.0300825655074819, 
        "propos method": -0.0455109043380226, 
        "train data": 0.060664376583185804, 
        "spatio tempor": 0.10356441486996001, 
        "h sub": 0.003400644706565711, 
        "result show": -0.030502176076028804, 
        "contain section": -0.11252138173542607, 
        "pid control": 0.006859895940512707, 
        "take account": 0.11485734924928258, 
        "princip compon": 0.07660576007623204, 
        "predict accuraci": 0.06988882292936034, 
        "associ rule": -0.014215180038299273, 
        "breast cancer": 0.12849232673735522, 
        "knowledg discoveri": 0.0528955053775866, 
        "prior knowledg": 0.05735330068676466, 
        "ground truth": 0.10641894463935694, 
        "featur vector": -0.00444032535969224, 
        "simul result": -0.04340736037959799, 
        "time vari": 0.03704630033820756, 
        "propos algorithm": 0.004179922977857244, 
        "current committe": 0.0, 
        "rule base": -0.02110557353304315, 
        "decis maker": 0.07308078288611079, 
        "new approach": 0.058537473405742266, 
        "sup sup": 0.16869310462435896, 
        "recommend system": 0.04332743528904965, 
        "gaussian mixtur": 0.14715117735995223, 
        "real world": 0.07723331981416573, 
        "wide rang": 0.1848176840028111, 
        "e commerc": 0.06722267764702004, 
        "swarm optim": 0.13924908566230862, 
        "matrix inequ": -0.020117597050079056, 
        "propos new": 0.017115733115013746, 
        "non stationari": 0.0579755870717624, 
        "publicli avail": 0.07698728142454274,