{
    "77": {
        "self organ": -0.04299893501344399, 
        "time delay": -0.09240375932052926, 
        "high accuraci": 0.21185527718194855, 
        "new method": -0.016122194147088924, 
        "linear discrimin": 0.042466326742944566, 
        "convolut neural": 0.06027895928691865, 
        "social network": 0.2601866932864683, 
        "deep learn": 0.14600142235666103, 
        "take advantag": 0.2589910792222574, 
        "anomali detect": 0.25127151089626043, 
        "learn techniqu": 0.18434560760285396, 
        "inform retriev": 0.20713540259098392, 
        "magnet reson": 0.03239974299452735, 
        "remot sens": -0.03467426809998735, 
        "compon analysi": 0.061846553053846676, 
        "previou work": 0.11428755117726429, 
        "case studi": 0.007883253064748009, 
        "p p": 0.04466734418550981, 
        "big data": 0.21048643521752464, 
        "np hard": 0.10937870656365832, 
        "reinforc learn": -0.04606934226616586, 
        "comput vision": -0.006421459808940352, 
        "experi show": 0.023542449832526364, 
        "least squar": -0.08629731714624025, 
        "data collect": 0.10089710101942968, 
        "fault toler": 0.19450552166099072, 
        "short term": -0.05931958669837801, 
        "featur select": 0.17717154857304696, 
        "fold cross": 0.18511603469984705, 
        "similar measur": -0.0021833392898918287, 
        "propos novel": -0.03261184685176593, 
        "analysi pca": 0.024307233824761888, 
        "present new": -0.14543901791959252, 
        "classif accuraci": 0.039119498154293345, 
        "e g": 0.24678591025524643, 
        "kernel function": 0.037899006735026525, 
        "sub sub": -0.07210483686885584, 
        "bayesian network": 0.08921129606334381, 
        "paper describ": 0.10768013479183441, 
        "fals alarm": 0.3156194530039423, 
        "result obtain": 0.007445958655460739, 
        "good perform": 0.0394725576434828, 
        "commonli use": -0.01997766691930144, 
        "petri net": 0.0577094871490145, 
        "method base": -0.1377746039317293, 
        "hidden node": 0.028800884861429933, 
        "licens plate": 0.05223443806549952, 
        "learn method": 0.07647906170863134, 
        "import role": 0.0721265049885997, 
        "black box": 0.12068306437466746, 
        "basi function": -0.10170311245598157, 
        "facial express": 0.10421506721623759, 
        "propos approach": 0.08764802441945811, 
        "gradient descent": -0.005520693342692143, 
        "proceed record": 0.0, 
        "real life": 0.09792997049258881, 
        "result indic": -0.13504134555186817, 
        "chapter contain": -0.3104715711594561, 
        "improv perform": 0.034354784168889416, 
        "low level": 0.19501874034734068, 
        "comput complex": -0.06096897255800906, 
        "experi result": 0.004664676091117299, 
        "recent year": 0.1638639365058378, 
        "sentiment analysi": 0.1379099850367975, 
        "learn approach": 0.2501438911944946, 
        "mont carlo": 0.02112821862832429, 
        "naiv bay": 0.2327649236993693, 
        "cluster algorithm": -0.057702781662628204, 
        "suppli chain": 0.12102094514278161, 
        "intuitionist fuzzi": -0.0398761235963416, 
        "mobil robot": 0.008637883488549651, 
        "demonstr effect": -0.03318250937207939, 
        "confer proceed": -0.24299272149184975, 
        "train sampl": -0.10728744798035854, 
        "improv accuraci": 0.10958395711688827, 
        "maximum likelihood": -0.01726177113719732, 
        "paper present": 0.06397325266302603, 
        "gene express": -0.006295791285224389, 
        "search engin": 0.1409671824571516, 
        "experiment result": -0.05242228156594668, 
        "mobil devic": 0.3470573819195241, 
        "web servic": 0.08739344279685608, 
        "face recognit": 0.028335443102012452, 
        "non neg": 0.022326384458594643, 
        "train set": -0.020723371409500306, 
        "fuzzi logic": 0.0018148986262784114, 
        "machin elm": -0.09180754587828135, 
        "ad hoc": 0.002238924312943794, 
        "particl swarm": -0.08597903306505436, 
        "effect propos": -0.12846493509811027, 
        "real time": -0.09562719563976765, 
        "n gram": 0.5231097746475663, 
        "vector machin": 0.010880990258877652, 
        "mean squar": 0.044063699457947046, 
        "posit neg": 0.2018802520311772, 
        "power plant": 0.02576173773587504, 
        "supervis learn": 0.16446137498870358, 
        "upper bound": 0.005705669800912501, 
        "k mean": 0.03860261107964286, 
        "hidden layer": -0.04882642818721358, 
        "support vector": -0.009007243835766076, 
        "decis tree": 0.11750890570064718, 
        "k nearest": 0.04101473829970772, 
        "state art": 0.13758342815058228, 
        "fault diagnosi": -0.009360388829386192, 
        "set theori": -0.03526347852050177, 
        "kalman filter": 0.039781650495479784, 
        "wide use": 0.14740760091436428, 
        "high level": -0.05868089478001557, 
        "inequ lmi": -0.011682658710974524, 
        "paper propos": 0.08890091472007224, 
        "data mine": 0.0546623012364067, 
        "back propag": -0.011904649427752718, 
        "ls svm": 0.006045912493450619, 
        "larg number": 0.19692983605988346, 
        "show propos": -0.1559584768909816, 
        "larg amount": 0.018513968507325083, 
        "web page": 0.30883178794530364, 
        "suffici condit": -0.04415196459743643, 
        "section titl": -0.3130785694238852, 
        "markov model": 0.025115672969623748, 
        "network ann": -0.017105037865033364, 
        "co occurr": 0.316965850491932, 
        "amino acid": 0.11750053738478895, 
        "control system": -0.1478626607628431, 
        "learn algorithm": 0.11207983044860276, 
        "precis recal": 0.3371960029247755, 
        "close loop": -0.05359747730873374, 
        "extrem learn": -0.23384898713231875, 
        "result demonstr": -0.1166788438752022, 
        "fals posit": 0.3624967537106138, 
        "decis make": 0.08329694165646155, 
        "ant coloni": -0.029165341510809174, 
        "semi supervis": 0.1368213560618565, 
        "time consum": -0.0020834869959503455, 
        "genet algorithm": -0.23162730932887246, 
        "present novel": 0.05105391255094844, 
        "social media": 0.20494323194877223, 
        "pre process": 0.037163859142259836, 
        "paper introduc": -0.017684831268642006, 
        "propos method": -0.11825131467428686, 
        "train data": -0.018479607474572415, 
        "spatio tempor": 0.07551279913227388, 
        "h sub": -0.006330539502275551, 
        "result show": -0.055979746392966025, 
        "contain section": -0.3130785694238852, 
        "pid control": -0.0005365917215690093, 
        "take account": 0.11982822276302278, 
        "princip compon": 0.11405559666757266, 
        "predict accuraci": 0.03625779857112821, 
        "associ rule": 0.07830695100791085, 
        "breast cancer": 0.09922731290768386, 
        "knowledg discoveri": 0.15360179707368787, 
        "prior knowledg": 0.07287643431219712, 
        "ground truth": 0.22365315727726973, 
        "featur vector": 0.06261726564872308, 
        "simul result": -0.4258697855680289, 
        "time vari": -0.007013531314555406, 
        "propos algorithm": -0.2791658203574525, 
        "current committe": 0.0, 
        "rule base": 0.17820591974694597, 
        "decis maker": 0.08002733419035121, 
        "new approach": 0.04233047174160638, 
        "sup sup": 0.05531525137812031, 
        "recommend system": 0.06579649463048047, 
        "gaussian mixtur": 0.06566626519479085, 
        "real world": 0.11828109214592132, 
        "wide rang": 0.08923474155755433, 
        "e commerc": 0.17705252732307336, 
        "swarm optim": -0.12912010249832, 
        "matrix inequ": -0.0599979661854151, 
        "propos new": 0.023104988327022964, 
        "non stationari": 0.08735109595034052,