{
    "78": {
        "self organ": 0.005199131036227236, 
        "time delay": -0.07957810854156079, 
        "high accuraci": 0.023062739198350543, 
        "new method": 0.016305544445881795, 
        "linear discrimin": 0.013725336565623691, 
        "convolut neural": -0.052564679392172714, 
        "social network": -0.12106844873271429, 
        "deep learn": 0.007651149928103991, 
        "take advantag": 0.07728925318948197, 
        "anomali detect": -0.005715345358564883, 
        "learn techniqu": 0.006354365581118842, 
        "inform retriev": -0.05533844588838963, 
        "magnet reson": -0.004244806283015606, 
        "remot sens": 0.00010201349533671021, 
        "compon analysi": -0.040662191943521865, 
        "previou work": 0.015079168037505792, 
        "case studi": 0.021633324685587676, 
        "p p": 0.22968958445296075, 
        "big data": -0.04340947847532839, 
        "np hard": 0.298265342702267, 
        "reinforc learn": 0.20206922770559899, 
        "comput vision": -0.08584203929857463, 
        "experi show": 0.08621996653325645, 
        "least squar": 0.08959872512148138, 
        "data collect": -0.087584375378165, 
        "fault toler": 0.0033985097283540755, 
        "short term": -0.010176932749416459, 
        "featur select": 0.13110628147747602, 
        "fold cross": -0.03796411004057137, 
        "similar measur": -0.09652090481708162, 
        "propos novel": 0.07443453409344558, 
        "analysi pca": 0.012102314570514363, 
        "present new": 0.06189200680947656, 
        "classif accuraci": 0.09181604164667831, 
        "e g": 0.0528371850915258, 
        "kernel function": 0.10292046034513302, 
        "sub sub": -0.1539296719091623, 
        "bayesian network": -0.03981495370036861, 
        "paper describ": -0.03800850541842836, 
        "fals alarm": -0.014976308945559314, 
        "result obtain": 0.0842996010121218, 
        "good perform": 0.15111280208698435, 
        "commonli use": 0.09097340091171796, 
        "petri net": -0.20631802386536188, 
        "method base": 0.03455168222312405, 
        "hidden node": 0.21281423577362094, 
        "licens plate": -0.07610050525997021, 
        "learn method": 0.07902440125734343, 
        "import role": -0.04165747669052721, 
        "black box": 0.12060880121187861, 
        "basi function": 0.022199330912525246, 
        "facial express": -0.046523823890936435, 
        "propos approach": 0.08836806400283527, 
        "gradient descent": 0.18156808570113783, 
        "proceed record": 0.0, 
        "real life": 0.08849532500848095, 
        "result indic": 0.04056007320920193, 
        "chapter contain": -0.6287084998700915, 
        "improv perform": 0.182138297161873, 
        "low level": -0.012492391484616281, 
        "comput complex": 0.09372544605714393, 
        "experi result": 0.07384232573911312, 
        "recent year": 0.04809190769670113, 
        "sentiment analysi": -0.16591005431250805, 
        "learn approach": 0.03743908499485692, 
        "mont carlo": 0.05287844415065769, 
        "naiv bay": 0.011366623369273594, 
        "cluster algorithm": 0.10701547066363513, 
        "suppli chain": -0.22774657988129907, 
        "intuitionist fuzzi": -0.2979086969462293, 
        "mobil robot": 0.06107370465356713, 
        "demonstr effect": 0.051318028652137436, 
        "confer proceed": -0.9025286897681764, 
        "train sampl": 0.09431577647755705, 
        "improv accuraci": 0.0985338090806176, 
        "maximum likelihood": 0.09188335991562259, 
        "paper present": 0.017910537303816924, 
        "gene express": 0.09933615730358994, 
        "search engin": -0.043492175481358676, 
        "experiment result": 0.08967167501740496, 
        "mobil devic": -0.031344712605411204, 
        "web servic": -0.18261816394229663, 
        "face recognit": -0.01760667605801093, 
        "non neg": -0.020532813499390474, 
        "train set": 0.10919536146033099, 
        "fuzzi logic": -0.01802888657856246, 
        "machin elm": 0.14032055956830763, 
        "ad hoc": 0.09867089385875161, 
        "particl swarm": 0.3320302022344887, 
        "effect propos": 0.07483359786185446, 
        "real time": -0.02857273222843303, 
        "n gram": -0.0979186587117559, 
        "vector machin": 0.044307322869685424, 
        "mean squar": 0.024569549107074727, 
        "posit neg": -0.08555078998444972, 
        "power plant": -0.046895194891223596, 
        "supervis learn": 0.0939499595020765, 
        "upper bound": 0.10888445758868656, 
        "k mean": 0.09992015637152907, 
        "hidden layer": 0.18147279621314164, 
        "support vector": 0.04520510400885394, 
        "decis tree": 0.0564078629189986, 
        "k nearest": 0.06201048574861778, 
        "state art": 0.08995822430726702, 
        "fault diagnosi": -0.05839301394298703, 
        "set theori": -0.08584305398178642, 
        "kalman filter": 0.0035421255953889093, 
        "wide use": 0.09626946690752443, 
        "high level": -0.038372707134487635, 
        "inequ lmi": -0.1611730293822089, 
        "paper propos": 0.07375201551547235, 
        "data mine": 0.019255874138318644, 
        "back propag": 0.06595949040464429, 
        "ls svm": 0.07689913879124892, 
        "larg number": 0.09490739018744124, 
        "show propos": 0.1498175035284773, 
        "larg amount": -0.0319681874586582, 
        "web page": -0.0543491759328406, 
        "suffici condit": -0.2495060341099702, 
        "section titl": -0.6342558237252168, 
        "markov model": -0.06767296821751992, 
        "network ann": 0.061854375088242736, 
        "co occurr": -0.1607735266392941, 
        "amino acid": 0.054183869167998756, 
        "control system": -0.10195355526760676, 
        "learn algorithm": 0.14811731393376318, 
        "precis recal": -0.010476263876960277, 
        "close loop": -0.12701788115038268, 
        "extrem learn": 0.14896782692191782, 
        "result demonstr": 0.1108207724972444, 
        "fals posit": 0.03116140300958051, 
        "decis make": -0.014780110987738784, 
        "ant coloni": 0.30691121942790267, 
        "semi supervis": 0.04624225644880343, 
        "time consum": 0.0875403686200034, 
        "genet algorithm": 0.3867169832035111, 
        "present novel": 0.019292667018985223, 
        "social media": -0.10312818093142874, 
        "pre process": -0.054653727766774005, 
        "paper introduc": 0.029689826962378242, 
        "propos method": 0.07295010205680132, 
        "train data": 0.11305774887163651, 
        "spatio tempor": -0.011284111464169529, 
        "h sub": -0.1964133063226087, 
        "result show": 0.10622612935740922, 
        "contain section": -0.6342558237252168, 
        "pid control": 0.01670256864324906, 
        "take account": 0.032498190623498305, 
        "princip compon": -0.01857660464774177, 
        "predict accuraci": 0.14611552913323028, 
        "associ rule": -0.12551240546048303, 
        "breast cancer": 0.051115238443077804, 
        "knowledg discoveri": -0.05886293664168712, 
        "prior knowledg": 0.12140110008111688, 
        "ground truth": -0.008890000202093747, 
        "featur vector": -0.06632475005325844, 
        "simul result": 0.10551990937498518, 
        "time vari": -0.04662582287345218, 
        "propos algorithm": 0.22957829244422856, 
        "current committe": 0.0, 
        "rule base": 0.11562327817866452, 
        "decis maker": -0.008120828796051742, 
        "new approach": 0.08748410651741084, 
        "sup sup": -0.021560533059829454, 
        "recommend system": -0.004216808259386874, 
        "gaussian mixtur": -0.022035931057207584, 
        "real world": 0.09008528813715834, 
        "wide rang": 0.020036907708580708, 
        "e commerc": -0.01795616009427427, 
        "swarm optim": 0.32280420805959226, 
        "matrix inequ": -0.2268801881610384, 
        "propos new": 0.1269923808709982, 
        "non stationari": -0.011830267950823255,