{
    "79": {
        "self organ": 0.19846710981839108, 
        "time delay": -0.0222052070342341, 
        "high accuraci": 0.060444609857968096, 
        "new method": -0.0703843619478841, 
        "linear discrimin": 0.22684989020013974, 
        "convolut neural": 0.2456645502601503, 
        "social network": 0.033327619943425146, 
        "deep learn": 0.023219706098386837, 
        "take advantag": 0.2720818193704467, 
        "anomali detect": 0.1312785640064844, 
        "learn techniqu": 0.08007997314675043, 
        "inform retriev": 0.053928411822019705, 
        "magnet reson": 0.18705288394852893, 
        "remot sens": 0.11832596006440937, 
        "compon analysi": 0.14217897153233533, 
        "previou work": 0.06359508640410247, 
        "case studi": -0.022639592826046932, 
        "p p": 0.04036824820876822, 
        "big data": 0.08292306839515927, 
        "np hard": 0.07219344138946941, 
        "reinforc learn": 0.09329703396765535, 
        "comput vision": 0.11168925007938367, 
        "experi show": 0.00919843622902222, 
        "least squar": 0.06757699354863068, 
        "data collect": 0.21150757377227075, 
        "fault toler": 0.04998878559742711, 
        "short term": 0.07453423652647323, 
        "featur select": -0.00842631308112875, 
        "fold cross": 0.15714496412352943, 
        "similar measur": -0.04047408673876045, 
        "propos novel": 0.12198894006158076, 
        "analysi pca": 0.2820132941411383, 
        "present new": -0.0282757804169333, 
        "classif accuraci": 0.1887387277464846, 
        "e g": 0.15116346813392512, 
        "kernel function": 0.03653732838041652, 
        "sub sub": 0.005980852889283617, 
        "bayesian network": 0.09033852617485245, 
        "paper describ": 0.0780453690674215, 
        "fals alarm": 0.34599431967356076, 
        "result obtain": 0.13248335609210843, 
        "good perform": 0.0839980513746613, 
        "commonli use": 0.19871599481649765, 
        "petri net": 0.12714295457474176, 
        "method base": -0.08974213729770508, 
        "hidden node": 0.14606191616468372, 
        "licens plate": 0.19628714837448608, 
        "learn method": -0.05487289718590158, 
        "import role": 0.12594156432719536, 
        "black box": 0.12212213429536364, 
        "basi function": 0.03724982655465731, 
        "facial express": 0.10895929970389809, 
        "propos approach": 0.01910783820237821, 
        "gradient descent": 0.020303420299255005, 
        "proceed record": 0.08923908086096259, 
        "real life": 0.06605710420005696, 
        "result indic": 0.051694469765443216, 
        "chapter contain": -0.09055370189246217, 
        "improv perform": -0.023176456872763533, 
        "low level": 0.04840438841195861, 
        "comput complex": 0.029428825209732702, 
        "experi result": -0.013111266445901456, 
        "recent year": 0.012111290912389057, 
        "sentiment analysi": 0.09152432655878104, 
        "learn approach": 0.025931512822347166, 
        "mont carlo": 0.17007343060543556, 
        "naiv bay": 0.1230473602223511, 
        "cluster algorithm": 0.029236330603843643, 
        "suppli chain": 0.10239769689993138, 
        "intuitionist fuzzi": -0.038160564554950635, 
        "mobil robot": 0.08358420078235683, 
        "demonstr effect": 0.062473041697998666, 
        "confer proceed": -0.1540704977197561, 
        "train sampl": 0.0215581835105453, 
        "improv accuraci": 0.02145571012006666, 
        "maximum likelihood": 0.12642693346554476, 
        "paper present": -0.017892799340683163, 
        "gene express": 0.07013119264661853, 
        "search engin": 0.018503951441889616, 
        "experiment result": -0.07619268998566986, 
        "mobil devic": 0.10567807933142905, 
        "web servic": -0.01150265307320716, 
        "face recognit": -0.015639392686034086, 
        "non neg": 0.14495264391367896, 
        "train set": 0.09020140418529907, 
        "fuzzi logic": 0.05065793052886382, 
        "machin elm": -0.024821030341176237, 
        "ad hoc": 0.09807170257082286, 
        "particl swarm": 0.0229614484791971, 
        "effect propos": 0.009545400885360777, 
        "real time": 0.07924977324296688, 
        "n gram": 0.15907498702852, 
        "vector machin": 0.09085839143156255, 
        "mean squar": 0.16136329598604154, 
        "posit neg": 0.09049253229247677, 
        "power plant": 0.11238679052261166, 
        "supervis learn": 0.14820830506039917, 
        "upper bound": 0.12917288142587055, 
        "k mean": 0.15214663433831474, 
        "hidden layer": 0.12446773133475116, 
        "support vector": 0.06999276570748088, 
        "decis tree": 0.001358385024282891, 
        "k nearest": 0.14655849093137088, 
        "state art": 0.1048722541570154, 
        "fault diagnosi": 0.07081390918793103, 
        "set theori": -0.0433929891846335, 
        "kalman filter": 0.2150781141749482, 
        "wide use": 0.10988304871243953, 
        "high level": 0.08517590541576513, 
        "inequ lmi": -0.017598886935093375, 
        "paper propos": -0.029260999557562273, 
        "data mine": -0.04025062641103492, 
        "back propag": 0.13553558990670447, 
        "ls svm": 0.07944887383601264, 
        "larg number": 0.10892632118800195, 
        "show propos": 0.015731309455174886, 
        "larg amount": 0.10952172066885683, 
        "web page": 0.029510659455656528, 
        "suffici condit": -0.05062725680271243, 
        "section titl": -0.09134665944021747, 
        "markov model": 0.2440418872089963, 
        "network ann": 0.15497448674731976, 
        "co occurr": 0.08370530688390306, 
        "amino acid": 0.04452182212615878, 
        "control system": -0.12529610310143388, 
        "learn algorithm": -0.01964941572887078, 
        "precis recal": 0.03474632971868567, 
        "close loop": -0.0025694225582953744, 
        "extrem learn": 0.06626301139738212, 
        "result demonstr": 0.09652561791429677, 
        "fals posit": 0.08032952979829072, 
        "decis make": -0.02935253002435522, 
        "ant coloni": -0.003335465499601937, 
        "semi supervis": 0.033012458537315464, 
        "time consum": 0.01865000121430392, 
        "genet algorithm": -0.06939822656048886, 
        "present novel": 0.01562279886179489, 
        "social media": 0.1200583542211234, 
        "pre process": 0.10486753345020529, 
        "paper introduc": 0.0024424582977458573, 
        "propos method": 0.005529614169342339, 
        "train data": 0.06849503176875034, 
        "spatio tempor": 0.20242751717980378, 
        "h sub": -0.03467509496007572, 
        "result show": -0.00045198443181930373, 
        "contain section": -0.09134665944021747, 
        "pid control": -0.04690074020319493, 
        "take account": 0.18528250337876168, 
        "princip compon": 0.10904595494438353, 
        "predict accuraci": -0.002190184941121222, 
        "associ rule": 0.06088553366004418, 
        "breast cancer": 0.09492473488910444, 
        "knowledg discoveri": 0.11183171996876981, 
        "prior knowledg": 0.1889350948978437, 
        "ground truth": 0.18084285803914968, 
        "featur vector": 0.21068848558794037, 
        "simul result": -0.06470394216785423, 
        "time vari": -0.00014514015875766086, 
        "propos algorithm": 0.012459460513714729, 
        "current committe": 0.0, 
        "rule base": 0.020784153254395834, 
        "decis maker": 0.14419346950000514, 
        "new approach": 0.007181783114405561, 
        "sup sup": 0.1419950195340024, 
        "recommend system": 0.08584996827078362, 
        "gaussian mixtur": 0.28152403235637885, 
        "real world": 0.011340593547820788, 
        "wide rang": 0.19261332619219645, 
        "e commerc": 0.05989255569409506, 
        "swarm optim": 0.030931172942497667, 
        "matrix inequ": -0.05288681707164916, 
        "propos new": 0.06421192295593382, 
        "non stationari": 0.22230252989242333,