{
    "7": {
        "self organ": 0.07720528678557015, 
        "time delay": 0.20876105164132497, 
        "high accuraci": -0.05845758635644714, 
        "new method": -0.1434148336361464, 
        "linear discrimin": -0.08025297238814474, 
        "convolut neural": -0.07590651958503972, 
        "social network": -0.01672488320977689, 
        "deep learn": 0.011014404860266051, 
        "take advantag": 0.07176803948653157, 
        "anomali detect": -0.044389024149386544, 
        "learn techniqu": -0.00992500019609814, 
        "inform retriev": -0.10195584715162387, 
        "magnet reson": -0.04993208114370811, 
        "remot sens": -0.05372828971203249, 
        "compon analysi": -0.10439955249350673, 
        "previou work": 0.011986739799711186, 
        "case studi": -0.007650731198267889, 
        "p p": 0.19380488859995515, 
        "big data": 0.034380310093377046, 
        "np hard": -0.03576345691631708, 
        "reinforc learn": 0.3489697928981822, 
        "comput vision": -0.03742010383217811, 
        "experi show": -0.022106230311448226, 
        "least squar": -0.009349907126291555, 
        "data collect": -0.0013123606723958402, 
        "fault toler": 0.19257780439008812, 
        "short term": -0.04768920925528784, 
        "featur select": -0.21652534472381543, 
        "fold cross": -0.1005876467120888, 
        "similar measur": 0.02008538113078349, 
        "propos novel": -0.03342751759613843, 
        "analysi pca": -0.057501921499154965, 
        "present new": -0.07204794194024478, 
        "classif accuraci": -0.1627356254953935, 
        "e g": 0.07961924009176535, 
        "kernel function": -0.002274108393153436, 
        "sub sub": 0.12300174341280487, 
        "bayesian network": -0.026914001823458683, 
        "paper describ": 0.09456281752227479, 
        "fals alarm": -0.011453152420353602, 
        "result obtain": -0.06625917842901236, 
        "good perform": 0.046300824203679786, 
        "commonli use": 0.009779460170374598, 
        "petri net": 0.19316846438521815, 
        "method base": -0.04137660469526926, 
        "hidden node": 0.10566768986076973, 
        "licens plate": 0.00018607228119337654, 
        "learn method": -0.06205639557528847, 
        "import role": -0.10172782246717003, 
        "black box": 0.25274499918168736, 
        "basi function": -0.012941136691822439, 
        "facial express": -0.11423413203404117, 
        "propos approach": -0.011063268909466233, 
        "gradient descent": 0.06028311300946312, 
        "proceed record": 0.0, 
        "real life": 0.048557216996406596, 
        "result indic": -0.0004860952975134329, 
        "chapter contain": -0.34128519528799683, 
        "improv perform": 0.02005679681846314, 
        "low level": 0.07124235638473915, 
        "comput complex": -0.06435568689568746, 
        "experi result": -0.034484170603683334, 
        "recent year": 0.025974444969045662, 
        "sentiment analysi": -0.1142167024862851, 
        "learn approach": -0.03071059919724064, 
        "mont carlo": 0.0996792995027077, 
        "naiv bay": -0.1318448545445995, 
        "cluster algorithm": -0.12114217776837641, 
        "suppli chain": 0.026615418666688005, 
        "intuitionist fuzzi": -0.013159510625663767, 
        "mobil robot": 0.23377042734877118, 
        "demonstr effect": 0.11437932101171067, 
        "confer proceed": -0.18852239865505785, 
        "train sampl": -0.01554021675361699, 
        "improv accuraci": -0.007498638723449256, 
        "maximum likelihood": 0.059253571932100825, 
        "paper present": -0.016501761057146187, 
        "gene express": -0.13939110588057138, 
        "search engin": -0.06015281488474741, 
        "experiment result": -0.12639000793005234, 
        "mobil devic": 0.07589598789688068, 
        "web servic": 0.010949573199411484, 
        "face recognit": -0.04872145729439573, 
        "non neg": -0.07594015681563164, 
        "train set": -0.15929532050435, 
        "fuzzi logic": 0.10168577167718648, 
        "machin elm": -0.038986386359514874, 
        "ad hoc": 0.17225207574395215, 
        "particl swarm": 0.0421325677639906, 
        "effect propos": 0.08211794374371294, 
        "real time": 0.08078150960692813, 
        "n gram": -0.09124823679268654, 
        "vector machin": -0.20016592613398174, 
        "mean squar": 0.022166403153193, 
        "posit neg": -0.13497035862045892, 
        "power plant": 0.17077061938868043, 
        "supervis learn": -0.050121150323742196, 
        "upper bound": 0.17015586360119686, 
        "k mean": 0.008963046892680793, 
        "hidden layer": 0.08233937798016804, 
        "support vector": -0.18780921381502833, 
        "decis tree": -0.10386777695396224, 
        "k nearest": -0.14752202022628408, 
        "state art": -0.11071699257990329, 
        "fault diagnosi": 0.04619641311358762, 
        "set theori": -0.1331776758963354, 
        "kalman filter": 0.10915608622937056, 
        "wide use": -0.01811026283375493, 
        "high level": 0.07462961201765843, 
        "inequ lmi": 0.11344404050461526, 
        "paper propos": 0.024833767058255456, 
        "data mine": -0.05941466901675823, 
        "back propag": 0.02305681341239531, 
        "ls svm": -0.027439874415310116, 
        "larg number": -0.04161754332101376, 
        "show propos": -0.013968593051399442, 
        "larg amount": -0.0061200058242317544, 
        "web page": -0.0996743337266855, 
        "suffici condit": 0.06525391434873501, 
        "section titl": -0.3443403989081126, 
        "markov model": -0.02013483868076817, 
        "network ann": 0.0068163967892463624, 
        "co occurr": -0.0888067686574243, 
        "amino acid": -0.02202622825795615, 
        "control system": 0.16926794433950273, 
        "learn algorithm": 0.029124903113185645, 
        "precis recal": -0.11940440860722325, 
        "close loop": 0.23366840726947952, 
        "extrem learn": -0.12239592614546302, 
        "result demonstr": 0.019712859583986844, 
        "fals posit": -0.023471726297870983, 
        "decis make": 0.14318337927009334, 
        "ant coloni": 0.11187646621322711, 
        "semi supervis": -0.06905660736314886, 
        "time consum": -0.06632508717953547, 
        "genet algorithm": -0.015426943432577719, 
        "present novel": -0.013628313666483951, 
        "social media": -0.03270568264066886, 
        "pre process": -0.030278468656015696, 
        "paper introduc": -0.012110252796683488, 
        "propos method": -0.02058336315167416, 
        "train data": -0.02695293662459677, 
        "spatio tempor": 0.058072635638366274, 
        "h sub": 0.1518833164905004, 
        "result show": 0.004793441744379888, 
        "contain section": -0.3443403989081126, 
        "pid control": 0.2746265175432921, 
        "take account": 0.04785271639551313, 
        "princip compon": -0.12201743568173255, 
        "predict accuraci": -0.08895056306845879, 
        "associ rule": -0.13164884238766458, 
        "breast cancer": -0.08363604199374798, 
        "knowledg discoveri": 0.06853345187291539, 
        "prior knowledg": 0.07664809808012614, 
        "ground truth": -0.005275426550715113, 
        "featur vector": -0.07315032543795033, 
        "simul result": 0.18936907060943134, 
        "time vari": 0.17115973735498138, 
        "propos algorithm": 0.008487412780906874, 
        "current committe": 0.0, 
        "rule base": 0.09596919704747227, 
        "decis maker": 0.03612516171921243, 
        "new approach": 0.10979831008180885, 
        "sup sup": 0.05053813312532985, 
        "recommend system": -0.12082723670629804, 
        "gaussian mixtur": -0.04382440067916909, 
        "real world": -0.028152904485900285, 
        "wide rang": -0.01208853428468483, 
        "e commerc": -0.03801111937190551, 
        "swarm optim": 0.04912820378821796, 
        "matrix inequ": 0.07938128279965143, 
        "propos new": -0.033211230326222606,