{
    "80": {
        "self organ": 0.11291156363739571, 
        "time delay": -0.10925472416486891, 
        "high accuraci": 0.049328811085137786, 
        "new method": -0.03716411662322816, 
        "linear discrimin": 0.14391321176239022, 
        "convolut neural": 0.10480792039672181, 
        "social network": 0.16766450656907972, 
        "deep learn": 0.1617261944261325, 
        "take advantag": 0.11384532052855488, 
        "anomali detect": 0.07244560202189869, 
        "learn techniqu": 0.07376495843434502, 
        "inform retriev": 0.022428368512550288, 
        "magnet reson": 0.10356583335130634, 
        "remot sens": 0.039255368255611676, 
        "compon analysi": 0.048804780036708295, 
        "previou work": 0.13753552693950136, 
        "case studi": 0.0118425943986236, 
        "p p": 0.06432841670379931, 
        "big data": 0.0701979584872294, 
        "np hard": 0.10182919814538686, 
        "reinforc learn": -0.1372297444829934, 
        "comput vision": 0.06262832733161935, 
        "experi show": -0.06775633681925969, 
        "least squar": 0.04812385264388189, 
        "data collect": -0.028239863557432392, 
        "fault toler": -0.02345650967642884, 
        "short term": 0.08658685703903468, 
        "featur select": 0.28625857986569236, 
        "fold cross": 0.2279781722705146, 
        "similar measur": 0.1378500104201965, 
        "propos novel": 0.02090829642312845, 
        "analysi pca": 0.13221534263302628, 
        "present new": 0.04177427279592491, 
        "classif accuraci": 0.13399540696617881, 
        "e g": 0.1592441545580697, 
        "kernel function": 0.04269422763056733, 
        "sub sub": -0.07616983893719376, 
        "bayesian network": 0.1827788477216154, 
        "paper describ": 0.0280777153321542, 
        "fals alarm": -0.00331311645754534, 
        "result obtain": 0.1210938913940528, 
        "good perform": 0.04089329285221082, 
        "commonli use": 0.19150921078981972, 
        "petri net": -0.07689386718566513, 
        "method base": 0.020423170568520763, 
        "hidden node": 0.1501643238709354, 
        "licens plate": -0.041668262619897464, 
        "learn method": 0.16601336377638712, 
        "import role": 0.06744400068582676, 
        "black box": 0.05837114787269371, 
        "basi function": 0.04524103746227603, 
        "facial express": 0.1980733402302052, 
        "propos approach": 0.028827618961030657, 
        "gradient descent": 0.019501218693585197, 
        "proceed record": 0.0, 
        "real life": 0.07732248969286759, 
        "result indic": 0.06505920152612005, 
        "chapter contain": -0.2638551898527256, 
        "improv perform": -0.0016552526195812837, 
        "low level": 0.1141347755762312, 
        "comput complex": 0.03458930530512319, 
        "experi result": -0.04439820847571356, 
        "recent year": 0.10353869327739929, 
        "sentiment analysi": 0.21665879798932514, 
        "learn approach": 0.1946953402471242, 
        "mont carlo": -0.004069582183028482, 
        "naiv bay": 0.11703277686548676, 
        "cluster algorithm": 0.008373613083177639, 
        "suppli chain": -0.06919647062481601, 
        "intuitionist fuzzi": -0.12689386591520893, 
        "mobil robot": -0.04529886186720563, 
        "demonstr effect": 0.13175047600468107, 
        "confer proceed": -0.34885590226547647, 
        "train sampl": 0.017596138684099774, 
        "improv accuraci": 0.05838533619385772, 
        "maximum likelihood": 0.04280370651039075, 
        "paper present": -0.018730472795712223, 
        "gene express": 0.7196385433700945, 
        "search engin": 0.012138310862176874, 
        "experiment result": 0.024863550375325286, 
        "mobil devic": 0.061626769003467835, 
        "web servic": 0.013620784597713393, 
        "face recognit": 0.08711434670296068, 
        "non neg": 0.12865175395932568, 
        "train set": 0.040005926835964205, 
        "fuzzi logic": -0.08215857784180171, 
        "machin elm": 0.01839264196491817, 
        "ad hoc": 0.07116277521721417, 
        "particl swarm": -0.013283427189647925, 
        "effect propos": -0.056247764039326326, 
        "real time": -0.0786912714548996, 
        "n gram": 0.08819653136567622, 
        "vector machin": 0.10340771049938856, 
        "mean squar": 0.0836648330639269, 
        "posit neg": 0.18944124752169694, 
        "power plant": -0.09968337795878364, 
        "supervis learn": 0.0008623239352271753, 
        "upper bound": 0.02946302473670087, 
        "k mean": 0.07177076582459752, 
        "hidden layer": -0.022392212934859847, 
        "support vector": 0.09710542033329417, 
        "decis tree": 0.1334641919069511, 
        "k nearest": 0.0849937692703219, 
        "state art": 0.1204502924179642, 
        "fault diagnosi": -0.09959766617854923, 
        "set theori": -0.07899367636140682, 
        "kalman filter": 0.0296159874289861, 
        "wide use": 0.1313852854156008, 
        "high level": 0.12615706354495326, 
        "inequ lmi": -0.0019264331466603505, 
        "paper propos": -0.0046613025589996564, 
        "data mine": 0.000127362563487768, 
        "back propag": 0.032425694988561606, 
        "ls svm": 0.047892120335671064, 
        "larg number": 0.11519788689374498, 
        "show propos": 0.022227254186681804, 
        "larg amount": 0.14017182668232087, 
        "web page": -0.03830363431437303, 
        "suffici condit": -0.13184999939909253, 
        "section titl": -0.2667939750950637, 
        "markov model": 0.03813728841822482, 
        "network ann": 0.1188460263414896, 
        "co occurr": 0.03640027351330313, 
        "amino acid": 0.4657899866655074, 
        "control system": -0.2476135394554679, 
        "learn algorithm": 0.06393532622791478, 
        "precis recal": 0.08128075575494347, 
        "close loop": -0.08413225702892346, 
        "extrem learn": 0.008306795721608515, 
        "result demonstr": 0.10510466042044256, 
        "fals posit": 0.24829818022592307, 
        "decis make": 0.014971367560975144, 
        "ant coloni": -0.011594374817611487, 
        "semi supervis": -0.0038331501116998594, 
        "time consum": 0.08891050220675178, 
        "genet algorithm": 0.016769321485008985, 
        "present novel": 0.06325804890325969, 
        "social media": 0.21419744305305582, 
        "pre process": 0.07522239055024595, 
        "paper introduc": -0.10938555626015217, 
        "propos method": 0.05512729352057805, 
        "train data": 0.09033259519670193, 
        "spatio tempor": 0.16558664337041668, 
        "h sub": -0.08695859992133008, 
        "result show": 0.02320809734377879, 
        "contain section": -0.2667939750950637, 
        "pid control": -0.1505771878548871, 
        "take account": 0.10507347596771077, 
        "princip compon": 0.049206542894031036, 
        "predict accuraci": 0.2087753677746621, 
        "associ rule": -0.019542504616927123, 
        "breast cancer": 0.3798756104363136, 
        "knowledg discoveri": 0.011376237819586897, 
        "prior knowledg": 0.18445287321634754, 
        "ground truth": 0.111676180493981, 
        "featur vector": 0.0575185610176514, 
        "simul result": -0.16486544847791265, 
        "time vari": 0.006294284487620564, 
        "propos algorithm": -0.03524377636133636, 
        "current committe": 0.0, 
        "rule base": -0.05011997727034363, 
        "decis maker": 0.05901719308028628, 
        "new approach": 0.0727237881320486, 
        "sup sup": 0.2254414027671044, 
        "recommend system": 0.07678603791590659, 
        "gaussian mixtur": 0.017314637015836656, 
        "real world": 0.014144597391859089, 
        "wide rang": 0.032245825148373, 
        "e commerc": 0.09361580180808071, 
        "swarm optim": -0.0007855695232272053, 
        "matrix inequ": -0.15115801083271646, 
        "propos new": -0.005983573758304151, 
        "non stationari": 0.06802466304960544, 
        "publicli avail": 0.16874972522028436,