{
    "81": {
        "self organ": 0.45547442340838584, 
        "time delay": -0.5308715497529771, 
        "high accuraci": -0.07283759781569991, 
        "new method": 0.08154363684690452, 
        "linear discrimin": 0.07672442241691706, 
        "convolut neural": -0.23891229447987683, 
        "social network": 0.059175918597643776, 
        "deep learn": 0.13515492215579492, 
        "take advantag": 0.17257924253224652, 
        "anomali detect": 0.2833925054206614, 
        "learn techniqu": 0.0818119778468745, 
        "inform retriev": 0.033659409525527095, 
        "magnet reson": 0.09447837125676364, 
        "remot sens": 0.041411310091764686, 
        "compon analysi": 0.09691753926713549, 
        "previou work": 0.06286526216142072, 
        "case studi": 0.012150560095024689, 
        "p p": 0.21230987631759343, 
        "big data": 0.37480338900435756, 
        "np hard": 0.0973731225076105, 
        "reinforc learn": -0.47249407841883456, 
        "comput vision": 0.07192781134753556, 
        "experi show": 0.1540399755075494, 
        "least squar": 0.09796558240114212, 
        "data collect": 0.14177739398423123, 
        "fault toler": 0.011653907615520652, 
        "short term": 0.05602172268564841, 
        "featur select": 0.16858998672633688, 
        "fold cross": -0.12472005953469553, 
        "similar measur": 0.4283509136950608, 
        "propos novel": 0.1903427393894009, 
        "analysi pca": 0.129745634777515, 
        "present new": 0.15539620877057794, 
        "classif accuraci": 0.10588201539394605, 
        "e g": 0.16495073974705693, 
        "kernel function": 0.06965038499359576, 
        "sub sub": -0.5755967581245716, 
        "bayesian network": -0.22682044303792376, 
        "paper describ": 0.03334811959477432, 
        "fals alarm": 0.08041162091769316, 
        "result obtain": 0.18550380592055685, 
        "good perform": 0.16518155971349388, 
        "commonli use": 0.13922988080156173, 
        "petri net": -0.4879643029393778, 
        "method base": 0.050254155029736805, 
        "hidden node": 0.07134362993686127, 
        "licens plate": -0.22759523103913284, 
        "learn method": -0.015781713324630197, 
        "import role": -0.05793526542921871, 
        "black box": 0.1840481772171515, 
        "basi function": -0.057606648454256344, 
        "facial express": -0.39493355320308426, 
        "propos approach": 0.15663424665081718, 
        "gradient descent": 0.13339275316537208, 
        "proceed record": 0.0, 
        "real life": 0.19688384101673778, 
        "result indic": -0.035017447274635766, 
        "chapter contain": -0.8383326561338263, 
        "improv perform": 0.10785047178576222, 
        "low level": 0.15332250511084602, 
        "comput complex": 0.2633221566688485, 
        "experi result": 0.0843581588605852, 
        "recent year": 0.03405827629702443, 
        "sentiment analysi": -0.27349036147372885, 
        "learn approach": 0.04728587602947404, 
        "mont carlo": -0.09235511485480741, 
        "naiv bay": 0.03554080884730713, 
        "cluster algorithm": 0.9678080481086541, 
        "suppli chain": -0.6177747968857433, 
        "intuitionist fuzzi": -0.5069683571524672, 
        "mobil robot": -0.26110656989708897, 
        "demonstr effect": 0.15598895294329088, 
        "confer proceed": -0.7078315271542974, 
        "train sampl": 0.2148962974785231, 
        "improv accuraci": 0.20852898246301185, 
        "maximum likelihood": 0.09114493053608573, 
        "paper present": 0.027646602223629246, 
        "gene express": 0.3804054736842836, 
        "search engin": 0.21581666144312614, 
        "experiment result": 0.1364021278034193, 
        "mobil devic": -0.08399763329993801, 
        "web servic": -0.0557867116807907, 
        "face recognit": -0.07554642097084668, 
        "non neg": 0.1959928292525324, 
        "train set": 0.10431432049966338, 
        "fuzzi logic": -0.23180472110975478, 
        "machin elm": -0.04924040721352834, 
        "ad hoc": 0.05981404129146026, 
        "particl swarm": -0.0682619319875066, 
        "effect propos": 0.08420157103350484, 
        "real time": -0.09214006624640701, 
        "n gram": -0.09551565098763967, 
        "vector machin": -0.005058457042251339, 
        "mean squar": 0.08041333510039983, 
        "posit neg": -0.23717769756851761, 
        "power plant": -0.1534532414693486, 
        "supervis learn": 0.2761456947513767, 
        "upper bound": -0.0034987468203945484, 
        "k mean": 0.957892952554826, 
        "hidden layer": 0.1057178165206316, 
        "support vector": 0.022044432405634647, 
        "decis tree": 0.08300125914496266, 
        "k nearest": 0.18962920006496545, 
        "state art": 0.1815031917694401, 
        "fault diagnosi": -0.10204395101021425, 
        "set theori": -0.0950117775305123, 
        "kalman filter": -0.08581914814405785, 
        "wide use": 0.14543454104822945, 
        "high level": 0.17701009855760666, 
        "inequ lmi": -0.14195608205148363, 
        "paper propos": 0.1387302653794042, 
        "data mine": 0.3756236885582161, 
        "back propag": -0.10308026495116479, 
        "ls svm": 0.027571732981866597, 
        "larg number": 0.24662580499270306, 
        "show propos": 0.17394784267019148, 
        "larg amount": 0.2512212719447212, 
        "web page": 0.096075395106774, 
        "suffici condit": -0.3158698968797102, 
        "section titl": -0.8429466715082112, 
        "markov model": 0.03433591435832598, 
        "network ann": -0.06744927614696278, 
        "co occurr": 0.22075703117731743, 
        "amino acid": 0.20529341767128703, 
        "control system": -0.6728182258581505, 
        "learn algorithm": 0.12824739742855423, 
        "precis recal": 0.02155785751925885, 
        "close loop": -0.768700901488857, 
        "extrem learn": -0.06402609979720553, 
        "result demonstr": 0.18505363446835002, 
        "fals posit": 0.06462873982861529, 
        "decis make": -0.17592816756811486, 
        "ant coloni": 0.3314424389147152, 
        "semi supervis": 0.44376006939674223, 
        "time consum": 0.15242195192420302, 
        "genet algorithm": -0.006434031530311276, 
        "present novel": 0.10139786977226987, 
        "social media": -0.0314215726811876, 
        "pre process": 0.13410001581696196, 
        "paper introduc": -0.00560750053455672, 
        "propos method": 0.08872247080201397, 
        "train data": 0.28072081918716874, 
        "spatio tempor": 0.16392906184336833, 
        "h sub": -0.27148711049170837, 
        "result show": 0.06230926276859154, 
        "contain section": -0.8429466715082112, 
        "pid control": -0.784222703441119, 
        "take account": 0.17740919372141015, 
        "princip compon": 0.1142621616581392, 
        "predict accuraci": 0.10014142353951792, 
        "associ rule": 0.0581040330302025, 
        "breast cancer": 0.25725691212926893, 
        "knowledg discoveri": 0.19749626406656937, 
        "prior knowledg": 0.2633552476280001, 
        "ground truth": 0.12045010620447985, 
        "featur vector": 0.21309375384498788, 
        "simul result": -0.18880538110959966, 
        "time vari": -0.23292117018667632, 
        "propos algorithm": 0.23425206131270723, 
        "current committe": 0.0, 
        "rule base": 0.09805233952309506, 
        "decis maker": -0.49208122495226986, 
        "new approach": 0.16528779132527952, 
        "sup sup": -0.2814080954799714, 
        "recommend system": 0.23493526636656364, 
        "gaussian mixtur": 0.3434738546409499, 
        "real world": 0.27674617415314423, 
        "wide rang": 0.0950851910011996, 
        "e commerc": 0.2607048503147114, 
        "swarm optim": -0.11364824420342115, 
        "matrix inequ": -0.3715416440171095, 
        "propos new": 0.21850206473643977, 
        "non stationari": -0.09684592915032185, 
        "publicli avail": 0.06774063618644288,