{
    "8": {
        "self organ": 0.04108162266385983, 
        "time delay": -0.2181944028103559, 
        "high accuraci": 0.08429059215493397, 
        "new method": -0.1456044530428367, 
        "linear discrimin": 0.2054478544534452, 
        "convolut neural": 0.3548155952525932, 
        "social network": 0.356977492853677, 
        "deep learn": 0.2016469277764059, 
        "take advantag": 0.08876055199150264, 
        "anomali detect": 0.032063709477530684, 
        "learn techniqu": 0.2232977651458544, 
        "inform retriev": -0.09824997768736604, 
        "magnet reson": 0.14729957636215024, 
        "remot sens": -0.0350880761480449, 
        "compon analysi": -0.0028407902535630154, 
        "previou work": 0.1851681596938692, 
        "case studi": -0.22799916339580517, 
        "p p": 0.14310608390977014, 
        "big data": -0.06611845159781286, 
        "np hard": 0.05232114657177839, 
        "reinforc learn": -0.012037345119198864, 
        "comput vision": 0.35210314696466605, 
        "experi show": 0.13331427227531842, 
        "least squar": -0.144182830886209, 
        "data collect": 0.009250171998295895, 
        "fault toler": 0.03208487200744462, 
        "short term": -0.26745281854817365, 
        "featur select": -0.06953727312155761, 
        "fold cross": 0.01680304724357682, 
        "similar measur": 0.07100996975001511, 
        "propos novel": 0.1626846859290894, 
        "analysi pca": 0.07069122651792613, 
        "present new": 0.019125006965863573, 
        "classif accuraci": -0.1424015643743376, 
        "e g": 0.3740343921271058, 
        "kernel function": -0.06033436499113156, 
        "sub sub": -0.0795308455808848, 
        "bayesian network": -0.1675249681606045, 
        "paper describ": -0.039705462070749216, 
        "fals alarm": 0.35074722823587356, 
        "result obtain": 0.06263179553562952, 
        "good perform": 0.050678258438213386, 
        "commonli use": 0.0670519893310152, 
        "petri net": -0.030675481054470818, 
        "method base": -0.011343480690952937, 
        "hidden node": 0.050364013257893574, 
        "licens plate": 0.17432969477719432, 
        "learn method": 0.035588981557372494, 
        "import role": 0.031000761846295743, 
        "black box": 0.04321536725743426, 
        "basi function": -0.03160577978622382, 
        "facial express": 0.4068520940950591, 
        "propos approach": 0.08508564145258501, 
        "gradient descent": -0.02005298055451132, 
        "proceed record": 0.021430812872435995, 
        "real life": 0.1850188446167326, 
        "result indic": 0.12316270056359736, 
        "chapter contain": -0.16009014976688574, 
        "improv perform": -0.008193720147914207, 
        "low level": 0.5421701476144881, 
        "comput complex": 0.19847158454380284, 
        "experi result": 0.09082856342741603, 
        "recent year": 0.0668410406091858, 
        "sentiment analysi": 0.006104725001425896, 
        "learn approach": -0.044404287452867855, 
        "mont carlo": -0.07377918272203877, 
        "naiv bay": 0.15123480863666575, 
        "cluster algorithm": -0.11647018271062225, 
        "suppli chain": -0.03346626426816737, 
        "intuitionist fuzzi": -0.03421610207461653, 
        "mobil robot": -0.02003378674499046, 
        "demonstr effect": 0.07353811557041742, 
        "confer proceed": -0.0880341252946798, 
        "train sampl": -0.09727932791739521, 
        "improv accuraci": -0.09761769870317817, 
        "maximum likelihood": 0.12643837869364394, 
        "paper present": 0.04219213264639613, 
        "gene express": -0.04414611553385795, 
        "search engin": 0.20409280260569343, 
        "experiment result": 0.18760338247792746, 
        "mobil devic": 0.3144509070335402, 
        "web servic": -0.043339005692722816, 
        "face recognit": 0.1294735637967148, 
        "non neg": 0.06545708296219506, 
        "train set": 0.0413568695619796, 
        "fuzzi logic": -0.0022722116757394823, 
        "machin elm": -0.13206040498268673, 
        "ad hoc": 0.16728669985557026, 
        "particl swarm": -0.1334159405418227, 
        "effect propos": -0.11373073457954763, 
        "real time": 0.1446812608004945, 
        "n gram": 0.27908987096727406, 
        "vector machin": -0.01250134313003455, 
        "mean squar": -0.11864318786548411, 
        "posit neg": 0.22862742295985514, 
        "power plant": -0.12602128173185428, 
        "supervis learn": 0.18980021325172458, 
        "upper bound": 0.047341824209149265, 
        "k mean": -0.0589409705267122, 
        "hidden layer": -0.18683420071177445, 
        "support vector": -0.027308377258727756, 
        "decis tree": 0.04747233286767407, 
        "k nearest": -0.0046073590595090965, 
        "state art": 0.25044029269180895, 
        "fault diagnosi": -0.04502376965783704, 
        "set theori": -0.08873606256506256, 
        "kalman filter": 0.07151332709582921, 
        "wide use": 0.0017219683679765853, 
        "high level": 0.22929448641754754, 
        "inequ lmi": -0.0309602129633342, 
        "paper propos": 0.15738470758290896, 
        "data mine": -0.16289850735822592, 
        "back propag": 0.029058211384126606, 
        "ls svm": 0.05863475497509056, 
        "larg number": 0.0738848554389047, 
        "show propos": 0.2686363053878104, 
        "larg amount": 0.1968032198316494, 
        "web page": 0.22429378384494147, 
        "suffici condit": -0.041500957699003305, 
        "section titl": -0.16227244744681701, 
        "markov model": 0.270793232570047, 
        "network ann": -0.1911963503926419, 
        "co occurr": 0.211830276318845, 
        "amino acid": 0.11563639382533494, 
        "control system": -0.2393523091030757, 
        "learn algorithm": 0.046317666014658275, 
        "precis recal": 0.31259563428031073, 
        "close loop": -0.04485769976496434, 
        "extrem learn": -0.24386957103469808, 
        "result demonstr": 0.09731658965680379, 
        "fals posit": 0.15013664956028314, 
        "decis make": -0.27247298840466233, 
        "ant coloni": -0.06083015186180847, 
        "semi supervis": 0.07678254368301074, 
        "time consum": -0.19846251822234257, 
        "genet algorithm": -0.306209062710915, 
        "present novel": 0.0647469011663684, 
        "social media": 0.27680684571255443, 
        "pre process": 0.18019740299134387, 
        "paper introduc": -0.07520566886164574, 
        "propos method": 0.14152650704191472, 
        "train data": 0.03804229352843566, 
        "spatio tempor": 0.26836562861669383, 
        "h sub": -0.02290668429939836, 
        "result show": 0.07687986429129832, 
        "contain section": -0.16227244744681701, 
        "pid control": -0.12743632487748088, 
        "take account": 0.1357862988114138, 
        "princip compon": -0.011887138272069855, 
        "predict accuraci": 0.058313160865542904, 
        "associ rule": -0.14059930348830885, 
        "breast cancer": 0.03159757895607656, 
        "knowledg discoveri": -0.09993491233776819, 
        "prior knowledg": 0.14982877327661737, 
        "ground truth": 0.4309628135774715, 
        "featur vector": 0.15049144595033032, 
        "simul result": -0.311184038610275, 
        "time vari": -0.06114971437932342, 
        "propos algorithm": 0.08886444604553205, 
        "current committe": 0.0, 
        "rule base": -0.12131449403332929, 
        "decis maker": -0.1091663197074989, 
        "new approach": 0.02443818692675618, 
        "sup sup": -0.04683462710955988, 
        "recommend system": 0.1576024170887319, 
        "gaussian mixtur": 0.19502185944695566, 
        "real world": 0.005044439691825458, 
        "wide rang": 0.1583210156275406, 
        "e commerc": 0.22970720616365464, 
        "swarm optim": -0.12573581617432183, 
        "matrix inequ": -0.03379292044148232, 
        "propos new": 0.03088787438634747, 
        "non stationari": 0.18387552948100677,