{
    "9": {
        "self organ": 0.003794087075737138, 
        "time delay": 0.012001946980344078, 
        "high accuraci": 0.016833521872219797, 
        "new method": 0.02439100826930765, 
        "linear discrimin": 0.0014579472688593354, 
        "convolut neural": -0.021106781689274285, 
        "social network": -0.1149306246488696, 
        "deep learn": 0.04278398743594502, 
        "take advantag": 0.0443705714219494, 
        "anomali detect": -0.013643913466054074, 
        "learn techniqu": 0.00792749344724857, 
        "inform retriev": -0.1050160745210827, 
        "magnet reson": 0.05148767154715782, 
        "remot sens": 0.07414787448742025, 
        "compon analysi": 0.015831766402852946, 
        "previou work": 0.012481333751239367, 
        "case studi": 0.02429226071012052, 
        "p p": 0.13609609324447025, 
        "big data": -0.004468429396347283, 
        "np hard": 0.03152876302903193, 
        "reinforc learn": 0.04035906481784593, 
        "comput vision": -0.008775197246422933, 
        "experi show": 0.014150497978926741, 
        "least squar": 0.20578201948652317, 
        "data collect": 0.015855603372237258, 
        "fault toler": -0.016408742165049884, 
        "short term": 0.034974320700858194, 
        "featur select": 0.007465165153494081, 
        "fold cross": 0.08235293304039433, 
        "similar measur": -0.05210171348114526, 
        "propos novel": 0.045400121343497704, 
        "analysi pca": 0.0033604890767552787, 
        "present new": 0.024918820909331004, 
        "classif accuraci": 0.009759641695257662, 
        "e g": 0.08266321029340706, 
        "kernel function": 0.19695081331673736, 
        "sub sub": 0.014323750135094414, 
        "bayesian network": -0.02125477475790806, 
        "paper describ": -0.01486781147694467, 
        "fals alarm": 0.008795692658765512, 
        "result obtain": 0.018154095759399927, 
        "good perform": 0.08936160327101646, 
        "commonli use": 0.0781232295131121, 
        "petri net": -0.12110590977434213, 
        "method base": 0.039151923630501816, 
        "hidden node": 0.1562634402883082, 
        "licens plate": -0.16363307816340678, 
        "learn method": 0.09493504494394743, 
        "import role": -0.024714809960488058, 
        "black box": 0.08289042544394727, 
        "basi function": 0.15514208910097185, 
        "facial express": -0.02988699604951988, 
        "propos approach": 0.07326516142864793, 
        "gradient descent": 0.17911787838847543, 
        "proceed record": 0.0055810673831657815, 
        "real life": 0.02861763664160116, 
        "result indic": -0.01126279303868134, 
        "chapter contain": -0.3516846668069285, 
        "improv perform": 0.04571809819712943, 
        "low level": 0.019718357599740777, 
        "comput complex": 0.09510026994575602, 
        "experi result": -0.026911748784173628, 
        "recent year": 0.010828941754835767, 
        "sentiment analysi": -0.1297396015268035, 
        "learn approach": 0.020296446924210492, 
        "mont carlo": 0.1814286970157724, 
        "naiv bay": -0.045383846335195425, 
        "cluster algorithm": -0.013971339564349762, 
        "suppli chain": -0.18232667856347942, 
        "intuitionist fuzzi": -0.13380749496991323, 
        "mobil robot": 0.019563698995957602, 
        "demonstr effect": 0.0700449211107209, 
        "confer proceed": -0.5655844385724527, 
        "train sampl": 0.11859627763984339, 
        "improv accuraci": 0.004877277312187672, 
        "maximum likelihood": 0.2158715481705635, 
        "paper present": 0.01987427167750034, 
        "gene express": 0.019803749906960266, 
        "search engin": -0.20684036045785711, 
        "experiment result": 0.03828059326996937, 
        "mobil devic": -0.047052559277660985, 
        "web servic": -0.14999213826686558, 
        "face recognit": -0.07791874054227285, 
        "non neg": 0.06691441547210371, 
        "train set": 0.087455698110578, 
        "fuzzi logic": 0.008696772753901148, 
        "machin elm": 0.15738655092734166, 
        "ad hoc": 0.033114016418759974, 
        "particl swarm": 0.04742022512308565, 
        "effect propos": 0.07664996142470162, 
        "real time": 0.01824001846516196, 
        "n gram": -0.0878039616728869, 
        "vector machin": 0.06273566217187343, 
        "mean squar": 0.14487670329795183, 
        "posit neg": -0.027892446296882867, 
        "power plant": 0.02413726505125219, 
        "supervis learn": 0.08653127613588621, 
        "upper bound": 0.14980832428897242, 
        "k mean": -0.027880067443333854, 
        "hidden layer": 0.19372284920719515, 
        "support vector": 0.0717396906222313, 
        "decis tree": -0.03410543066339067, 
        "k nearest": 0.025186388482003465, 
        "state art": 0.10956091191728035, 
        "fault diagnosi": -0.015504892143049913, 
        "set theori": -0.13739663702331784, 
        "kalman filter": 0.15923195852901306, 
        "wide use": 0.07058804714202978, 
        "high level": 0.0032557414695647976, 
        "inequ lmi": -0.0012577298102686946, 
        "paper propos": 0.030659712984860782, 
        "data mine": -0.06573292804890725, 
        "back propag": 0.07794168080915717, 
        "ls svm": 0.20208608829768854, 
        "larg number": 0.07861067029025351, 
        "show propos": 0.06346343570066006, 
        "larg amount": -0.020569634499305964, 
        "web page": -0.15349807703916085, 
        "suffici condit": -0.1116064662704294, 
        "section titl": -0.3530773254095412, 
        "markov model": 0.07899153071328342, 
        "network ann": 0.08412516795878545, 
        "co occurr": -0.021875604471380466, 
        "amino acid": 0.04320316450505888, 
        "control system": -0.0004434105204992995, 
        "learn algorithm": 0.07736720274728646, 
        "precis recal": -0.03923504462119494, 
        "close loop": 0.02694171587458563, 
        "extrem learn": 0.147943836367014, 
        "result demonstr": 0.039499017697460496, 
        "fals posit": 0.008490110346907637, 
        "decis make": -0.06397074936111496, 
        "ant coloni": -0.07083610612023337, 
        "semi supervis": 0.02013689357712277, 
        "time consum": 0.05838934233799208, 
        "genet algorithm": 0.009318801929181409, 
        "present novel": 0.042890264231216294, 
        "social media": -0.17542732019099003, 
        "pre process": -0.031008466473740663, 
        "paper introduc": 0.009926034492557426, 
        "propos method": 0.060368627672668956, 
        "train data": 0.14224499428561635, 
        "spatio tempor": 0.027911904803410593, 
        "h sub": -0.02821119934745962, 
        "result show": 0.038671709727214135, 
        "contain section": -0.3530773254095412, 
        "pid control": -0.048670693014603715, 
        "take account": 0.05818487938387811, 
        "princip compon": 0.022152214354784084, 
        "predict accuraci": 0.06338450705255835, 
        "associ rule": -0.22414714992401882, 
        "breast cancer": 0.01031732295941613, 
        "knowledg discoveri": -0.05946029172295888, 
        "prior knowledg": 0.13036250028995244, 
        "ground truth": 0.0901156474568523, 
        "featur vector": -0.034920225884884804, 
        "simul result": 0.06822584845384996, 
        "time vari": 0.07342799114503983, 
        "propos algorithm": 0.05748217522934159, 
        "current committe": 0.0, 
        "rule base": -0.018835082245776347, 
        "decis maker": -0.05236144203316552, 
        "new approach": 0.0622954188223141, 
        "sup sup": 0.04558552320264718, 
        "recommend system": -0.12830712624214297, 
        "gaussian mixtur": 0.15621093414034415, 
        "real world": 0.0759974680283692, 
        "wide rang": 0.09132582517051574, 
        "e commerc": -0.12430531595698262, 
        "swarm optim": 0.04883477994646372, 
        "matrix inequ": -0.06552363308920982, 
        "propos new": 0.040887736795748905,