{
    "58": {
        "self organ": 8.412329669468383, 
        "time delay": 6.32424019547894, 
        "high accuraci": 7.216262830900935, 
        "new method": 4.605970513188732, 
        "linear discrimin": -1.4504875282116525, 
        "convolut neural": 7.721052892089752, 
        "social network": -7.7607176650528995, 
        "deep learn": 8.255263821478229, 
        "take advantag": 6.338045610789114, 
        "anomali detect": -3.480660001793624, 
        "learn techniqu": -2.659949143539166, 
        "inform retriev": -9.23145994651467, 
        "magnet reson": -3.2608657393342777, 
        "remot sens": 3.199605695414832, 
        "compon analysi": 2.3575654506996644, 
        "previou work": -6.978763913608015, 
        "case studi": 4.708184190006444, 
        "p p": 16.16736000665002, 
        "big data": -3.4762800632483866, 
        "np hard": -9.164657639325888, 
        "reinforc learn": 0.7835194614203221, 
        "comput vision": 0.3756684583219139, 
        "experi show": -2.877280761863981, 
        "least squar": 21.10929509887936, 
        "data collect": 0.1335865244451756, 
        "fault toler": 13.186377711340898, 
        "short term": 16.63120591913987, 
        "featur select": -6.7961184898674745, 
        "fold cross": 6.943905985105085, 
        "similar measur": -16.808805186585783, 
        "propos novel": 2.3716123813797205, 
        "analysi pca": 6.274490869191324, 
        "present new": -1.8904956206128016, 
        "classif accuraci": 4.066924397363514, 
        "e g": -1.0110944740859205, 
        "kernel function": 16.48489424456977, 
        "sub sub": -5.971917339655002, 
        "bayesian network": -5.559201116343961, 
        "paper describ": -3.1997521384824585, 
        "fals alarm": 0.22087227579491087, 
        "result obtain": 4.108459132125098, 
        "good perform": 10.224306420554512, 
        "commonli use": 7.614345846841131, 
        "petri net": -1.2096304756320626, 
        "method base": 4.494955928998625, 
        "hidden node": 36.55739835211374, 
        "licens plate": 0.30208763012052575, 
        "learn method": 7.567711271849137, 
        "import role": -5.223616887544508, 
        "black box": 13.17276312925175, 
        "basi function": 35.88850847769062, 
        "facial express": -0.1795697882518837, 
        "propos approach": 4.194733078603091, 
        "gradient descent": 17.302395325728085, 
        "proceed record": 1.4412683790323684, 
        "real life": -0.13297472767379945, 
        "result indic": 5.768105342239447, 
        "chapter contain": -37.14190655155828, 
        "improv perform": -2.1402549479579767, 
        "low level": -1.121962283611935, 
        "comput complex": -0.5411568309260831, 
        "experi result": 2.582501973778621, 
        "recent year": -1.103632114988333, 
        "sentiment analysi": -12.753126491422464, 
        "learn approach": -7.873797087412783, 
        "mont carlo": -1.5583201647034637, 
        "naiv bay": -2.8779026602714137, 
        "cluster algorithm": -0.9476138695294727, 
        "suppli chain": -16.94918084561012, 
        "intuitionist fuzzi": -6.543739690220503, 
        "mobil robot": 10.010532989319445, 
        "demonstr effect": -2.7685296396324177, 
        "confer proceed": -27.24340578960649, 
        "train sampl": 11.971200641702461, 
        "improv accuraci": 6.358488992091838, 
        "maximum likelihood": 1.1639777680580805, 
        "paper present": -0.4163648548348768, 
        "gene express": -3.3305796037766724, 
        "search engin": -12.848100128079027, 
        "experiment result": 4.888130713151006, 
        "mobil devic": 1.2402306059810921, 
        "web servic": -18.36275238319503, 
        "face recognit": -1.7735431812048739, 
        "non neg": -5.600179630743398, 
        "train set": 6.658983582840315, 
        "fuzzi logic": 4.173788906616671, 
        "machin elm": 29.774012163121473, 
        "ad hoc": -0.10175239170676806, 
        "particl swarm": 4.114494433050208, 
        "effect propos": 7.905486008765777, 
        "real time": 9.002146271381116, 
        "n gram": -5.878868374898947, 
        "vector machin": 7.135721095258918, 
        "mean squar": 19.187539473332325, 
        "posit neg": -2.711320856805954, 
        "power plant": 12.77720819658142, 
        "supervis learn": 1.6902182027392125, 
        "upper bound": 10.477475616995314, 
        "k mean": -2.8952513550143575, 
        "hidden layer": 38.66310287632353, 
        "support vector": 7.047670180212876, 
        "decis tree": -2.067097104305153, 
        "k nearest": -0.014734776139058152, 
        "state art": -1.758504062743429, 
        "fault diagnosi": 13.829315792305449, 
        "set theori": -13.276126213327753, 
        "kalman filter": 3.610279471198495, 
        "wide use": 5.838131843840321, 
        "high level": -0.7973225596545657, 
        "inequ lmi": -3.9104790637413633, 
        "paper propos": 2.689012374372972, 
        "data mine": -9.79339551577185, 
        "back propag": 42.79686975890175, 
        "ls svm": 23.685076271640796, 
        "larg number": 0.20070490982623812, 
        "show propos": 8.162882275542074, 
        "larg amount": -1.2987489870273832, 
        "web page": -12.579319635963083, 
        "suffici condit": -16.40129352967387, 
        "section titl": -37.4813674440896, 
        "markov model": -2.026005530330413, 
        "network ann": 26.07469083813304, 
        "co occurr": -0.14438553364874906, 
        "amino acid": 6.274814690359964, 
        "control system": 9.708648783748803, 
        "learn algorithm": 8.110197500214714, 
        "precis recal": -4.272957610162891, 
        "close loop": 4.223913843371324, 
        "extrem learn": 29.528760072412936, 
        "result demonstr": 0.25994130249431335, 
        "fals posit": 2.83624841794317, 
        "decis make": 1.1019056483608274, 
        "ant coloni": -1.4893716585209351, 
        "semi supervis": 1.9097621107621696, 
        "time consum": 4.560942795856041, 
        "genet algorithm": 5.830789444716898, 
        "present novel": 1.8385437029025367, 
        "social media": -8.985307112924575, 
        "pre process": 4.806851180487481, 
        "paper introduc": -5.193916467782502, 
        "propos method": 5.3797195215761935, 
        "train data": 11.197214375889574, 
        "spatio tempor": 5.140059664608918, 
        "h sub": -6.701774620324891, 
        "result show": 10.729032465125307, 
        "contain section": -37.4813674440896, 
        "pid control": 17.858943305867587, 
        "take account": -0.8217491909260488, 
        "princip compon": 0.8984897693406395, 
        "predict accuraci": 12.149714850404003, 
        "associ rule": -27.01209666819967, 
        "breast cancer": -0.08897370005810593, 
        "knowledg discoveri": -8.62876241760563, 
        "prior knowledg": 1.6089756860121331, 
        "ground truth": 5.939670996199278, 
        "featur vector": 1.016049426751295, 
        "simul result": 16.27660966492257, 
        "time vari": 4.016454814274296, 
        "propos algorithm": 4.24749064192627, 
        "current committe": 0, 
        "rule base": 0.697030389930084, 
        "decis maker": -7.90896036818895, 
        "new approach": 6.494530998926273, 
        "sup sup": -0.08056311431457552, 
        "recommend system": -10.933819616372624, 
        "gaussian mixtur": -0.4806362269640232, 
        "real world": -0.5432118912696839, 
        "wide rang": -0.47850060591794863, 
        "e commerc": -9.61080451539508, 
        "swarm optim": 3.7576499003189303, 
        "matrix inequ": -3.529239026927981, 
        "propos new": 1.0420474927674999, 
        "non stationari": 8.94308743580583, 
        "publicli avail": -3.1630028903050382, 
        "radial basi": 36.317643952459875, 
        "slide mode": 6.774627432858512, 
        "well known": 1.1272321110855088, 
        "data set": 4.327624170293302, 
        "featur space": -0.1617267116901992,