{
    "0": {
        "em first": 0.0, 
        "self organ": -0.022201027837069037, 
        "img class": 0.0, 
        "user interest": -0.04027291323117578, 
        "manag system": 0.23380364988319502, 
        "ab contain": 0.0, 
        "cross languag": -0.265983586384142, 
        "social network": 0.09045599741877186, 
        "take advantag": 0.05859107524743337, 
        "first page": -0.4531399969424421, 
        "sup sup": 0.05427211273534204, 
        "low level": -0.21338762695984323, 
        "inform retriev": 0.00958606762293467, 
        "remot sens": -0.019885629757402903, 
        "digit librari": 0.09569551661982256, 
        "cultur heritag": 0.04361508239395606, 
        "space model": -0.27397525758199825, 
        "previou work": -0.14367166812646337, 
        "case studi": 0.09867873246903704, 
        "extens experi": -0.10379804070426876, 
        "p p": 0.1823026307194011, 
        "relationship among": -0.13569989857833414, 
        "big data": 0.19969951962301638, 
        "cluster algorithm": -0.26462720888149655, 
        "variant small": -0.524970875409605, 
        "experi show": -0.19434843056493573, 
        "spatio tempor": 0.060696958253679656, 
        "fault toler": 0.34173859247841204, 
        "class img": 0.0, 
        "radi transfer": 0.009759585948353784, 
        "real world": 0.036316810757657955, 
        "level featur": -0.4429270380198751, 
        "similar measur": -0.3259600525851869, 
        "user prefer": 0.022315316426586563, 
        "propos novel": -0.05265638059419746, 
        "huge amount": 0.14744769222589638, 
        "present new": -0.1482482195101663, 
        "e g": 0.12747609991121528, 
        "sub sub": -0.09212783658319681, 
        "textur featur": -0.46757143501223825, 
        "page articl": -0.2871253151181214, 
        "knowledg base": 0.04132930076856699, 
        "xploreasset imag": 0.0, 
        "color histogram": -0.34197772707549173, 
        "gaussian mixtur": -0.3674872712925375, 
        "bug report": -0.1259611770805513, 
        "paper discuss": 0.09671641453601997, 
        "semant gap": -0.11753267663264802, 
        "png border": 0.0, 
        "address issu": 0.15071951831024302, 
        "import role": -0.033528332354602695, 
        "hidden markov": -0.3074931288898972, 
        "propos approach": -0.12404887921997675, 
        "search result": -0.1590968964038426, 
        "result indic": -0.11302158081050702, 
        "improv perform": -0.21686852964340061, 
        "vector machin": -0.24602276477020313, 
        "wide web": 0.0840399890939613, 
        "bright temperatur": -0.22103682554331167, 
        "sensor network": 0.3057614106019453, 
        "solid src": 0.0, 
        "retriev perform": -0.3350772121996737, 
        "latent dirichlet": -0.16613474327456773, 
        "px solid": 0.0, 
        "signific improv": -0.16399550308020813, 
        "absimag png": 0.0, 
        "f measur": -0.15465081722742643, 
        "new approach": -0.0990219391426408, 
        "font size": -0.5819989836631618, 
        "surfac temperatur": -0.2037114961284559, 
        "demonstr effect": -0.11047264439728949, 
        "commonli use": -0.13805656121506624, 
        "br br": 0.02682671169668501, 
        "visual featur": -0.2881878975967255, 
        "paper present": 0.0252492821345531, 
        "experiment result": -0.20722037906292937, 
        "font variant": 0.0, 
        "invert index": -0.0062142215340309885, 
        "web servic": 0.3584918162181082, 
        "recal precis": -0.134622210905453, 
        "imag absimag": 0.0, 
        "mobil phone": 0.3052896305502426, 
        "respons time": 0.19872249460938263, 
        "e learn": 0.1802852016595462, 
        "style font": -0.09052458284589723, 
        "inform extract": -0.015081783401146968, 
        "ad hoc": 0.26022910939367544, 
        "real time": 0.19602515698215747, 
        "color textur": -0.20345959544776698, 
        "small cap": 0.0, 
        "stack overflow": -0.026091405959565325, 
        "singular valu": -0.250515102015408, 
        "time consum": -0.06305992091726896, 
        "machin svm": -0.19020396504166853, 
        "k mean": -0.36830275829285997, 
        "style width": 0.0, 
        "k nearest": -0.24713985849404504, 
        "state art": -0.09147232246930327, 
        "high qualiti": 0.07164932084678353, 
        "wide use": -0.005303497026805537, 
        "high level": -0.054414791684385046, 
        "medic imag": -0.1266424117123079, 
        "paper propos": -0.008361225348864985, 
        "data mine": 0.0230310005383385, 
        "content base": -0.18409400473756446, 
        "question answer": -0.11400814245431766, 
        "larg number": 0.1441356963096831, 
        "artifici intellig": 0.08314126374183688, 
        "xml document": -0.01623782855884083, 
        "larg amount": 0.11116345760398887, 
        "base imag": -0.33611837129378974, 
        "web page": -0.10524360061520487, 
        "bag word": -0.3704581627917979, 
        "markov model": -0.2543849220656845, 
        "co occurr": -0.3419918698607677, 
        "width border": 0.0, 
        "wind speed": -0.17196702148800289, 
        "mobil agent": 0.19061752129679, 
        "design implement": 0.2602074932520829, 
        "land surfac": -0.21773799279233794, 
        "precis recal": -0.20916593916053094, 
        "paper describ": 0.10615599502203293, 
        "result demonstr": -0.12282487361643951, 
        "semant similar": -0.16951387772367316, 
        "top k": 0.0042812466653451555, 
        "decis make": 0.08944770407789307, 
        "even though": 0.11524077830906462, 
        "domain ontolog": 0.012820171424973348, 
        "semi supervis": -0.26502570537896736, 
        "mobil devic": 0.3045728024029095, 
        "machin translat": -0.3246180962058339, 
        "genet algorithm": -0.3144806111095654, 
        "present novel": -0.12225021273811076, 
        "social media": 0.018873434968372037, 
        "vector space": -0.3253203916710136, 
        "data sourc": 0.24510579894391138, 
        "result show": -0.1161144356793018, 
        "inform need": -0.033795604890552555, 
        "text mine": -0.113765315258079, 
        "retriev ir": -0.08083304559624606, 
        "propos method": -0.2225598601677304, 
        "take account": -0.028093280424358005, 
        "wavelet transform": -0.42748543606744693, 
        "imag retriev": -0.3578279410742711, 
        "associ rule": -0.12595023049727389, 
        "soil moistur": -0.3590598923032826, 
        "cbir system": -0.2018432378585343, 
        "user interfac": 0.1270175592363173, 
        "img ab": 0.0, 
        "ground truth": -0.10467189719550829, 
        "featur vector": -0.4467325526225734, 
        "high resolut": -0.17134739779681846, 
        "languag model": -0.252427763660746, 
        "princip compon": -0.33214127546584093, 
        "allow user": 0.10430097237933006, 
        "propos algorithm": -0.21726198618914297, 
        "fine grain": 0.22697828086160782, 
        "latent semant": -0.27309917103032116, 
        "recommend system": -0.020787676329829953, 
        "retriev cbir": -0.28219318510088265, 
        "end user": 0.27615772872483485, 
        "featur select": -0.3284933435144839, 
        "distanc measur": -0.4040613529344025, 
        "wide rang": 0.1428771141452337, 
        "e commerc": 0.0792596688209811, 
        "water vapor": -0.014636581206801624, 
        "propos new": -0.13454953616399593, 
        "recent year": 0.06713696998340808, 
        "becom import": 0.1090909624510256, 
        "well known": -0.09110128736454644, 
        "data set": -0.03102238041337766, 
        "cloud comput": 0.379648399456378, 
        "web site": 0.04893537427127296, 
        "machin learn": -0.18120719944472546, 
        "n gram": -0.4502346961576057, 
        "high dimension": -0.26761051800682295, 
        "support vector": -0.25723971254561817, 
        "search engin": -0.05753619684104567, 
        "time seri": -0.1503837783829267,