{
    "10": {
        "em first": 0.0, 
        "self organ": 0.0036860702097283988, 
        "img class": 0.0, 
        "user interest": -0.12280362130730717, 
        "manag system": -0.24444972294590842, 
        "ab contain": 0.0, 
        "cross languag": -0.18456390391639585, 
        "social network": -0.18357911662029439, 
        "take advantag": -0.10674193073528311, 
        "first page": -0.777136990807201, 
        "sup sup": -0.06978550221938883, 
        "low level": 0.2945661215303957, 
        "inform retriev": 0.06939881977444844, 
        "remot sens": -0.016561837146901758, 
        "digit librari": -0.10907640653681712, 
        "cultur heritag": 0.030753628761535697, 
        "space model": -0.20686693732007533, 
        "previou work": 0.12720232379035487, 
        "case studi": -0.26421520841241314, 
        "extens experi": -0.05171188267059454, 
        "p p": 0.048447651599677524, 
        "relationship among": -0.2836350446252569, 
        "big data": -0.45643410373759596, 
        "cluster algorithm": 0.060441373919996454, 
        "variant small": -0.5635518971523817, 
        "experi show": 0.15951491425946798, 
        "spatio tempor": -0.019039880062745075, 
        "fault toler": 0.009614531667337538, 
        "class img": 0.0, 
        "radi transfer": -0.077805076621175, 
        "real world": 0.03172114767235156, 
        "level featur": 0.3868645357210153, 
        "similar measur": 0.029566199219727862, 
        "user prefer": -0.07218421417546467, 
        "propos novel": 0.07699925347970393, 
        "huge amount": -0.17416506658050723, 
        "present new": 0.13422929222128663, 
        "e g": 0.07301866279237697, 
        "sub sub": -0.04995460422214552, 
        "textur featur": 0.09207301267463358, 
        "page articl": -0.7323129625889986, 
        "knowledg base": -0.5012055718723804, 
        "xploreasset imag": 0.0, 
        "color histogram": -0.14453798999202236, 
        "gaussian mixtur": 0.8029740513796418, 
        "bug report": 0.03555915637798426, 
        "paper discuss": -0.02629379796344691, 
        "semant gap": -0.1538984345618521, 
        "png border": 0.0, 
        "address issu": -0.017707882422360797, 
        "import role": 0.06132814868069688, 
        "hidden markov": 0.687683685556986, 
        "propos approach": 0.06043099954826173, 
        "search result": -0.276415678998941, 
        "result indic": 0.097835958013047, 
        "improv perform": 0.07025596663096835, 
        "vector machin": 0.6076574576847101, 
        "wide web": -0.3633672039961819, 
        "bright temperatur": -0.08877104218898922, 
        "sensor network": -0.2191677129743764, 
        "solid src": 0.0, 
        "retriev perform": -0.06846106275400916, 
        "latent dirichlet": 0.2060927052331506, 
        "px solid": 0.0, 
        "signific improv": 0.2834203535365403, 
        "absimag png": 0.0, 
        "f measur": -0.08250922200797332, 
        "new approach": 0.09961325480857877, 
        "font size": -0.8369650246084657, 
        "surfac temperatur": -0.10024766056839116, 
        "demonstr effect": 0.018146721538510362, 
        "commonli use": 0.2541402752868911, 
        "br br": -0.025924827643052054, 
        "visual featur": -0.13217793394358102, 
        "paper present": 0.10316705185484537, 
        "experiment result": 0.15381139050440545, 
        "font variant": 0.0, 
        "invert index": -0.1998885463685848, 
        "web servic": -0.563010491178385, 
        "recal precis": -0.17885859158964626, 
        "imag absimag": 0.0, 
        "mobil phone": 0.0812898993398625, 
        "respons time": -0.2064099094919282, 
        "e learn": -0.10860106031858935, 
        "style font": -0.046980238208734655, 
        "inform extract": -0.21590302393530209, 
        "ad hoc": -0.46462223635909405, 
        "real time": 0.11402707873407007, 
        "color textur": -0.0010462331150302377, 
        "small cap": 0.0, 
        "stack overflow": 0.08387280049149033, 
        "singular valu": -0.1589262795595384, 
        "time consum": -0.2060985601722932, 
        "machin svm": 0.5899052925876687, 
        "k mean": 0.10002119751996236, 
        "style width": 0.0, 
        "k nearest": 0.3497897474971842, 
        "state art": 0.40226728973952963, 
        "high qualiti": 0.013830276248414895, 
        "wide use": 0.0458343578062773, 
        "high level": 0.21251350677285213, 
        "medic imag": 0.07502913265161705, 
        "paper propos": 0.012949677747522087, 
        "data mine": -0.19314127015367596, 
        "content base": 0.25464383060936535, 
        "question answer": -0.22124863375424228, 
        "larg number": -0.14633121679288427, 
        "artifici intellig": -0.13386012925539373, 
        "xml document": -0.1469272498052466, 
        "larg amount": -0.12369728100574717, 
        "base imag": -0.6364440544801413, 
        "web page": -0.4616658947864886, 
        "bag word": 0.044317441988547174, 
        "markov model": 0.6499554097064941, 
        "co occurr": 0.07842218128395324, 
        "width border": 0.0, 
        "wind speed": -0.08396121912920573, 
        "mobil agent": -0.1537416921702139, 
        "design implement": -0.2969319791383123, 
        "land surfac": -0.08111345320683358, 
        "precis recal": -0.23597276986905094, 
        "paper describ": 0.07981764425868972, 
        "result demonstr": 0.09080356881185234, 
        "semant similar": -0.43902079240471736, 
        "top k": -0.07903734650121971, 
        "decis make": -0.056194417236622836, 
        "even though": -0.08117062109644557, 
        "domain ontolog": -0.41213036044184675, 
        "semi supervis": 0.1423702467413024, 
        "mobil devic": 0.050253612820505666, 
        "machin translat": 0.07882529542714563, 
        "genet algorithm": 0.0715041398209205, 
        "present novel": 0.22507531796229616, 
        "social media": -0.17867344388112502, 
        "vector space": -0.18385579269646496, 
        "data sourc": -0.5868317591111928, 
        "result show": 0.13098451429592195, 
        "inform need": -0.3386608281228409, 
        "text mine": -0.3173839473175158, 
        "retriev ir": -0.6411404005907937, 
        "propos method": 0.24609943158140207, 
        "take account": 0.06603735842176843, 
        "wavelet transform": -0.11904485513931921, 
        "imag retriev": -0.5219821866857013, 
        "associ rule": -0.050671726939096176, 
        "soil moistur": -0.34480483411476703, 
        "cbir system": -0.12119138762263548, 
        "user interfac": -0.09746836881546767, 
        "img ab": 0.0, 
        "ground truth": 0.2660358139469359, 
        "featur vector": 0.3725530951659642, 
        "high resolut": -0.057301229867352484, 
        "languag model": 0.10165406626496314, 
        "princip compon": 0.3607033779532754, 
        "allow user": -0.036465112599366245, 
        "propos algorithm": 0.05173821435449458, 
        "fine grain": 0.05645827035721603, 
        "latent semant": -0.039373160838295736, 
        "recommend system": 0.10893854375745853, 
        "retriev cbir": -0.14400904011528795, 
        "end user": -0.03434964312789995, 
        "featur select": 0.4565716752872849, 
        "distanc measur": 0.30280628266438603, 
        "wide rang": 0.14373449854207307, 
        "e commerc": -0.2687869945761795, 
        "water vapor": -0.05908803760659981, 
        "propos new": -0.011120003510804522, 
        "recent year": 0.09636397130771981, 
        "becom import": -0.09046004242733051, 
        "well known": 0.0758154261166265, 
        "data set": -0.034944686591757625, 
        "cloud comput": -0.3234216207477943, 
        "web site": -0.29867359073874955, 
        "machin learn": 0.20988422693762265, 
        "n gram": 0.5128043469226343, 
        "high dimension": -0.10719462570286811, 
        "support vector": 0.5981790317206328, 
        "search engin": -0.378113239046691, 
        "time seri": 0.3147990365757947,