{
    "11": {
        "em first": 0.0, 
        "self organ": -0.023973535762166164, 
        "img class": 0.0, 
        "user interest": 0.1541785837903505, 
        "manag system": -0.03606906617426049, 
        "ab contain": 0.0, 
        "cross languag": -0.04859040766304391, 
        "social network": 0.4275428596797292, 
        "take advantag": 0.02671676054140106, 
        "first page": -0.46583440305227947, 
        "sup sup": -0.014144493080342584, 
        "low level": 0.04532049773891129, 
        "inform retriev": -0.09409290703474772, 
        "remot sens": -0.11303580028625353, 
        "digit librari": -0.15629155265366707, 
        "cultur heritag": 0.11437210175787638, 
        "space model": -0.13099734023377266, 
        "previou work": 0.03679684692085129, 
        "case studi": 0.1740796653763847, 
        "extens experi": 0.036965807138025844, 
        "p p": 0.31259728769325984, 
        "relationship among": 0.04764341932216484, 
        "big data": 0.21854745517619878, 
        "cluster algorithm": -0.08760944140362963, 
        "variant small": -0.3776705020459633, 
        "experi show": -0.08705026497890882, 
        "spatio tempor": 0.11853498292068938, 
        "fault toler": -0.0007340407621674418, 
        "class img": 0.0, 
        "radi transfer": 0.006932466415176028, 
        "real world": 0.18712454212142032, 
        "level featur": -0.002233014613595261, 
        "similar measur": -0.18240768410014155, 
        "user prefer": 0.10521577575011633, 
        "propos novel": 0.06420240457531456, 
        "huge amount": 0.2227313555257538, 
        "present new": -0.049805981532166844, 
        "e g": 0.17023999855928296, 
        "sub sub": -0.07383767338952595, 
        "textur featur": -0.030994932807997786, 
        "page articl": -0.35533989134586036, 
        "knowledg base": -0.024655076143677596, 
        "xploreasset imag": 0.0, 
        "color histogram": -0.1547963217828567, 
        "gaussian mixtur": 0.08433134178025908, 
        "bug report": 0.03071164684836873, 
        "paper discuss": 0.04599614877759134, 
        "semant gap": 0.13536213953145707, 
        "png border": 0.0, 
        "address issu": 0.08973555091158127, 
        "import role": -0.00422789759881126, 
        "hidden markov": 0.059830555095335386, 
        "propos approach": -0.016562746544204393, 
        "search result": -0.08103136901735655, 
        "result indic": -0.02658566547592892, 
        "improv perform": -0.11373322740615521, 
        "vector machin": -0.08641874723325929, 
        "wide web": -0.0539821178634415, 
        "bright temperatur": -0.022030659200035455, 
        "sensor network": -0.03695234411070052, 
        "solid src": 0.0, 
        "retriev perform": -0.19032062410325257, 
        "latent dirichlet": 0.3507513268227388, 
        "px solid": 0.0, 
        "signific improv": -0.07791446283150003, 
        "absimag png": 0.0, 
        "f measur": 0.015491975227700905, 
        "new approach": -0.016933726366868584, 
        "font size": -0.5056876724771637, 
        "surfac temperatur": -0.013546275595961391, 
        "demonstr effect": 0.06987220858001524, 
        "commonli use": -0.03576494650318685, 
        "br br": 0.011310155966206466, 
        "visual featur": 0.07027113960510446, 
        "paper present": -0.015235757320995653, 
        "experiment result": -0.043328337587138124, 
        "font variant": 0.0, 
        "invert index": 0.0012485557507938487, 
        "web servic": -0.10995530799985732, 
        "recal precis": -0.040681443407745155, 
        "imag absimag": 0.0, 
        "mobil phone": 0.09483998065848895, 
        "respons time": 0.03796280244908395, 
        "e learn": -0.018115230042239343, 
        "style font": -0.13461600594648576, 
        "inform extract": 0.14071557213401092, 
        "ad hoc": -0.03852605990669923, 
        "real time": 0.3058938459241241, 
        "color textur": -0.07512583232443401, 
        "small cap": 0.0, 
        "stack overflow": 0.13893335720042685, 
        "singular valu": -0.06357170281158248, 
        "time consum": 0.011362773045736529, 
        "machin svm": -0.07509567860561754, 
        "k mean": -0.07352365715328574, 
        "style width": 0.0, 
        "k nearest": 0.005354256402634307, 
        "state art": 0.0692689616878711, 
        "high qualiti": 0.12127198542907192, 
        "wide use": -0.047128964361969054, 
        "high level": 0.07723413696043267, 
        "medic imag": -0.02541510080391573, 
        "paper propos": -0.012894666212277226, 
        "data mine": 0.01513096091825731, 
        "content base": -0.051280862194129195, 
        "question answer": -0.03522204799825379, 
        "larg number": 0.026793384028526507, 
        "artifici intellig": 0.015257022534488556, 
        "xml document": -0.2762279029604529, 
        "larg amount": 0.09884936376154536, 
        "base imag": -0.2516292442568207, 
        "web page": -0.09212852411366423, 
        "bag word": 0.022959514490004253, 
        "markov model": 0.07464027136968159, 
        "co occurr": 0.03281051996883459, 
        "width border": 0.0, 
        "wind speed": 0.0021972049300017626, 
        "mobil agent": -0.0379417299685119, 
        "design implement": -0.06421722054866515, 
        "land surfac": -0.11984610707107093, 
        "precis recal": -0.09697943833532081, 
        "paper describ": 0.049604081189802654, 
        "result demonstr": 0.007235346465648725, 
        "semant similar": -0.14127320240771363, 
        "top k": 0.07379034337887729, 
        "decis make": 0.15633399387267904, 
        "even though": 0.039761612184367884, 
        "domain ontolog": -0.14104499688108202, 
        "semi supervis": -0.04600189348504486, 
        "mobil devic": 0.153804768381939, 
        "machin translat": -0.028272216791882347, 
        "genet algorithm": -0.1224818274725165, 
        "present novel": 0.008408968173086142, 
        "social media": 0.6113318773303663, 
        "vector space": -0.13943651411817223, 
        "data sourc": 0.030444721115975328, 
        "result show": -0.024176489072250076, 
        "inform need": -0.03744868398249371, 
        "text mine": -0.0075898503673610595, 
        "retriev ir": -0.18785288928041766, 
        "propos method": 0.003949422584719416, 
        "take account": 0.10579764027560222, 
        "wavelet transform": -0.02304762012521483, 
        "imag retriev": -0.27441825359592953, 
        "associ rule": -0.008528300090581224, 
        "soil moistur": -0.12487410668174205, 
        "cbir system": 0.04299339007927623, 
        "user interfac": 0.0393175353664767, 
        "img ab": 0.0, 
        "ground truth": 0.09707575053507231, 
        "featur vector": -0.17292157724299648, 
        "high resolut": -0.13323327547604016, 
        "languag model": -0.14695035537403336, 
        "princip compon": 0.01836941913703326, 
        "allow user": 0.11227541607712638, 
        "propos algorithm": -0.02907340931650231, 
        "fine grain": 0.12937604404665143, 
        "latent semant": -0.07019265873351885, 
        "recommend system": 0.10961503307697364, 
        "retriev cbir": -0.2146078411647132, 
        "end user": 0.08777075232579588, 
        "featur select": 0.005643531114627757, 
        "distanc measur": -0.2216425201103766, 
        "wide rang": -0.07504877760669965, 
        "e commerc": 0.004362480560693226, 
        "water vapor": 0.009240203140481674, 
        "propos new": -0.10338814711450196, 
        "recent year": 0.0896647794928283, 
        "becom import": 0.11884890003296941, 
        "well known": 0.01664384970074261, 
        "data set": 0.03755655130263385, 
        "cloud comput": -0.0448382642126477, 
        "web site": 0.07183404524640323, 
        "machin learn": 0.08655792283972041, 
        "n gram": -0.0446283547051898, 
        "high dimension": -0.09516867521370476, 
        "support vector": -0.08894320741457173, 
        "search engin": -0.11421719356951822,