{
    "12": {
        "em first": 0.0, 
        "self organ": -0.07096423524923745, 
        "img class": 0.0, 
        "user interest": 0.05894946829435878, 
        "manag system": 0.020860879085486887, 
        "ab contain": 0.0, 
        "cross languag": 0.01090059561064413, 
        "social network": 0.15426215969392337, 
        "take advantag": 0.033756593915749894, 
        "first page": -0.44785624106461247, 
        "sup sup": -0.07671018552989539, 
        "low level": -0.03404899388969761, 
        "inform retriev": 0.060046822983356896, 
        "remot sens": -0.06993367700522317, 
        "digit librari": 0.008600245740731097, 
        "cultur heritag": 0.08998114101402642, 
        "space model": 0.027147277108814434, 
        "previou work": -0.014417851154613751, 
        "case studi": 0.014470296655999611, 
        "extens experi": 0.00030710526497009297, 
        "p p": 0.09889507410298076, 
        "relationship among": 0.06973661620349214, 
        "big data": 0.19807882799220994, 
        "cluster algorithm": -0.057868300330529955, 
        "variant small": -0.8305151252483615, 
        "experi show": -0.017851094413346598, 
        "spatio tempor": -0.002743562428470176, 
        "fault toler": -0.08260299426636765, 
        "class img": 0.0, 
        "radi transfer": -0.028243515999790317, 
        "real world": 0.10905387960479836, 
        "level featur": -0.029832175958364928, 
        "similar measur": -0.014185526329729338, 
        "user prefer": 0.05278760471537689, 
        "propos novel": -0.008236431794661284, 
        "huge amount": 0.1304204171522458, 
        "present new": -0.07490337479604542, 
        "e g": 0.06912099742377267, 
        "sub sub": -0.032643837402712164, 
        "textur featur": -0.20564942933283778, 
        "page articl": -0.5525786454802868, 
        "knowledg base": 0.10519575296407979, 
        "xploreasset imag": 0.0, 
        "color histogram": -0.18770736683713835, 
        "gaussian mixtur": -0.019179646558872405, 
        "bug report": 0.06439962055061496, 
        "paper discuss": 0.0499202474415829, 
        "semant gap": 0.04034914122015031, 
        "png border": 0.0, 
        "address issu": 0.07525167518165336, 
        "import role": 0.1070631250607683, 
        "hidden markov": -0.016352117412369804, 
        "propos approach": 0.07408960630091105, 
        "search result": 0.012321570056051187, 
        "result indic": -0.08749903648435349, 
        "improv perform": -0.0799081423661627, 
        "vector machin": 0.017760779301247576, 
        "wide web": 0.1253813426791715, 
        "bright temperatur": -0.018722365410186396, 
        "sensor network": -0.14923622812093731, 
        "solid src": 0.0, 
        "retriev perform": -0.1544417503230455, 
        "latent dirichlet": 0.16303846384032258, 
        "px solid": 0.0, 
        "signific improv": -0.08642104088252134, 
        "absimag png": 0.0, 
        "f measur": 0.10112284086738932, 
        "new approach": 0.01625927556375329, 
        "font size": -0.6381699894333086, 
        "surfac temperatur": -0.04326828104098892, 
        "demonstr effect": -0.02735953864443255, 
        "commonli use": 0.03496279580737899, 
        "br br": 0.14424809627026794, 
        "visual featur": 0.05217698397467204, 
        "paper present": 0.02108396137277877, 
        "experiment result": -0.046549511088734924, 
        "font variant": 0.0, 
        "invert index": -0.03684348461010503, 
        "web servic": 0.10826153499465957, 
        "recal precis": -0.06389784486301084, 
        "imag absimag": 0.0, 
        "mobil phone": -0.028742951147705254, 
        "respons time": -0.08255565959614879, 
        "e learn": 0.05685466437230406, 
        "style font": -0.3147013334151945, 
        "inform extract": 0.12374519189930087, 
        "ad hoc": -0.03318562040205407, 
        "real time": -0.027128034272999414, 
        "color textur": -0.04208263935105702, 
        "small cap": 0.0, 
        "stack overflow": 0.005418592713353569, 
        "singular valu": -0.005867412029542223, 
        "time consum": 0.05659605390598191, 
        "machin svm": -0.024408995142428506, 
        "k mean": -0.03900469155345033, 
        "style width": 0.0, 
        "k nearest": -0.0906205498600844, 
        "state art": 0.02803389744034122, 
        "high qualiti": 0.05139514612494871, 
        "wide use": -0.07002132241315608, 
        "high level": -0.0281543955268081, 
        "medic imag": -0.09426821652688505, 
        "paper propos": 0.011676256266863423, 
        "data mine": 0.2030880845366756, 
        "content base": -0.08510591741958654, 
        "question answer": -0.05150736415000208, 
        "larg number": -0.006307939058456584, 
        "artifici intellig": -0.06970666896467352, 
        "xml document": -0.013176078579167754, 
        "larg amount": 0.060052030035588025, 
        "base imag": -0.1203800849293626, 
        "web page": 0.054778022681306916, 
        "bag word": 0.08477758965828054, 
        "markov model": -0.006618097955028063, 
        "co occurr": 0.01160936737928334, 
        "width border": 0.0, 
        "wind speed": -0.08101120962020644, 
        "mobil agent": -0.015071378540658596, 
        "design implement": 0.00106865635430076, 
        "land surfac": -0.041764078423952064, 
        "precis recal": 0.05489653310143188, 
        "paper describ": 0.032302963901288596, 
        "result demonstr": -0.08173887494203753, 
        "semant similar": 0.01228467703196321, 
        "top k": 0.009995090138423996, 
        "decis make": 0.1420742271354486, 
        "even though": 0.07205292757077274, 
        "domain ontolog": 0.10119355001391606, 
        "semi supervis": 0.09925896435902248, 
        "mobil devic": -0.13758319702699423, 
        "machin translat": 0.014579001760464828, 
        "genet algorithm": -0.05826617808687517, 
        "present novel": -0.05024318359753437, 
        "social media": 0.23918648675919751, 
        "vector space": 0.025903261823432396, 
        "data sourc": 0.06586757627804433, 
        "result show": -0.05965267501806347, 
        "inform need": 0.042496122587485516, 
        "text mine": 0.17462682924057138, 
        "retriev ir": 0.02613384481248301, 
        "propos method": -0.0491180868529382, 
        "take account": 0.07064098490730693, 
        "wavelet transform": -0.12012790420509101, 
        "imag retriev": -0.1424311771335684, 
        "associ rule": 0.2651651870431714, 
        "soil moistur": -0.10407696178775228, 
        "cbir system": -0.14410603320143794, 
        "user interfac": 0.07886799753099472, 
        "img ab": 0.0, 
        "ground truth": -0.0054052863696708595, 
        "featur vector": -0.13066572818104544, 
        "high resolut": -0.0676713436910516, 
        "languag model": 0.03862059887582808, 
        "princip compon": -0.06090194539421716, 
        "allow user": 0.028266131428086306, 
        "propos algorithm": -0.1439333588555546, 
        "fine grain": 0.12341984887909198, 
        "latent semant": -0.005886441701268885, 
        "recommend system": 0.14849220306914165, 
        "retriev cbir": -0.13876804319160835, 
        "end user": 0.03233921751977828, 
        "featur select": 0.026614633791698507, 
        "distanc measur": -0.059766557249022106, 
        "wide rang": 0.007036950020222553, 
        "e commerc": 0.18937873491464646, 
        "water vapor": -0.047000390551812085, 
        "propos new": -0.04450960971131709, 
        "recent year": 0.08808943100151309, 
        "becom import": 0.014676257484738525, 
        "well known": 0.02200813426909129, 
        "data set": 0.04748222272120754, 
        "cloud comput": -0.05687401176559124, 
        "web site": 0.08505240759576903, 
        "machin learn": 0.17415078797850156, 
        "n gram": 0.0327910369971398, 
        "high dimension": -0.15529036174808797, 
        "support vector": 0.006291881354613408, 
        "search engin": -0.005470034444124012,