{
    "13": {
        "em first": 0.0, 
        "self organ": -0.003463792180937966, 
        "img class": 0.0, 
        "user interest": 0.09833467886018628, 
        "manag system": -0.049233472486810065, 
        "ab contain": 0.0, 
        "cross languag": 0.03238777100985828, 
        "social network": 0.1227477562634065, 
        "take advantag": 0.07073282633873451, 
        "first page": -0.46926427256858155, 
        "sup sup": 0.0733563773025661, 
        "low level": -0.04031452883559613, 
        "inform retriev": -0.06904219426463928, 
        "remot sens": 0.0612341867647653, 
        "digit librari": -0.052011445657855065, 
        "cultur heritag": -0.006283434125385849, 
        "space model": -0.007918541841941039, 
        "previou work": 0.10530541150905584, 
        "case studi": 0.020987696655099485, 
        "extens experi": 0.12809210920037983, 
        "p p": 0.0826222866561611, 
        "relationship among": -0.018705175830335066, 
        "big data": 0.032982644023694455, 
        "cluster algorithm": -0.05076719621804089, 
        "variant small": -0.31259885912364516, 
        "experi show": -0.023066002228040144, 
        "spatio tempor": 0.03104219564050095, 
        "fault toler": -0.02324371018567589, 
        "class img": 0.0, 
        "radi transfer": 0.19872172227055152, 
        "real world": 0.12315138290706033, 
        "level featur": -0.022918297114118615, 
        "similar measur": -0.00839046333239065, 
        "user prefer": -0.009756611958105501, 
        "propos novel": 0.025713157985865785, 
        "huge amount": 0.04912863212103018, 
        "present new": -0.06062396552680002, 
        "e g": 0.060422015779520326, 
        "sub sub": 0.1486822527187929, 
        "textur featur": -0.007688251395296481, 
        "page articl": -0.42242823140210545, 
        "knowledg base": 0.05232938032885409, 
        "xploreasset imag": 0.0, 
        "color histogram": -0.0015526333547610151, 
        "gaussian mixtur": 0.04437717889092973, 
        "bug report": 0.03764548607007082, 
        "paper discuss": -0.004601127499364191, 
        "semant gap": -0.014436807016821866, 
        "png border": 0.0, 
        "address issu": 0.11410702841975376, 
        "import role": 0.02114587406471809, 
        "hidden markov": 0.01726008710176865, 
        "propos approach": 0.00879461027880051, 
        "search result": -0.03293451498596096, 
        "result indic": 0.06058732480480686, 
        "improv perform": 0.08927035116798132, 
        "vector machin": 0.013894735495121402, 
        "wide web": -0.002128093473663034, 
        "bright temperatur": 0.12440926061649242, 
        "sensor network": -0.05717783495337675, 
        "solid src": 0.0, 
        "retriev perform": 0.009282950683165902, 
        "latent dirichlet": 0.07998884329300375, 
        "px solid": 0.0, 
        "signific improv": 0.11754497809103333, 
        "absimag png": 0.0, 
        "f measur": 0.12736426257595276, 
        "new approach": -0.02337910488774007, 
        "font size": -0.4442943459537453, 
        "surfac temperatur": 0.14998103476140878, 
        "demonstr effect": 0.09084425417398936, 
        "commonli use": 0.03064200587379023, 
        "br br": 0.028866227465881314, 
        "visual featur": 0.002887257957505821, 
        "paper present": -0.07265462105300313, 
        "experiment result": -0.02279193872362634, 
        "font variant": 0.0, 
        "invert index": 0.05973685274575731, 
        "web servic": -0.0695175914120994, 
        "recal precis": 0.021319454875199217, 
        "imag absimag": 0.0, 
        "mobil phone": 0.027527400212253944, 
        "respons time": 0.16721493151783376, 
        "e learn": 0.018574722150203265, 
        "style font": -0.14726929460648047, 
        "inform extract": -0.013460403856010033, 
        "ad hoc": 0.050741227264153255, 
        "real time": 0.022277555956795533, 
        "color textur": 0.0023358783253629467, 
        "small cap": 0.0, 
        "stack overflow": 0.35471649745248107, 
        "singular valu": 0.026413520089162198, 
        "time consum": 0.027505108949884227, 
        "machin svm": 0.02299920142160947, 
        "k mean": -0.0318399189997701, 
        "style width": 0.0, 
        "k nearest": 0.06051488182805346, 
        "state art": 0.06061160645044013, 
        "high qualiti": 0.17674755390014668, 
        "wide use": 0.07007777319782253, 
        "high level": -0.01621832579217609, 
        "medic imag": 0.002704499057168998, 
        "paper propos": -0.022374665079858205, 
        "data mine": -0.04953862946463846, 
        "content base": -0.16525538187547056, 
        "question answer": 0.30168923924043206, 
        "larg number": 0.018300906765101824, 
        "artifici intellig": 0.0016029748610972344, 
        "xml document": -0.016777585831270845, 
        "larg amount": -0.005996260619759311, 
        "base imag": -0.17056358194231194, 
        "web page": -0.004908473744987974, 
        "bag word": 0.08142023155228753, 
        "markov model": 0.020586803599477687, 
        "co occurr": 0.007777008819085901, 
        "width border": 0.0, 
        "wind speed": 0.09103929038431227, 
        "mobil agent": -0.05212951382593435, 
        "design implement": -0.043108055603885434, 
        "land surfac": 0.13261570182605176, 
        "precis recal": 0.02374669313411899, 
        "paper describ": -0.07092282559276039, 
        "result demonstr": 0.09466863459679625, 
        "semant similar": 0.0591428475445377, 
        "top k": 0.04363660432757693, 
        "decis make": -0.03573411188946234, 
        "even though": 0.11159800160393026, 
        "domain ontolog": 0.004880878600017732, 
        "semi supervis": 0.06091404135389321, 
        "mobil devic": -0.05809273465875244, 
        "machin translat": 0.07629965506482206, 
        "genet algorithm": -0.007849516536049334, 
        "present novel": 0.006727186435688715, 
        "social media": 0.12274067022838347, 
        "vector space": 0.021063485577109756, 
        "data sourc": 0.01297045351350255, 
        "result show": 0.07886158449303929, 
        "inform need": -0.0017250184287971708, 
        "text mine": 0.057042233833626825, 
        "retriev ir": 0.04235555427424277, 
        "propos method": 0.051574326482275556, 
        "take account": 0.05555761387254761, 
        "wavelet transform": 0.04125726866369154, 
        "imag retriev": -0.18759751510993827, 
        "associ rule": 0.007555506179771973, 
        "soil moistur": 0.06914718456338065, 
        "cbir system": 0.04118424830094255, 
        "user interfac": -0.0005851341542252976, 
        "img ab": 0.0, 
        "ground truth": 0.12451978033454934, 
        "featur vector": -0.02930005636028786, 
        "high resolut": 0.16172184791247785, 
        "languag model": 0.09567961945676352, 
        "princip compon": 0.08840254156139038, 
        "allow user": 0.05762098662667544, 
        "propos algorithm": 0.002785978416759198, 
        "fine grain": 0.06131107575695518, 
        "latent semant": 0.00047554805724531836, 
        "recommend system": 0.029394089947365136, 
        "retriev cbir": -0.03897052461115683, 
        "end user": 0.01757639082016536, 
        "featur select": 0.09195471987201782, 
        "distanc measur": 0.01679549555990556, 
        "wide rang": 0.068611972294919, 
        "e commerc": -0.04509172304792618, 
        "water vapor": 0.20571899433682653, 
        "propos new": 0.001209592017807985, 
        "recent year": -0.001043076555697697, 
        "becom import": 0.05623454671649942, 
        "well known": 0.14299761078564208, 
        "data set": 0.07666252354945016, 
        "cloud comput": -0.010643024428991316, 
        "web site": 0.023741143486618203, 
        "machin learn": 0.07925700437539035, 
        "n gram": -0.00021767048575966502, 
        "high dimension": 0.03029800038731685, 
        "support vector": 0.009419824545477037, 
        "search engin": 0.012860116851631766,