{
    "14": {
        "em first": 0.0, 
        "self organ": -0.02312037839731397, 
        "img class": 0.0, 
        "user interest": -0.01451110124071065, 
        "manag system": -0.19923921624581195, 
        "ab contain": 0.0, 
        "cross languag": -0.022047299756051936, 
        "social network": -0.15962559928991243, 
        "take advantag": -0.030865043226166684, 
        "first page": -0.4455524016396267, 
        "sup sup": 0.07618687611377822, 
        "low level": 0.11346661570534765, 
        "inform retriev": -0.09195641792537808, 
        "remot sens": 0.015963488515930286, 
        "digit librari": -0.11283362245755767, 
        "cultur heritag": -0.02615201498870324, 
        "space model": -0.06764346961295636, 
        "previou work": 0.016009325994372693, 
        "case studi": -0.12409569655164401, 
        "extens experi": 0.11129862160284294, 
        "p p": 0.0331826923623851, 
        "relationship among": -0.02730982367646815, 
        "big data": 0.019157453852024938, 
        "cluster algorithm": 0.025488151330853432, 
        "variant small": -0.5019090638362507, 
        "experi show": 0.03812549970090481, 
        "spatio tempor": 0.2666791309029093, 
        "fault toler": 0.045130232113151356, 
        "class img": 0.0, 
        "radi transfer": 0.04498489615757107, 
        "real world": -0.05272089243985078, 
        "level featur": 0.19896153287957463, 
        "similar measur": 0.010378700110119012, 
        "user prefer": -0.11503786793435045, 
        "propos novel": 0.13322225168254742, 
        "huge amount": -0.017358368714471214, 
        "present new": 0.01830729687891042, 
        "e g": 0.06029353128384988, 
        "sub sub": 0.06053113007704643, 
        "textur featur": 0.1020284566545423, 
        "page articl": -0.5109328776388714, 
        "knowledg base": -0.28172754513276865, 
        "xploreasset imag": 0.0, 
        "color histogram": 0.07566850853843857, 
        "gaussian mixtur": 0.29679187993436895, 
        "bug report": -0.046976555481521846, 
        "paper discuss": -0.11918621662578038, 
        "semant gap": 0.05336471592452069, 
        "png border": 0.0, 
        "address issu": 0.018790095231707084, 
        "import role": 0.021087543815141163, 
        "hidden markov": 0.28399175312877395, 
        "propos approach": 0.05321882685721439, 
        "search result": -0.15725225060865333, 
        "result indic": 0.14285430275424307, 
        "improv perform": 0.00728660428358344, 
        "vector machin": 0.1404320145548967, 
        "wide web": -0.1334818253827569, 
        "bright temperatur": 0.003914478140726117, 
        "sensor network": 0.0401879084423461, 
        "solid src": 0.0, 
        "retriev perform": -0.02443857794831346, 
        "latent dirichlet": 0.09933130633511696, 
        "px solid": 0.0, 
        "signific improv": 0.09276449019570239, 
        "absimag png": 0.0, 
        "f measur": 0.0017298010075142876, 
        "new approach": 0.07446273254525324, 
        "font size": -0.7144337313804711, 
        "surfac temperatur": 0.055140819610152304, 
        "demonstr effect": 0.052578995214745516, 
        "commonli use": -0.003821379776073811, 
        "br br": 0.005290160244162149, 
        "visual featur": 0.0844105295601598, 
        "paper present": 0.012430696414880149, 
        "experiment result": 0.09492030024524281, 
        "font variant": 0.0, 
        "invert index": 0.08787740030364916, 
        "web servic": -0.32002008101958956, 
        "recal precis": 0.0033663153820445426, 
        "imag absimag": 0.0, 
        "mobil phone": 0.056143954948515935, 
        "respons time": -0.038487944833713386, 
        "e learn": -0.09493918767038687, 
        "style font": -0.09352839861895954, 
        "inform extract": -0.015653245494168057, 
        "ad hoc": -0.04007148359424297, 
        "real time": 0.1742537378435753, 
        "color textur": 0.1164174724794522, 
        "small cap": 0.0, 
        "stack overflow": 0.004429163417879788, 
        "singular valu": 0.06797872609014606, 
        "time consum": 0.016974904571552447, 
        "machin svm": 0.13567452970133068, 
        "k mean": 0.07310132704065515, 
        "style width": 0.0, 
        "k nearest": 0.10751863051954291, 
        "state art": 0.06289842059735132, 
        "high qualiti": 0.026100842655533467, 
        "wide use": -0.06540463237115017, 
        "high level": 0.06655026327218208, 
        "medic imag": 0.07918624962120804, 
        "paper propos": 0.05201733743702454, 
        "data mine": -0.1244350501056842, 
        "content base": 0.07550283236920516, 
        "question answer": -0.23655339042034382, 
        "larg number": 0.02180446841406964, 
        "artifici intellig": -0.11276491652650839, 
        "xml document": -0.17506002441159318, 
        "larg amount": 0.03043609943797109, 
        "base imag": -0.1034099634454792, 
        "web page": -0.23104884654860733, 
        "bag word": -0.08142084815416963, 
        "markov model": 0.2662276970226386, 
        "co occurr": 0.01576433606598343, 
        "width border": 0.0, 
        "wind speed": 0.11619258113780263, 
        "mobil agent": -0.013751630630176046, 
        "design implement": -0.08286566685669376, 
        "land surfac": 0.08305855860219831, 
        "precis recal": -0.04857906487938702, 
        "paper describ": -0.03692110277176171, 
        "result demonstr": 0.06124367454802994, 
        "semant similar": -0.06608904357455667, 
        "top k": 0.008586711768681676, 
        "decis make": -0.053446989740035616, 
        "even though": -0.018225812325397273, 
        "domain ontolog": -0.25116268968602784, 
        "semi supervis": -0.0007001580814758822, 
        "mobil devic": 0.009634526556671736, 
        "machin translat": 0.006151672124143855, 
        "genet algorithm": -0.02448786644078952, 
        "present novel": 0.1371501522436028, 
        "social media": 0.09851328081202307, 
        "vector space": -0.08077187992509864, 
        "data sourc": -0.14065911366104927, 
        "result show": 0.0909226384157876, 
        "inform need": -0.181770778845043, 
        "text mine": -0.01552654766358325, 
        "retriev ir": -0.22250543074508344, 
        "propos method": 0.14506779489688026, 
        "take account": -0.02864880564849541, 
        "wavelet transform": 0.14434321466906475, 
        "imag retriev": -0.1468330402487797, 
        "associ rule": -0.031025278237962275, 
        "soil moistur": -0.0318490193105798, 
        "cbir system": 0.005349392840617786, 
        "user interfac": -0.09140813136705597, 
        "img ab": 0.0, 
        "ground truth": 0.14913615161796842, 
        "featur vector": 0.14635070333274558, 
        "high resolut": 0.13920340635310408, 
        "languag model": 0.044144721773445264, 
        "princip compon": 0.18779011419329075, 
        "allow user": -0.10088538876361992, 
        "propos algorithm": 0.10780748358703507, 
        "fine grain": 0.04866384097189499, 
        "latent semant": -0.043407585499199854, 
        "recommend system": -0.04403623323694111, 
        "retriev cbir": -0.00596003304604698, 
        "end user": -0.0441616570058025, 
        "featur select": -0.009544740957970197, 
        "distanc measur": 0.018983839280909603, 
        "wide rang": 0.07782072467419264, 
        "e commerc": -0.12263727475295164, 
        "water vapor": 0.15704449346721944, 
        "propos new": -0.013304547501920144, 
        "recent year": -0.007112170813094387, 
        "becom import": 0.048562236752849694, 
        "well known": 0.0035181399673488004, 
        "data set": 0.010704401872318864, 
        "cloud comput": 0.011742660488701501, 
        "web site": -0.1365506011418298, 
        "machin learn": -0.07146708840724356, 
        "n gram": 0.13229730232864106, 
        "high dimension": -0.017096609602991725, 
        "support vector": 0.13652413655859827, 
        "search engin": -0.257725629234291,