{
    "15": {
        "em first": 0.0, 
        "self organ": -0.04701061114779423, 
        "img class": 0.0, 
        "user interest": -0.08310965171622316, 
        "manag system": -0.08877410695857764, 
        "ab contain": 0.0, 
        "cross languag": 0.15459219266033888, 
        "social network": -0.051008822053694836, 
        "take advantag": -0.05615868692965886, 
        "first page": -0.6655774371440201, 
        "sup sup": -0.018357986930851056, 
        "low level": 0.007867291511441226, 
        "inform retriev": 0.055627014705741495, 
        "remot sens": -0.1256785050271377, 
        "digit librari": -0.10409909314627135, 
        "cultur heritag": -0.08013663770614081, 
        "space model": 0.033224956850368775, 
        "previou work": 0.05963117839693939, 
        "case studi": -0.012919514507688697, 
        "extens experi": -0.04336408932720235, 
        "p p": 0.13545322197081391, 
        "relationship among": -0.01944477079842032, 
        "big data": -0.05842912527906905, 
        "cluster algorithm": -0.034040500271381335, 
        "variant small": -0.7206892863570974, 
        "experi show": 0.05507670009443904, 
        "spatio tempor": -0.010781001456027735, 
        "fault toler": 0.0017039692202706607, 
        "class img": 0.0, 
        "radi transfer": 0.04739464882693632, 
        "real world": 0.00491958308508499, 
        "level featur": 0.05063182999246083, 
        "similar measur": -0.09764331026843681, 
        "user prefer": -0.06431970057364078, 
        "propos novel": -0.0013401326920470663, 
        "huge amount": -0.0057293996234163615, 
        "present new": 0.0035452030953203387, 
        "e g": 0.038960853861739184, 
        "sub sub": -0.04600619465621803, 
        "textur featur": -0.0660944345555414, 
        "page articl": -0.7224834236040654, 
        "knowledg base": -0.04032848602656304, 
        "xploreasset imag": 0.0, 
        "color histogram": -0.04225786086366448, 
        "gaussian mixtur": 0.16081132096285827, 
        "bug report": 0.08987828005324577, 
        "paper discuss": -0.004766886380830788, 
        "semant gap": -0.02443942648188498, 
        "png border": 0.0, 
        "address issu": 0.02880496258733797, 
        "import role": 0.045799646917724826, 
        "hidden markov": 0.21134804294429144, 
        "propos approach": 0.013885871465816638, 
        "search result": -0.03937779354757644, 
        "result indic": 0.0535229144993851, 
        "improv perform": 0.0678137832218285, 
        "vector machin": 0.14964044421776107, 
        "wide web": -0.0194760931978371, 
        "bright temperatur": 0.004443854853237651, 
        "sensor network": -0.11187309239538387, 
        "solid src": 0.0, 
        "retriev perform": 0.07973673887154446, 
        "latent dirichlet": 0.044324087659711235, 
        "px solid": 0.0, 
        "signific improv": 0.1535890454987627, 
        "absimag png": 0.0, 
        "f measur": 0.17674213321809615, 
        "new approach": 0.021690058741620208, 
        "font size": -0.6809875616709953, 
        "surfac temperatur": -0.012982772627884796, 
        "demonstr effect": -0.038683199410129376, 
        "commonli use": 0.04951082545955825, 
        "br br": 0.03368286971897522, 
        "visual featur": 0.033735398425848974, 
        "paper present": 0.030905149277849566, 
        "experiment result": 0.041316534045953056, 
        "font variant": 0.0, 
        "invert index": 0.015563438873286753, 
        "web servic": -0.2002651241714061, 
        "recal precis": 0.05582364761939148, 
        "imag absimag": 0.0, 
        "mobil phone": -0.0028921706522180507, 
        "respons time": -0.10015691256268866, 
        "e learn": -0.02773607916561107, 
        "style font": -0.2549397474154375, 
        "inform extract": 0.07719289109447956, 
        "ad hoc": -0.009515793848166688, 
        "real time": 0.05189465850943808, 
        "color textur": -0.011610355387954147, 
        "small cap": 0.0, 
        "stack overflow": 0.016515171286167078, 
        "singular valu": 0.07081746285859973, 
        "time consum": 0.05046057868527807, 
        "machin svm": 0.17014173535395993, 
        "k mean": -0.009426984188248905, 
        "style width": 0.0, 
        "k nearest": 0.030930805422451288, 
        "state art": 0.1075460686361823, 
        "high qualiti": 0.04088369995289287, 
        "wide use": 0.051564702835468886, 
        "high level": 0.021662925872710515, 
        "medic imag": -0.005933235982458955, 
        "paper propos": 0.030010072566153803, 
        "data mine": -0.002265431624546125, 
        "content base": -0.04178299251175983, 
        "question answer": 0.08819204581753662, 
        "larg number": -0.004539508240232106, 
        "artifici intellig": -0.05364423319002856, 
        "xml document": -0.08456558237068769, 
        "larg amount": 0.05336230553044317, 
        "base imag": -0.12166677925207289, 
        "web page": -0.03819398310568179, 
        "bag word": 0.12461421429583437, 
        "markov model": 0.199652245460442, 
        "co occurr": -0.008769083961741272, 
        "width border": 0.0, 
        "wind speed": -0.049973494940546634, 
        "mobil agent": -0.04352502593262827, 
        "design implement": -0.08563064474868316, 
        "land surfac": -0.02841150989020494, 
        "precis recal": 0.04079581802844488, 
        "paper describ": 0.07409616632191805, 
        "result demonstr": 0.008792208230132503, 
        "semant similar": 0.012501978860673689, 
        "top k": 0.02838576422470209, 
        "decis make": -0.015196386374204774, 
        "even though": 0.04236546504793359, 
        "domain ontolog": -0.09294099165574143, 
        "semi supervis": 0.06886557550125473, 
        "mobil devic": -0.0010317907001030817, 
        "machin translat": 0.2392059832047315, 
        "genet algorithm": -0.06061806352048323, 
        "present novel": 0.09511127256150964, 
        "social media": -0.05227262493840305, 
        "vector space": 0.02853367174484226, 
        "data sourc": -0.0382594051607762, 
        "result show": 0.052668060753133565, 
        "inform need": 0.004831118866343468, 
        "text mine": 0.06766578997707781, 
        "retriev ir": 0.08202471173993801, 
        "propos method": 0.0923020653156116, 
        "take account": 0.0018291287761272876, 
        "wavelet transform": -0.02544714862906439, 
        "imag retriev": -0.12695017297184327, 
        "associ rule": -0.0973734335055327, 
        "soil moistur": -0.03173077854236042, 
        "cbir system": -0.008480409899536454, 
        "user interfac": 0.03044301104938172, 
        "img ab": 0.0, 
        "ground truth": 0.0534317690081504, 
        "featur vector": 0.009090820664001563, 
        "high resolut": 0.013555803876438134, 
        "languag model": 0.272065992000569, 
        "princip compon": 0.05367288273631075, 
        "allow user": -0.018875562110915997, 
        "propos algorithm": -0.002061843401557151, 
        "fine grain": -0.004002178142704358, 
        "latent semant": 0.10981204941355897, 
        "recommend system": -0.03374799871804003, 
        "retriev cbir": -0.016140559628895434, 
        "end user": 0.003023239630993766, 
        "featur select": 0.01695039891530733, 
        "distanc measur": -0.008813409597020675, 
        "wide rang": 0.07060314013234546, 
        "e commerc": -0.06142527088101822, 
        "water vapor": -0.008951132178553024, 
        "propos new": -0.06837394444995448, 
        "recent year": 0.0499344921099154, 
        "becom import": 0.06362159021593425, 
        "well known": 0.04596908915219658, 
        "data set": -0.0034589685126236395, 
        "cloud comput": -0.12322370035901593, 
        "web site": -0.1135233344335208, 
        "machin learn": 0.07087483434540316, 
        "n gram": 0.2521939171756589, 
        "high dimension": -0.0508710552514435, 
        "support vector": 0.138613589842876, 
        "search engin": -0.04631435976478803,