{
    "16": {
        "em first": 0.0, 
        "self organ": -0.08062854921580598, 
        "img class": 0.04390070760273615, 
        "user interest": -0.1350284308898656, 
        "manag system": -0.22016722232775776, 
        "ab contain": 0.04390070760273615, 
        "cross languag": -0.15013130373202424, 
        "social network": -0.07910170226388318, 
        "take advantag": -0.04787531061414842, 
        "first page": -0.392953178137955, 
        "sup sup": 0.43014870819781165, 
        "low level": -0.17235758926425473, 
        "inform retriev": -0.3348657439131041, 
        "remot sens": 0.8479900569898802, 
        "digit librari": -0.2548353382795567, 
        "cultur heritag": 0.016872251822954827, 
        "space model": -0.06116098982838304, 
        "previou work": -0.128723666484062, 
        "case studi": -0.00010240412039534599, 
        "extens experi": 0.0009460528881875757, 
        "p p": 0.19140413423486188, 
        "relationship among": -0.011931983272556962, 
        "big data": -0.015541980211843855, 
        "cluster algorithm": -0.07515639277722645, 
        "variant small": -0.7803733783028202, 
        "experi show": -0.2991416062039188, 
        "spatio tempor": 0.06958788254452071, 
        "fault toler": 0.0052511680502598645, 
        "class img": 0.04390070760273615, 
        "radi transfer": 0.9788448531771254, 
        "real world": -0.158682849378565, 
        "level featur": -0.22276587074720375, 
        "similar measur": -0.14612201826229884, 
        "user prefer": -0.06455221600368864, 
        "propos novel": -0.2064591164184341, 
        "huge amount": -0.11146423985509296, 
        "present new": -0.11797067735960869, 
        "e g": 0.12585604746590356, 
        "sub sub": 0.4765292071259478, 
        "textur featur": -0.08027531776115858, 
        "page articl": -0.2853366901543329, 
        "knowledg base": -0.29276802517818806, 
        "xploreasset imag": 0.04390070760273615, 
        "color histogram": -0.17303029407426657, 
        "gaussian mixtur": 0.11380562150738378, 
        "bug report": -0.04675158008511198, 
        "paper discuss": -0.1851333202672525, 
        "semant gap": -0.09254082175700092, 
        "png border": 0.04390070760273615, 
        "address issu": -0.06626078764041754, 
        "import role": -0.1014623539402219, 
        "hidden markov": -0.02510315153018839, 
        "propos approach": -0.17059759740978317, 
        "search result": -0.28909450579403795, 
        "result indic": 0.33817973049671457, 
        "improv perform": -0.15821675962171622, 
        "vector machin": -0.12277873541498567, 
        "wide web": -0.17760037987008456, 
        "bright temperatur": 0.9488607459275682, 
        "sensor network": 0.00815292690074811, 
        "solid src": 0.0, 
        "retriev perform": 0.015039327976765061, 
        "latent dirichlet": 0.07135703625492576, 
        "px solid": 0.0, 
        "signific improv": 0.031787771713006736, 
        "absimag png": 0.0, 
        "f measur": 0.026820671936400767, 
        "new approach": -0.04655146999190811, 
        "font size": -0.5937790923341346, 
        "surfac temperatur": 0.9826690435729898, 
        "demonstr effect": -0.05688989800868646, 
        "commonli use": 0.027853700118888495, 
        "br br": -0.012334388601637257, 
        "visual featur": -0.09003395191235941, 
        "paper present": -0.11560580248784323, 
        "experiment result": -0.2706846914051086, 
        "font variant": 0.04390070760273615, 
        "invert index": -0.012496831532493067, 
        "web servic": -0.24994124779561258, 
        "recal precis": -0.0570908199589828, 
        "imag absimag": 0.04390070760273615, 
        "mobil phone": -0.026695734663828567, 
        "respons time": -0.01750788575259246, 
        "e learn": -0.1385625682802525, 
        "style font": -0.1808471512672423, 
        "inform extract": -0.1551211539986241, 
        "ad hoc": -0.02871758868219169, 
        "real time": 0.09773875551501349, 
        "color textur": -0.10352680371791116, 
        "small cap": 0.04390070760273615, 
        "stack overflow": -0.05418729603199261, 
        "singular valu": 0.037497946310042676, 
        "time consum": -0.027328592288174487, 
        "machin svm": -0.02959667952279695, 
        "k mean": -0.06394011478995275, 
        "style width": 0.04390070760273615, 
        "k nearest": -0.038595662073309875, 
        "state art": -0.157758862744628, 
        "high qualiti": -0.0885171347385991, 
        "wide use": -0.06634697320253474, 
        "high level": -0.21139492560555564, 
        "medic imag": -0.09032653448466567, 
        "paper propos": -0.26932007995210655, 
        "data mine": -0.15325694442936083, 
        "content base": -0.2318324378572209, 
        "question answer": -0.2466374270658244, 
        "larg number": -0.05941699665983728, 
        "artifici intellig": -0.026917261751660065, 
        "xml document": -0.17612674394602026, 
        "larg amount": -0.1415094466439192, 
        "base imag": -0.1907519338081717, 
        "web page": -0.22349119716277926, 
        "bag word": -0.04902277255846038, 
        "markov model": -0.03488779736342601, 
        "co occurr": -0.04243621212436699, 
        "width border": 0.0, 
        "wind speed": 0.7001065074689442, 
        "mobil agent": -0.020245128107120203, 
        "design implement": -0.1249390652495146, 
        "land surfac": 1.0469445224415275, 
        "precis recal": -0.168158895660419, 
        "paper describ": -0.15922796486861418, 
        "result demonstr": -0.15701071661525268, 
        "semant similar": -0.12016417487074035, 
        "top k": 0.0036188785662527676, 
        "decis make": -0.08668676116048418, 
        "even though": 0.049230605674200734, 
        "domain ontolog": -0.18099256961649315, 
        "semi supervis": 0.01046189291376273, 
        "mobil devic": -0.153481763094566, 
        "machin translat": -0.04907805157186707, 
        "genet algorithm": 0.06216247184084941, 
        "present novel": -0.1423732410687745, 
        "social media": -0.05530974485802675, 
        "vector space": -0.10437168070661665, 
        "data sourc": 0.005261790782565219, 
        "result show": -0.01623927430099942, 
        "inform need": -0.15713120959499247, 
        "text mine": -0.08056709811124436, 
        "retriev ir": -0.18515630082128096, 
        "propos method": -0.1748653656203001, 
        "take account": 0.02088330976586819, 
        "wavelet transform": -0.00758504620797632, 
        "imag retriev": -0.33919312342974606, 
        "associ rule": -0.04053067836363713, 
        "soil moistur": 0.9993539435605739, 
        "cbir system": -0.10388928765497223, 
        "user interfac": -0.09620886037368129, 
        "img ab": 0.04390070760273615, 
        "ground truth": 0.4740413829288257, 
        "featur vector": -0.0728995642739358, 
        "high resolut": 0.7438979687604442, 
        "languag model": 0.032905769826702964, 
        "princip compon": 0.24772710657295152, 
        "allow user": -0.12883642783417704, 
        "propos algorithm": -0.1574643870257033, 
        "fine grain": 0.004985934816808193, 
        "latent semant": -0.07992880477659041, 
        "recommend system": -0.11856765619364054, 
        "retriev cbir": -0.1097360794686275, 
        "end user": -0.14737974384961955, 
        "featur select": -0.08209534288460495, 
        "distanc measur": -0.0381594327513934, 
        "wide rang": 0.22850150324456395, 
        "e commerc": -0.10831584743447735, 
        "water vapor": 0.9065873474209086, 
        "propos new": -0.14711384775013764, 
        "recent year": -0.13419985555096983, 
        "becom import": -0.06608723274349912, 
        "well known": 0.02026013379181208, 
        "data set": 0.18999421195047703, 
        "cloud comput": -0.13617630576258327, 
        "web site": -0.13587246123926014, 
        "machin learn": -0.185019727105686, 
        "n gram": -0.011524323756860208,