{
    "17": {
        "em first": 0.0, 
        "self organ": 0.14556622015806528, 
        "img class": 0.0, 
        "user interest": 0.031212385609494464, 
        "manag system": -0.11357130337002046, 
        "ab contain": 0.0, 
        "cross languag": 0.07733573920102929, 
        "social network": -0.04024915439199973, 
        "take advantag": 0.0543991574907026, 
        "first page": -0.4377572922612917, 
        "sup sup": 0.1825222607592078, 
        "low level": 0.023579075298371492, 
        "inform retriev": 0.004866088252758798, 
        "remot sens": -0.041132434549151, 
        "digit librari": -0.09033730908833058, 
        "cultur heritag": -0.03463600767350948, 
        "space model": 0.06899229869159515, 
        "previou work": 0.02325404615340332, 
        "case studi": -0.05198698241182059, 
        "extens experi": 0.07111569912530169, 
        "p p": 0.20206950887441652, 
        "relationship among": 0.047776456352132984, 
        "big data": -0.0209724243929219, 
        "cluster algorithm": 0.09193881500727683, 
        "variant small": -0.34451022513509577, 
        "experi show": 0.015151898738942075, 
        "spatio tempor": -0.05780656509341742, 
        "fault toler": 0.06171998529312153, 
        "class img": 0.0, 
        "radi transfer": 0.15549111682083527, 
        "real world": 0.042922837816185236, 
        "level featur": 0.07886180310668037, 
        "similar measur": 0.06665916464263215, 
        "user prefer": 0.038529239624110076, 
        "propos novel": 0.06266988170573298, 
        "huge amount": 0.018721338243231855, 
        "present new": 0.049469567190346925, 
        "e g": 0.0770392120417362, 
        "sub sub": 0.22751329721135477, 
        "textur featur": -0.0403476497099281, 
        "page articl": -0.582752179661972, 
        "knowledg base": -0.0172293322838527, 
        "xploreasset imag": 0.0, 
        "color histogram": -0.0252088055578929, 
        "gaussian mixtur": 0.11411345767225596, 
        "bug report": 0.10995132218771149, 
        "paper discuss": -0.17963098545559011, 
        "semant gap": 0.05671335573786628, 
        "png border": 0.0, 
        "address issu": 0.027365461865552256, 
        "import role": -0.023455586103071514, 
        "hidden markov": 0.1048242979415196, 
        "propos approach": 0.07013997700304042, 
        "search result": 0.06347783820933546, 
        "result indic": 0.11911405051039523, 
        "improv perform": 0.07685193354675217, 
        "vector machin": 0.028416854086917496, 
        "wide web": -0.07326025040477675, 
        "bright temperatur": 0.12939715985516262, 
        "sensor network": -0.10950355254537145, 
        "solid src": 0.0, 
        "retriev perform": 0.11181876805283644, 
        "latent dirichlet": 0.011006086663889365, 
        "px solid": 0.0, 
        "signific improv": 0.11476566689129919, 
        "absimag png": 0.0, 
        "f measur": 0.18529105330271592, 
        "new approach": 0.05124017516509361, 
        "font size": -0.45097203187404494, 
        "surfac temperatur": 0.1362662614063157, 
        "demonstr effect": 0.06678909257928466, 
        "commonli use": 0.08896574695364051, 
        "br br": -0.026167322649585052, 
        "visual featur": 0.046143126995704505, 
        "paper present": -0.021036311794114845, 
        "experiment result": 0.05483323244865785, 
        "font variant": 0.0, 
        "invert index": 0.15043110062605058, 
        "web servic": -0.10344448908552195, 
        "recal precis": 0.130906569448801, 
        "imag absimag": 0.0, 
        "mobil phone": -0.0037767625922401765, 
        "respons time": 0.01765221206071277, 
        "e learn": -0.02545488974229666, 
        "style font": -0.01968120050934822, 
        "inform extract": -0.028501469524992065, 
        "ad hoc": 0.04871684283122977, 
        "real time": 0.027148757906269763, 
        "color textur": 0.06855521908194942, 
        "small cap": 0.0, 
        "stack overflow": 0.12676509113802029, 
        "singular valu": 0.07883250382207489, 
        "time consum": 0.030165171112683523, 
        "machin svm": 0.05416678832619408, 
        "k mean": 0.14806912018254625, 
        "style width": 0.0, 
        "k nearest": 0.15720046259084317, 
        "state art": 0.0638577186878741, 
        "high qualiti": 0.06032537123128319, 
        "wide use": 0.05149313289857474, 
        "high level": 0.0017428696945388773, 
        "medic imag": -0.03105693949589966, 
        "paper propos": 0.020592480666989415, 
        "data mine": -0.01632962881615985, 
        "content base": -0.009497428976605871, 
        "question answer": 0.03661749693330746, 
        "larg number": 0.03710628703893132, 
        "artifici intellig": 0.031193875837496603, 
        "xml document": 0.00845492528872709, 
        "larg amount": 0.0319986765840857, 
        "base imag": -0.006803637182726378, 
        "web page": 0.007005283154110703, 
        "bag word": 0.10340321983017486, 
        "markov model": 0.12595275854323437, 
        "co occurr": 0.04944811311201035, 
        "width border": 0.0, 
        "wind speed": 0.027369364985994803, 
        "mobil agent": -0.051996067361903826, 
        "design implement": -0.06536242556402101, 
        "land surfac": 0.16491818396856325, 
        "precis recal": 0.11958316720560772, 
        "paper describ": -0.03750210594509427, 
        "result demonstr": 0.04742617480000867, 
        "semant similar": 0.0721111363435182, 
        "top k": 0.19129119945803177, 
        "decis make": -0.08642466715884876, 
        "even though": 0.07775151134427527, 
        "domain ontolog": -0.0488714854386598, 
        "semi supervis": 0.0774693628823423, 
        "mobil devic": -0.051532777950634594, 
        "machin translat": 0.04216488370847696, 
        "genet algorithm": 0.044836884107361565, 
        "present novel": 0.044057677648252955, 
        "social media": 0.09263032577211523, 
        "vector space": 0.07316407357968822, 
        "data sourc": -0.06513665763349628, 
        "result show": 0.07346977354145834, 
        "inform need": 0.028444613154418513, 
        "text mine": 0.052742718511423044, 
        "retriev ir": 0.056615182564579564, 
        "propos method": 0.024277827149242048, 
        "take account": 0.05630750877270021, 
        "wavelet transform": 0.055954950719040615, 
        "imag retriev": -0.023480817108501917, 
        "associ rule": 0.0799895517981593, 
        "soil moistur": 0.07879468965936504, 
        "cbir system": 0.11565223570688084, 
        "user interfac": -0.08741283094305818, 
        "img ab": 0.0, 
        "ground truth": 0.18038808152653, 
        "featur vector": 0.06537187842417372, 
        "high resolut": -0.022469060548640226, 
        "languag model": 0.004731863249601925, 
        "princip compon": 0.12101657882075313, 
        "allow user": 0.01185972801998137, 
        "propos algorithm": 0.07944954590839837, 
        "fine grain": 0.16120484388520537, 
        "latent semant": 0.05508740550580236, 
        "recommend system": 0.07685478623438632, 
        "retriev cbir": 0.060922915344502254, 
        "end user": -0.07810427849311863, 
        "featur select": 0.10073104849094923, 
        "distanc measur": 0.07211513469379888, 
        "wide rang": -0.0051016787949051045, 
        "e commerc": -0.048580090310385966, 
        "water vapor": 0.14365723020696106, 
        "propos new": 0.032265991524119436, 
        "recent year": 0.015059955781663767, 
        "becom import": 0.04950303973591066, 
        "well known": 0.016615831958311147, 
        "data set": 0.09691565526278546, 
        "cloud comput": -0.06899637826384677, 
        "web site": 0.0203747276483493, 
        "machin learn": 0.06738460950382288, 
        "n gram": 0.1584696516677459, 
        "high dimension": 0.09407217423683209, 
        "support vector": 0.03299100719937286, 
        "search engin": -0.06407094411769923, 
        "time seri": 0.09111748500178316,