{
    "18": {
        "em first": 0.0, 
        "self organ": 0.010718085619091267, 
        "img class": 0.0, 
        "user interest": 0.08611237099530368, 
        "manag system": 0.17509454888877493, 
        "ab contain": 0.0, 
        "cross languag": 0.0011777189950345802, 
        "social network": -0.05056243594381339, 
        "take advantag": 0.05083429304532333, 
        "first page": -0.6872882804046749, 
        "sup sup": -0.20403043678634125, 
        "low level": 0.08539912836233185, 
        "inform retriev": 0.12360671314262348, 
        "remot sens": -0.1236287578239772, 
        "digit librari": 0.035611791496721085, 
        "cultur heritag": 0.005786473151445499, 
        "space model": 0.03207924201969952, 
        "previou work": -0.013131792112416217, 
        "case studi": 0.11306710201338917, 
        "extens experi": -0.0240060708835566, 
        "p p": 0.40967724314379744, 
        "relationship among": 0.1693056396399306, 
        "big data": 0.077740059047868, 
        "cluster algorithm": 0.022620319469307232, 
        "variant small": -0.7608250083393924, 
        "experi show": -0.05476021540940743, 
        "spatio tempor": 0.007661086779242611, 
        "fault toler": -0.2277131405010218, 
        "class img": 0.0, 
        "radi transfer": -0.285746656129908, 
        "real world": 0.0535042612027283, 
        "level featur": 0.06418795893988814, 
        "similar measur": 0.03115007855569018, 
        "user prefer": 0.05410862762469422, 
        "propos novel": -0.033861178276834776, 
        "huge amount": 0.07538260187225292, 
        "present new": -0.04852373724800119, 
        "e g": 0.07923054114727791, 
        "sub sub": -0.14269880820900216, 
        "textur featur": -0.42640213368434904, 
        "page articl": -0.8652555714880386, 
        "knowledg base": 0.4564287390604139, 
        "xploreasset imag": 0.0, 
        "color histogram": -0.19740346190110655, 
        "gaussian mixtur": -0.16883191701588635, 
        "bug report": -0.05944066306569297, 
        "paper discuss": 0.08107359458558082, 
        "semant gap": 0.10487183338453711, 
        "png border": 0.0, 
        "address issu": 0.06849993460006683, 
        "import role": 0.10026904222055727, 
        "hidden markov": 0.017553636730990852, 
        "propos approach": 0.08098468878959554, 
        "search result": 0.09358308442257174, 
        "result indic": -0.07874833057274243, 
        "improv perform": -0.05419074795058685, 
        "vector machin": -0.1652876837101654, 
        "wide web": 0.11911763035460635, 
        "bright temperatur": -0.2503775368224537, 
        "sensor network": -0.24063767376026346, 
        "solid src": 0.0, 
        "retriev perform": -0.04490654735865512, 
        "latent dirichlet": 0.03878283976782851, 
        "px solid": 0.0, 
        "signific improv": -0.06432271807798487, 
        "absimag png": 0.0, 
        "f measur": 0.05754207604459805, 
        "new approach": 0.0006224634623012801, 
        "font size": -0.7490571928424091, 
        "surfac temperatur": -0.22131659719067012, 
        "demonstr effect": 0.03971598068463743, 
        "commonli use": 0.04644638852436261, 
        "br br": 0.1396925961357353, 
        "visual featur": 0.07089502824317614, 
        "paper present": 0.03082852733298261, 
        "experiment result": -0.07151902833868946, 
        "font variant": 0.0, 
        "invert index": -0.033590208027087114, 
        "web servic": 0.0832970658223503, 
        "recal precis": 0.003604782354774374, 
        "imag absimag": 0.0, 
        "mobil phone": -0.139646272323159, 
        "respons time": -0.15542001905144032, 
        "e learn": 0.28790335855985305, 
        "style font": -0.22588228215409947, 
        "inform extract": 0.18894320824709673, 
        "ad hoc": 0.0011372411694919305, 
        "real time": -0.1257412893276952, 
        "color textur": -0.06750203681770484, 
        "small cap": 0.0, 
        "stack overflow": 0.048884408377553354, 
        "singular valu": -0.08685357345253648, 
        "time consum": 0.1150355690308767, 
        "machin svm": -0.12431035063834243, 
        "k mean": -0.08890780397564134, 
        "style width": 0.0, 
        "k nearest": -0.1991388863178247, 
        "state art": 0.004589098511149274, 
        "high qualiti": -0.04216778252940694, 
        "wide use": -0.013999899549440408, 
        "high level": 0.14632378711974173, 
        "medic imag": -0.03088550076320319, 
        "paper propos": 0.019285367325131836, 
        "data mine": 0.13219872426512952, 
        "content base": -0.06636330617231567, 
        "question answer": 0.13624721397500233, 
        "larg number": -0.04999625739354806, 
        "artifici intellig": 0.35358295586843197, 
        "xml document": 0.05510078114955763, 
        "larg amount": 0.02810552172946051, 
        "base imag": -0.11489547060085097, 
        "web page": 0.057919424941723606, 
        "bag word": 0.01657875940474024, 
        "markov model": 0.020876954490266643, 
        "co occurr": -0.06692484117386042, 
        "width border": 0.0, 
        "wind speed": -0.28490904341512885, 
        "mobil agent": -0.1923057295095741, 
        "design implement": 0.05433353458238973, 
        "land surfac": -0.22513554975248581, 
        "precis recal": 0.07272486131776015, 
        "paper describ": 0.080875617953451, 
        "result demonstr": -0.027342574990199896, 
        "semant similar": 0.2712586167142981, 
        "top k": -0.10180597449200819, 
        "decis make": 0.15303455076284503, 
        "even though": 0.08560323837438538, 
        "domain ontolog": 0.5097645956507734, 
        "semi supervis": -0.0028518634168048346, 
        "mobil devic": -0.07303290558476476, 
        "machin translat": -0.04593230429420065, 
        "genet algorithm": -0.1625344029908289, 
        "present novel": -0.0235884313031582, 
        "social media": -0.06980191353253493, 
        "vector space": 0.043140652167802614, 
        "data sourc": 0.15449428626913436, 
        "result show": -0.07217922258362826, 
        "inform need": 0.13765117287431824, 
        "text mine": 0.18718704160417196, 
        "retriev ir": 0.10855264030833266, 
        "propos method": -0.07953452080179703, 
        "take account": 0.010651835553098342, 
        "wavelet transform": -0.11481352213449643, 
        "imag retriev": -0.12694190384053078, 
        "associ rule": 0.12226066905572454, 
        "soil moistur": -0.26281604799000363, 
        "cbir system": -0.12979173030847807, 
        "user interfac": 0.07913715170190633, 
        "img ab": 0.0, 
        "ground truth": -0.18795353212487018, 
        "featur vector": -0.14792985394206565, 
        "high resolut": -0.19150874702870085, 
        "languag model": -0.014404600891315863, 
        "princip compon": -0.10588901467421245, 
        "allow user": 0.04106092693014487, 
        "propos algorithm": -0.1315057988481595, 
        "fine grain": 0.0495616753575678, 
        "latent semant": 0.12827895415353108, 
        "recommend system": 0.03493092123099132, 
        "retriev cbir": -0.10551432036496601, 
        "end user": 0.05825701668845038, 
        "featur select": -0.14355290361886863, 
        "distanc measur": -0.21432111195947764, 
        "wide rang": -0.011067416207293033, 
        "e commerc": 0.021140705275230993, 
        "water vapor": -0.27122560255279526, 
        "propos new": -0.022184282463577752, 
        "recent year": 0.023841533967740823, 
        "becom import": 0.005805410156975258, 
        "well known": -0.008242275970215141, 
        "data set": -0.008950216945008003, 
        "cloud comput": -0.03458224835755821, 
        "web site": -0.008065847040054891, 
        "machin learn": 0.10659414182684517, 
        "n gram": -0.14267683685376556, 
        "high dimension": -0.12155900569794184, 
        "support vector": -0.1620096351551018, 
        "search engin": 0.06501650919659654, 
        "time seri": -0.22804798441030175,