{
    "19": {
        "em first": 0.0, 
        "self organ": 0.08469880269327694, 
        "img class": 0.0, 
        "user interest": -0.04013417766809832, 
        "manag system": -0.029875211127500946, 
        "ab contain": 0.0, 
        "cross languag": -0.15499356274911794, 
        "social network": -0.19648745311137789, 
        "take advantag": 0.04831187823040261, 
        "first page": -1.2501664992597485, 
        "sup sup": 0.3884085093782517, 
        "low level": 0.05438534050137363, 
        "inform retriev": 0.0024298675549906837, 
        "remot sens": -0.07603847586754656, 
        "digit librari": -0.10623335507525787, 
        "cultur heritag": -0.15299582864588665, 
        "space model": 0.06718079909401105, 
        "previou work": 0.07049050770886983, 
        "case studi": -0.14345118753904018, 
        "extens experi": 0.2574130644436491, 
        "p p": 0.37585164330917237, 
        "relationship among": 0.02896565089104714, 
        "big data": -0.015621531203227408, 
        "cluster algorithm": 0.11453441559876211, 
        "variant small": -1.0715887275708795, 
        "experi show": 0.11480330269508719, 
        "spatio tempor": 0.21068997222859764, 
        "fault toler": 0.03545885599537063, 
        "class img": 0.0, 
        "radi transfer": 0.043682502907312216, 
        "real world": 0.017488166007284978, 
        "level featur": 0.05463941211367776, 
        "similar measur": 0.06939051445250145, 
        "user prefer": -0.01877411251125454, 
        "propos novel": 0.09582241896535004, 
        "huge amount": 0.09243995042842579, 
        "present new": 0.0522405236386496, 
        "e g": 0.07966396438718093, 
        "sub sub": 0.09246647059212951, 
        "textur featur": 0.03351174543558966, 
        "page articl": -1.0127730240689052, 
        "knowledg base": -0.12274865647644476, 
        "xploreasset imag": 0.0, 
        "color histogram": 0.035977394952910954, 
        "gaussian mixtur": 0.032545723593809146, 
        "bug report": -0.03439596663283219, 
        "paper discuss": -0.05718691503595854, 
        "semant gap": 0.007793817350612325, 
        "png border": 0.0, 
        "address issu": 0.09368229387901608, 
        "import role": -0.06249739478025814, 
        "hidden markov": -0.011713905023357937, 
        "propos approach": 0.06947676143842654, 
        "search result": 0.054055009502935625, 
        "result indic": 0.006240440628556657, 
        "improv perform": 0.06318665789171182, 
        "vector machin": 0.022218214315751696, 
        "wide web": -0.028849055327421894, 
        "bright temperatur": -0.1931866397892726, 
        "sensor network": -0.11994881980329816, 
        "solid src": 0.0, 
        "retriev perform": 0.11062019424139222, 
        "latent dirichlet": 0.023703285354851535, 
        "px solid": 0.0, 
        "signific improv": 0.025762094968492525, 
        "absimag png": 0.0, 
        "f measur": -0.0832669455024879, 
        "new approach": 0.053710303868100454, 
        "font size": -1.3446300738960992, 
        "surfac temperatur": -0.12322908166077257, 
        "demonstr effect": 0.0712523894653067, 
        "commonli use": 0.052499926691449865, 
        "br br": -0.09791479493940154, 
        "visual featur": 0.032862804787878855, 
        "paper present": 0.027181573012177884, 
        "experiment result": 0.09336043722190136, 
        "font variant": 0.0, 
        "invert index": 0.3998150979961564, 
        "web servic": -0.16310563801002878, 
        "recal precis": 0.027792540545193017, 
        "imag absimag": 0.0, 
        "mobil phone": -0.10208171324504026, 
        "respons time": 0.33051681653845766, 
        "e learn": -0.13862656193325903, 
        "style font": -0.17448209198523557, 
        "inform extract": -0.10969621590562073, 
        "ad hoc": -0.016239471833935912, 
        "real time": 0.08050567899500005, 
        "color textur": 0.08966806009257927, 
        "small cap": 0.0, 
        "stack overflow": -0.21557756417756443, 
        "singular valu": 0.11253554413091924, 
        "time consum": 0.1300904309678029, 
        "machin svm": 0.03912789335389521, 
        "k mean": 0.11637514908017248, 
        "style width": 0.0, 
        "k nearest": 0.3131855678576248, 
        "state art": 0.06502146754549007, 
        "high qualiti": -0.03336105358082159, 
        "wide use": 0.05454883988586108, 
        "high level": 0.02714914874898981, 
        "medic imag": 0.10340549450700054, 
        "paper propos": 0.06823603089735507, 
        "data mine": 0.0963132115749249, 
        "content base": 0.14422500664304938, 
        "question answer": -0.2552954423879695, 
        "larg number": 0.14019239329455657, 
        "artifici intellig": -0.03460027915186867, 
        "xml document": 0.1653686899483596, 
        "larg amount": 0.14500935817213406, 
        "base imag": 0.11739435511118755, 
        "web page": 0.010498717311644364, 
        "bag word": 0.048952088474778103, 
        "markov model": 0.021162176555766587, 
        "co occurr": -0.01178473185553167, 
        "width border": 0.0, 
        "wind speed": -0.11346840877612427, 
        "mobil agent": -0.14896332853965827, 
        "design implement": -0.04762091029948394, 
        "land surfac": -0.10550313164018352, 
        "precis recal": 0.046454393848396114, 
        "paper describ": -0.02203854918364613, 
        "result demonstr": 0.07070959633483634, 
        "semant similar": -0.030933588695549782, 
        "top k": 0.32201574582893794, 
        "decis make": -0.1493800423527868, 
        "even though": 0.11418669994062, 
        "domain ontolog": -0.09772646869600257, 
        "semi supervis": -0.045318602416660934, 
        "mobil devic": -0.05176311134124301, 
        "machin translat": -0.2304961814196397, 
        "genet algorithm": 0.07753457671992886, 
        "present novel": 0.04349362270607212, 
        "social media": -0.19240313468378487, 
        "vector space": 0.09284187408487425, 
        "data sourc": -0.1353255962627474, 
        "result show": 0.08277183037951438, 
        "inform need": -0.055897822038781464, 
        "text mine": -0.12930628795832783, 
        "retriev ir": 0.04057155690668652, 
        "propos method": 0.07745388706192134, 
        "take account": 0.04624890563260466, 
        "wavelet transform": 0.059155979533318956, 
        "imag retriev": 0.08408948196557675, 
        "associ rule": 0.05167834757603476, 
        "soil moistur": -0.3117391157364902, 
        "cbir system": 0.08637935923812198, 
        "user interfac": -0.09061813673912016, 
        "img ab": 0.0, 
        "ground truth": 0.017525252452607047, 
        "featur vector": 0.21308616680550926, 
        "high resolut": -0.08341025111927283, 
        "languag model": -0.15835381594267275, 
        "princip compon": 0.14284527769309213, 
        "allow user": -0.002172479241637093, 
        "propos algorithm": 0.13248062445341116, 
        "fine grain": -0.02199758550606694, 
        "latent semant": 0.1219132118441025, 
        "recommend system": -0.11585007474697064, 
        "retriev cbir": 0.08301340230113005, 
        "end user": -0.010737825894365314, 
        "featur select": 0.009921953700902422, 
        "distanc measur": 0.19482832617763585, 
        "wide rang": 0.07149462776614614, 
        "e commerc": -0.2477504950311062, 
        "water vapor": -0.16111408723800635, 
        "propos new": 0.12286967498022489, 
        "recent year": 0.011336833912953948, 
        "becom import": 0.08200258937231555, 
        "well known": 0.08331198221881052, 
        "data set": 0.15227127978737567, 
        "cloud comput": 0.07039022258254, 
        "web site": -0.03690650365806018, 
        "machin learn": -0.04362268994484484, 
        "n gram": 0.035384278274314784, 
        "high dimension": 0.38826362772967465, 
        "support vector": 0.017824916483148014, 
        "search engin": 0.05929335189275443, 
        "time seri": 0.17422004023287488,