{
    "1": {
        "em first": 0.0, 
        "self organ": 0.009687483142101867, 
        "img class": 0.0, 
        "user interest": 0.211592460240545, 
        "manag system": -0.033011852705055654, 
        "ab contain": 0.0, 
        "cross languag": -0.012898732728500732, 
        "social network": 0.5242748790987056, 
        "take advantag": 0.06973007666641091, 
        "first page": -0.6762047182674806, 
        "sup sup": 0.06253911993565885, 
        "low level": -0.2886672322568988, 
        "inform retriev": 0.021508947717233117, 
        "remot sens": -0.11622997355056747, 
        "digit librari": -0.02185940545585463, 
        "cultur heritag": 0.217727798825912, 
        "space model": -0.11041601007816247, 
        "previou work": -0.06884491897026833, 
        "case studi": 0.02543082257057651, 
        "extens experi": 0.025857343237608167, 
        "p p": 0.15220820585536815, 
        "relationship among": 0.166810744610117, 
        "big data": 0.2437782186102456, 
        "cluster algorithm": -0.05987179163850262, 
        "variant small": -0.26737074768520425, 
        "experi show": -0.007138039701091942, 
        "spatio tempor": -0.043166205815255564, 
        "fault toler": 0.017884696882861387, 
        "class img": 0.0, 
        "radi transfer": 0.06896837423735251, 
        "real world": 0.04959490145032818, 
        "level featur": -0.26173810746516996, 
        "similar measur": -0.20044597942524478, 
        "user prefer": 0.23479326027433006, 
        "propos novel": -0.03167822879453247, 
        "huge amount": 0.3388671490017013, 
        "present new": -0.26224433995196933, 
        "e g": 0.11273769941107374, 
        "sub sub": -0.1407495326436629, 
        "textur featur": -0.24648293576202457, 
        "page articl": -0.6398261794543745, 
        "knowledg base": 0.06376443781466137, 
        "xploreasset imag": 0.0, 
        "color histogram": -0.23412727338942985, 
        "gaussian mixtur": -0.2483822739617838, 
        "bug report": 0.010425814786599805, 
        "paper discuss": 0.0719931657837261, 
        "semant gap": -0.05650783348841667, 
        "png border": 0.0, 
        "address issu": 0.10649389321784695, 
        "import role": 0.04559797372589103, 
        "hidden markov": -0.13876938238300812, 
        "propos approach": -0.011270070987333548, 
        "search result": 0.1460045488837764, 
        "result indic": -0.019258199773219943, 
        "improv perform": -0.1816299718937557, 
        "vector machin": -0.024110627061657085, 
        "wide web": 0.4104869265040386, 
        "bright temperatur": 0.09336023488341538, 
        "sensor network": -0.00783823849696041, 
        "solid src": 0.0, 
        "retriev perform": -0.3152906134763067, 
        "latent dirichlet": 0.19546245295781395, 
        "px solid": 0.0, 
        "signific improv": 0.03724349454346217, 
        "absimag png": 0.0, 
        "f measur": 0.16966602450900398, 
        "new approach": -0.03482726955824776, 
        "font size": -0.6785982597254656, 
        "surfac temperatur": 0.05097371488140701, 
        "demonstr effect": -0.0221755962646509, 
        "commonli use": -0.007181530172458734, 
        "br br": 0.3196844684803761, 
        "visual featur": -0.182468333415559, 
        "paper present": -0.023224426640115824, 
        "experiment result": -0.20568898525365384, 
        "font variant": 0.0, 
        "invert index": -0.030889314896594054, 
        "web servic": 0.2054374023251153, 
        "recal precis": -0.029413469161398986, 
        "imag absimag": 0.0, 
        "mobil phone": 0.39341440578524167, 
        "respons time": 0.1412840631505573, 
        "e learn": 0.07485324259196807, 
        "style font": -0.10113951977347385, 
        "inform extract": 0.1632855052334293, 
        "ad hoc": 0.09936615764226259, 
        "real time": 0.18514173792672156, 
        "color textur": -0.13501626790599255, 
        "small cap": 0.0, 
        "stack overflow": 0.3498286559500437, 
        "singular valu": -0.06894433533964522, 
        "time consum": 0.18070418262859048, 
        "machin svm": -0.08649315926186486, 
        "k mean": -0.14339155319894947, 
        "style width": 0.0, 
        "k nearest": 0.021534999565001392, 
        "state art": -0.09110577524358685, 
        "high qualiti": 0.30340939025586267, 
        "wide use": 0.029626839332894065, 
        "high level": -0.07807681782345272, 
        "medic imag": -0.2124175782793158, 
        "paper propos": 0.05928089080865327, 
        "data mine": 0.09558864751676281, 
        "content base": -0.4470612530711606, 
        "question answer": 0.16425432808384685, 
        "larg number": 0.17833892786795508, 
        "artifici intellig": 0.12726347075309252, 
        "xml document": 0.02267195704097506, 
        "larg amount": 0.15689611464543124, 
        "base imag": -0.33818794168910105, 
        "web page": 0.48378362826118454, 
        "bag word": -0.028359785476240122, 
        "markov model": -0.11416328318605079, 
        "co occurr": 0.03199488216362749, 
        "width border": 0.0, 
        "wind speed": -0.03478340908532818, 
        "mobil agent": 0.16532607936301377, 
        "design implement": 0.15628173255079994, 
        "land surfac": 0.026277427581035684, 
        "precis recal": 0.06118966714860413, 
        "paper describ": 0.05121952971358244, 
        "result demonstr": 0.012384197416986938, 
        "semant similar": -0.05308761797437005, 
        "top k": -0.06397807285745535, 
        "decis make": 0.01585460485618329, 
        "even though": 0.08847607654186138, 
        "domain ontolog": -0.02597666074532017, 
        "semi supervis": -0.05926273105325223, 
        "mobil devic": 0.13113863146925747, 
        "machin translat": 0.0022672849808151752, 
        "genet algorithm": -0.07379578305405998, 
        "present novel": -0.09850686237853068, 
        "social media": 0.4505249464068871, 
        "vector space": -0.11550841689097495, 
        "data sourc": 0.23510636772516247, 
        "result show": -0.08446178355530236, 
        "inform need": 0.0037098289754446405, 
        "text mine": 0.031548067887686874, 
        "retriev ir": 0.00779300939491272, 
        "propos method": -0.15511238788788312, 
        "take account": 0.05420791566711076, 
        "wavelet transform": -0.21724917088815007, 
        "imag retriev": -0.4646990431421703, 
        "associ rule": 0.06831870984778515, 
        "soil moistur": -0.18773698208635203, 
        "cbir system": -0.20383723854314853, 
        "user interfac": 0.08391195517029566, 
        "img ab": 0.0, 
        "ground truth": 0.03503626429221604, 
        "featur vector": -0.3159607999188285, 
        "high resolut": -0.08392692794681114, 
        "languag model": -0.11167313326242245, 
        "princip compon": -0.08949811109872333, 
        "allow user": 0.07234126291042965, 
        "propos algorithm": -0.10236177303764268, 
        "fine grain": 0.20661018107272927, 
        "latent semant": -0.09058332659607736, 
        "recommend system": 0.3123981968011226, 
        "retriev cbir": -0.24679608437584685, 
        "end user": 0.3011583891589861, 
        "featur select": -0.18231827935035358, 
        "distanc measur": -0.093695627579131, 
        "wide rang": 0.1614689448007943, 
        "e commerc": 0.2972418641360717, 
        "water vapor": 0.06912695690664236, 
        "propos new": -0.018478524589700555, 
        "recent year": 0.12604390652334727, 
        "becom import": 0.1412612532538732, 
        "well known": -0.025165823198504647, 
        "data set": -0.08805546502571496, 
        "cloud comput": 0.14679279719103328, 
        "web site": 0.6667712197922517, 
        "machin learn": 0.09989067697771269, 
        "n gram": -0.07014784515757878, 
        "high dimension": -0.3214693183563004, 
        "support vector": -0.041796188651276905, 
        "search engin": 0.31191988471789384, 
        "time seri": -0.1636953059132497,