{
    "20": {
        "em first": 0.0, 
        "self organ": -0.0733511498419888, 
        "img class": 0.0, 
        "user interest": -0.17239016100290802, 
        "manag system": -0.07126369412525843, 
        "ab contain": 0.0, 
        "cross languag": -0.2603330547020208, 
        "social network": -0.18477515175613657, 
        "take advantag": 0.17348566544866373, 
        "first page": -0.753401072216089, 
        "sup sup": -0.07786410522933626, 
        "low level": 0.49792197739629485, 
        "inform retriev": -0.22082286936319803, 
        "remot sens": -0.10564097807225505, 
        "digit librari": -0.08332639010580292, 
        "cultur heritag": 0.09852034558350437, 
        "space model": -0.540008100948487, 
        "previou work": -0.03929937017615902, 
        "case studi": -0.3485784058447477, 
        "extens experi": 0.19183128272971095, 
        "p p": 0.17407225462947742, 
        "relationship among": 0.14000399380771777, 
        "big data": -0.26781949895669066, 
        "cluster algorithm": 0.012665956417979015, 
        "variant small": -0.8187312950606618, 
        "experi show": 0.018827234114425648, 
        "spatio tempor": 0.7621265588283943, 
        "fault toler": -0.08467992763479118, 
        "class img": 0.0, 
        "radi transfer": -0.028019145019685505, 
        "real world": 0.037287219536377224, 
        "level featur": 0.6118996666012237, 
        "similar measur": 0.16562759738128988, 
        "user prefer": -0.10664907153012346, 
        "propos novel": 0.23752121103124096, 
        "huge amount": 0.16129711323582638, 
        "present new": -0.044312304354888726, 
        "e g": 0.133882848385566, 
        "sub sub": -0.12822635284064415, 
        "textur featur": 0.04484799116250547, 
        "page articl": -0.9282424552323261, 
        "knowledg base": -0.6175695310128626, 
        "xploreasset imag": 0.0, 
        "color histogram": 0.219627460917141, 
        "gaussian mixtur": 0.4732824788516175, 
        "bug report": 0.007079715337708546, 
        "paper discuss": -0.21818098736863112, 
        "semant gap": 0.45049304655702527, 
        "png border": 0.0, 
        "address issu": -0.042076931671919414, 
        "import role": 0.18777973609858775, 
        "hidden markov": 0.4423176298688931, 
        "propos approach": 0.14074267322260128, 
        "search result": -0.10977288204813357, 
        "result indic": 0.02186951949516099, 
        "improv perform": 0.008484422351391168, 
        "vector machin": 0.1717881369660346, 
        "wide web": -0.13493476606497526, 
        "bright temperatur": -0.1089401606536833, 
        "sensor network": -0.278279168278078, 
        "solid src": 0.0, 
        "retriev perform": 0.13020706288309694, 
        "latent dirichlet": -0.3658330029800282, 
        "px solid": 0.0, 
        "signific improv": 0.025779205582798073, 
        "absimag png": 0.0, 
        "f measur": -0.5260595517082333, 
        "new approach": 0.003318527461811849, 
        "font size": -1.510684826066005, 
        "surfac temperatur": -0.061813238956763966, 
        "demonstr effect": 0.10401963055907461, 
        "commonli use": -0.2971248145856026, 
        "br br": 0.0034408822232669563, 
        "visual featur": 0.5644865165346534, 
        "paper present": 0.0685860204470107, 
        "experiment result": 0.2514300933587295, 
        "font variant": 0.0, 
        "invert index": 0.06725453815942291, 
        "web servic": -0.7519494936603981, 
        "recal precis": -0.0901323311868646, 
        "imag absimag": 0.0, 
        "mobil phone": 0.10121750963748112, 
        "respons time": -0.08432016599828936, 
        "e learn": 0.011461091098876768, 
        "style font": -0.17724773491669651, 
        "inform extract": -0.1749985309099217, 
        "ad hoc": -0.2672220651436853, 
        "real time": 0.24707844527066852, 
        "color textur": 0.37622085358490565, 
        "small cap": 0.0, 
        "stack overflow": -0.23215556072164684, 
        "singular valu": -0.04379344253517376, 
        "time consum": -0.02110727635758524, 
        "machin svm": 0.22134807665941852, 
        "k mean": 0.1618092683436816, 
        "style width": 0.0, 
        "k nearest": 0.23558916344199307, 
        "state art": 0.08709031565719251, 
        "high qualiti": 0.06576295777674486, 
        "wide use": -0.2117319931919433, 
        "high level": 0.41649721431714504, 
        "medic imag": -0.3577298817406227, 
        "paper propos": 0.11243767434560276, 
        "data mine": -0.05094533280471835, 
        "content base": 0.4966866270717712, 
        "question answer": -0.6216651630874056, 
        "larg number": 0.143389874775197, 
        "artifici intellig": -0.11016456940288137, 
        "xml document": -0.04376267077880956, 
        "larg amount": 0.2219576201267185, 
        "base imag": 0.053004633934628176, 
        "web page": -0.33641008462160177, 
        "bag word": 0.018419511012558808, 
        "markov model": 0.4577338398814595, 
        "co occurr": -0.009335850234242347, 
        "width border": 0.0, 
        "wind speed": -0.1598242285910881, 
        "mobil agent": -0.18000379233796315, 
        "design implement": -0.27830901227201654, 
        "land surfac": -0.10136009645112362, 
        "precis recal": -0.00323283147798097, 
        "paper describ": 0.055161228975061004, 
        "result demonstr": 0.18448894509432387, 
        "semant similar": -0.40531792008677836, 
        "top k": -0.07090628457426253, 
        "decis make": -0.3753588446255742, 
        "even though": 0.10147311026437394, 
        "domain ontolog": -0.8968042222428529, 
        "semi supervis": -0.06770390770106541, 
        "mobil devic": 0.009999464639170518, 
        "machin translat": -0.18177668317699058, 
        "genet algorithm": -0.3007235108845169, 
        "present novel": 0.2861971463761104, 
        "social media": -0.024700533732255947, 
        "vector space": -0.5469416223571308, 
        "data sourc": -0.4177916777388636, 
        "result show": 0.11587655609639871, 
        "inform need": -0.10825659358271869, 
        "text mine": -0.0747481718718936, 
        "retriev ir": -0.7636933496478753, 
        "propos method": 0.31620305767553814, 
        "take account": 0.01629255834052694, 
        "wavelet transform": 0.07877250854009352, 
        "imag retriev": -0.034471782109753574, 
        "associ rule": -0.17877307532789505, 
        "soil moistur": -0.21881402943949446, 
        "cbir system": -0.3101560014361379, 
        "user interfac": -0.032629758391441624, 
        "img ab": 0.0, 
        "ground truth": 0.2422049944498238, 
        "featur vector": 0.29293130637874215, 
        "high resolut": -0.041930582516397905, 
        "languag model": -0.16036077418389263, 
        "princip compon": 0.15261124116650177, 
        "allow user": -0.0788637579985953, 
        "propos algorithm": 0.2573985830819162, 
        "fine grain": -0.36069761184455856, 
        "latent semant": -0.29680513475199993, 
        "recommend system": -0.3827502906925729, 
        "retriev cbir": -0.08038381067004202, 
        "end user": -0.048630603099660316, 
        "featur select": -0.10629794191172648, 
        "distanc measur": 0.1680554114337825, 
        "wide rang": 0.008998480461419696, 
        "e commerc": -0.4167844031557224, 
        "water vapor": -0.018560215273532514, 
        "propos new": 0.13028965234953266, 
        "recent year": -0.07450558589093058, 
        "becom import": 0.15635993634519166, 
        "well known": -0.12105631173297536, 
        "data set": -0.08559892247188537, 
        "cloud comput": -0.25005891134545327, 
        "web site": -0.09234442911319143, 
        "machin learn": -0.16614634937351835, 
        "n gram": -0.38098064416932076, 
        "high dimension": 0.09338592935434319, 
        "support vector": 0.17063379430750536, 
        "search engin": -0.2154706537186893, 
        "time seri": 0.11905033693042126,