{
    "21": {
        "em first": 0.0, 
        "self organ": -0.02917325641048456, 
        "img class": 0.0, 
        "user interest": -0.10426851549317759, 
        "manag system": -0.08596866567023413, 
        "ab contain": 0.0, 
        "cross languag": -0.13193755871512006, 
        "social network": -0.051157127093400104, 
        "take advantag": 0.06140159696465063, 
        "first page": -0.6721408905331812, 
        "sup sup": 0.13781652175033696, 
        "low level": -0.02628415721527377, 
        "inform retriev": -0.017676409838348242, 
        "remot sens": 0.04426628258061726, 
        "digit librari": -0.17932930123024896, 
        "cultur heritag": -0.06768982847460395, 
        "space model": -0.05389566736162336, 
        "previou work": 0.02309165182165498, 
        "case studi": -0.08317879116253518, 
        "extens experi": 0.07824962058486774, 
        "p p": 0.0969361566732076, 
        "relationship among": -0.024929584809619293, 
        "big data": -0.01167456721938871, 
        "cluster algorithm": -0.006667939027445517, 
        "variant small": -0.6811154104000828, 
        "experi show": 0.0027482684325287865, 
        "spatio tempor": 0.073700541193307, 
        "fault toler": 0.12509996512309485, 
        "class img": 0.0, 
        "radi transfer": 0.16087332126682263, 
        "real world": 0.004560156536692321, 
        "level featur": 0.002607757212123178, 
        "similar measur": 0.005588461331465538, 
        "user prefer": -0.036023104653743955, 
        "propos novel": 0.048427694322152805, 
        "huge amount": -0.044600148180240606, 
        "present new": 0.05820483245337238, 
        "e g": 0.03379187918442003, 
        "sub sub": 0.1827087835615496, 
        "textur featur": -0.012067771839944293, 
        "page articl": -0.5551727498248449, 
        "knowledg base": -0.16267474666070475, 
        "xploreasset imag": 0.0, 
        "color histogram": -0.031077341130547803, 
        "gaussian mixtur": 0.1372642798852254, 
        "bug report": -0.009532874004096858, 
        "paper discuss": -0.12294552758570072, 
        "semant gap": 0.015477879301370203, 
        "png border": 0.0, 
        "address issu": 0.02660842053476844, 
        "import role": -0.05403722011978815, 
        "hidden markov": 0.03039126122668257, 
        "propos approach": -0.01187939312810021, 
        "search result": -0.11827394598742176, 
        "result indic": 0.04515732584685804, 
        "improv perform": 0.038358914844866115, 
        "vector machin": 0.04063511099932994, 
        "wide web": -0.07542671678189915, 
        "bright temperatur": 0.12962892115957253, 
        "sensor network": 0.19851532984834738, 
        "solid src": 0.0, 
        "retriev perform": 0.05062121456047296, 
        "latent dirichlet": 0.03646970402514927, 
        "px solid": 0.0, 
        "signific improv": 0.06035057300705893, 
        "absimag png": 0.0, 
        "f measur": -0.002788567039815055, 
        "new approach": 0.02523241522543604, 
        "font size": -0.6037135303629003, 
        "surfac temperatur": 0.023349897039877734, 
        "demonstr effect": 0.03788913201195824, 
        "commonli use": 0.04103187634483745, 
        "br br": 0.0029979689763112915, 
        "visual featur": 0.026067461570461338, 
        "paper present": -0.004778012728447695, 
        "experiment result": 0.028856856544930903, 
        "font variant": 0.0, 
        "invert index": 0.06802335303040724, 
        "web servic": -0.14848159951138298, 
        "recal precis": -0.016409969831158014, 
        "imag absimag": 0.0, 
        "mobil phone": -0.01520144215237948, 
        "respons time": 0.09649626673262689, 
        "e learn": -0.08357078544838521, 
        "style font": -0.4635474605896035, 
        "inform extract": -0.10691580173105031, 
        "ad hoc": 0.07422394297586714, 
        "real time": 0.053696048555466176, 
        "color textur": 0.02750579041629305, 
        "small cap": 0.0, 
        "stack overflow": -0.09181705817294754, 
        "singular valu": 0.07499343274080757, 
        "time consum": -0.005478572676700526, 
        "machin svm": 0.05730397722509882, 
        "k mean": 0.018980607760462013, 
        "style width": 0.0, 
        "k nearest": 0.043548932210403214, 
        "state art": 0.04285893338284269, 
        "high qualiti": -0.0010300589510658697, 
        "wide use": 0.0028993331914818846, 
        "high level": -0.03809767613952413, 
        "medic imag": -0.005160312720314699, 
        "paper propos": 0.03840640022834616, 
        "data mine": -0.004214136617767792, 
        "content base": 0.011217175866169164, 
        "question answer": -0.10739723055858137, 
        "larg number": 0.01631892071561629, 
        "artifici intellig": -0.06206508404463056, 
        "xml document": -0.028859553533490154, 
        "larg amount": 0.014479164439714415, 
        "base imag": -0.0034070271384036505, 
        "web page": -0.12883030475647847, 
        "bag word": -0.039029153232496464, 
        "markov model": 0.03430899012676264, 
        "co occurr": -0.0051858912321885095, 
        "width border": 0.0, 
        "wind speed": 0.041985198075909405, 
        "mobil agent": 0.03650999102092369, 
        "design implement": -0.11113165094539679, 
        "land surfac": 0.05616075158295057, 
        "precis recal": -0.02673236589251289, 
        "paper describ": -0.10052085068901083, 
        "result demonstr": 0.06788979168832975, 
        "semant similar": -0.08162012947186738, 
        "top k": 0.01069930929304443, 
        "decis make": -0.11510649528844549, 
        "even though": 0.04144695649476016, 
        "domain ontolog": -0.1347837529458504, 
        "semi supervis": 0.06782120452469659, 
        "mobil devic": -0.00850618765241324, 
        "machin translat": -0.11265582798799434, 
        "genet algorithm": 0.02323107922014383, 
        "present novel": 0.057209955043847426, 
        "social media": -0.017511567208312928, 
        "vector space": -0.039286781443032964, 
        "data sourc": -0.0927127973395979, 
        "result show": 0.05021127062242087, 
        "inform need": -0.09618199980494124, 
        "text mine": -0.09157862908395777, 
        "retriev ir": -0.047868590219360574, 
        "propos method": 0.05816800130941343, 
        "take account": 0.03238323868333877, 
        "wavelet transform": 0.015925570505947388, 
        "imag retriev": -0.003984289777719674, 
        "associ rule": -0.07299356598323764, 
        "soil moistur": 0.10455861805812094, 
        "cbir system": 0.022704510904373205, 
        "user interfac": -0.059050107612673416, 
        "img ab": 0.0, 
        "ground truth": 0.07538059291999921, 
        "featur vector": 0.05074721913923232, 
        "high resolut": 0.11249433347865441, 
        "languag model": 0.04308773735198336, 
        "princip compon": 0.04170097761770153, 
        "allow user": -0.025576570018967938, 
        "propos algorithm": 0.0746838616269685, 
        "fine grain": 0.03623086985753441, 
        "latent semant": -0.014830839877872514, 
        "recommend system": -0.041869571398689145, 
        "retriev cbir": 0.025891772234805727, 
        "end user": -0.05662556193917762, 
        "featur select": 0.03394760663363767, 
        "distanc measur": 0.05039592291717152, 
        "wide rang": 0.06157539698651933, 
        "e commerc": -0.04689325600632761, 
        "water vapor": 0.07901800291608002, 
        "propos new": 0.05826161072991695, 
        "recent year": -0.01975563697679582, 
        "becom import": -0.00792798572051995, 
        "well known": 0.053875654660023586, 
        "data set": 0.057791015210786736, 
        "cloud comput": 0.0034864559166853655, 
        "web site": -0.1385932425054893, 
        "machin learn": -0.028271716373894494, 
        "n gram": 0.0282151152587591, 
        "high dimension": 0.05994136419557672, 
        "support vector": 0.0406013768382312, 
        "search engin": -0.17953349977193722,