{
    "22": {
        "em first": 0.0, 
        "self organ": 0.10040247545705697, 
        "img class": 0.0, 
        "user interest": 0.16818442043573148, 
        "manag system": 0.09014881354754618, 
        "ab contain": 0.0, 
        "cross languag": 0.24043172468398816, 
        "social network": -0.11894050050062017, 
        "take advantag": 0.05444043681935738, 
        "first page": -1.7906764545416483, 
        "sup sup": -0.19116524175270475, 
        "low level": -0.10726034396527091, 
        "inform retriev": 0.17146825054066206, 
        "remot sens": -0.09764270245153892, 
        "digit librari": 0.19497243743433276, 
        "cultur heritag": 0.08223303541226192, 
        "space model": 0.24985596597387266, 
        "previou work": -0.013948545683770863, 
        "case studi": -0.0640939638399539, 
        "extens experi": 0.009783415003979489, 
        "p p": 0.38175379708571283, 
        "relationship among": 0.1288937019904253, 
        "big data": 0.03364656932147353, 
        "cluster algorithm": 0.13620127829989834, 
        "variant small": -1.6412090958421388, 
        "experi show": -0.005532862106033237, 
        "spatio tempor": -0.18273861506175976, 
        "fault toler": -0.3012941429689038, 
        "class img": 0.0, 
        "radi transfer": -0.05514557476008006, 
        "real world": 0.03360600427711317, 
        "level featur": -0.08881579456584637, 
        "similar measur": 0.10398877025287177, 
        "user prefer": 0.1001001452459133, 
        "propos novel": 0.014821588439765037, 
        "huge amount": 0.14323008343474916, 
        "present new": 0.020025935653969627, 
        "e g": 0.05398927685458746, 
        "sub sub": -0.15830808683102765, 
        "textur featur": -0.31996291637760543, 
        "page articl": -1.5335031748837573, 
        "knowledg base": 0.11695287929690074, 
        "xploreasset imag": 0.0, 
        "color histogram": -0.3119347484374425, 
        "gaussian mixtur": -0.18213926006751813, 
        "bug report": -0.004001265588884975, 
        "paper discuss": -0.015646996347588368, 
        "semant gap": -0.05301491378103037, 
        "png border": 0.0, 
        "address issu": 0.04894358413587137, 
        "import role": 0.046360791867749274, 
        "hidden markov": -0.017643455523521624, 
        "propos approach": 0.031144182518343458, 
        "search result": 0.18359328542603437, 
        "result indic": 0.017800253473244723, 
        "improv perform": 0.09119223703735208, 
        "vector machin": 0.06034576993421097, 
        "wide web": 0.1852764479614005, 
        "bright temperatur": -0.13345379438370647, 
        "sensor network": -0.6687925360592682, 
        "solid src": 0.0, 
        "retriev perform": 0.09398094918694164, 
        "latent dirichlet": 0.18186025651394236, 
        "px solid": 0.0, 
        "signific improv": 0.09015774742530555, 
        "absimag png": 0.0, 
        "f measur": 0.14434489212072715, 
        "new approach": 0.07539605300644009, 
        "font size": -1.228847939444964, 
        "surfac temperatur": -0.11528069765296949, 
        "demonstr effect": 0.06872466323463224, 
        "commonli use": 0.12202771515000335, 
        "br br": 0.17082887101878808, 
        "visual featur": -0.14642999501927403, 
        "paper present": 0.03225697396010869, 
        "experiment result": 0.0491940017561167, 
        "font variant": 0.0, 
        "invert index": 0.2342324977568889, 
        "web servic": -0.04549848563724126, 
        "recal precis": 0.17551393583580602, 
        "imag absimag": 0.0, 
        "mobil phone": -0.09424058748155913, 
        "respons time": -0.026741692398530928, 
        "e learn": 0.11215420823714069, 
        "style font": -0.5384984321681103, 
        "inform extract": 0.1096738538073856, 
        "ad hoc": 0.05475209168342708, 
        "real time": -0.06063750389099439, 
        "color textur": -0.1673581834437628, 
        "small cap": 0.0, 
        "stack overflow": -0.30293168150893907, 
        "singular valu": 0.11366392712890967, 
        "time consum": 0.11882234586199299, 
        "machin svm": 0.053332983021464164, 
        "k mean": 0.12260150498316832, 
        "style width": 0.0, 
        "k nearest": -0.02025378661777803, 
        "state art": 0.013944914151482427, 
        "high qualiti": 0.08877420827462848, 
        "wide use": 0.05864446255235261, 
        "high level": -0.0268018398248366, 
        "medic imag": -0.1698999606274059, 
        "paper propos": 0.043761762061952675, 
        "data mine": 0.027228335624187073, 
        "content base": -0.05625014014495497, 
        "question answer": -0.0244469016793262, 
        "larg number": 0.04563430432030763, 
        "artifici intellig": 0.02229494049121053, 
        "xml document": 0.32266739853996595, 
        "larg amount": 0.0996056956724099, 
        "base imag": -0.19462182603169184, 
        "web page": 0.12307163356713213, 
        "bag word": 0.22674445667442422, 
        "markov model": -0.017250168153583465, 
        "co occurr": 0.13164271541104797, 
        "width border": 0.0, 
        "wind speed": -0.4955482956295895, 
        "mobil agent": -0.15509876174312334, 
        "design implement": 0.033930011519960335, 
        "land surfac": -0.09946855633818516, 
        "precis recal": 0.1461976688343997, 
        "paper describ": 0.050282532664897045, 
        "result demonstr": -0.011060711775252974, 
        "semant similar": 0.13700539803703585, 
        "top k": 0.008644420508177925, 
        "decis make": 0.009368445187993003, 
        "even though": 0.15680403093644887, 
        "domain ontolog": 0.15316378213760337, 
        "semi supervis": 0.04331225938751338, 
        "mobil devic": -0.0906352005817414, 
        "machin translat": 0.0683794838956924, 
        "genet algorithm": 0.04282315371966526, 
        "present novel": 0.05354636954624554, 
        "social media": -0.07728865395610096, 
        "vector space": 0.24833386553612313, 
        "data sourc": -0.030547211711693032, 
        "result show": 0.012661882030331105, 
        "inform need": 0.2251437985068172, 
        "text mine": 0.20961574637390673, 
        "retriev ir": 0.28588771267113544, 
        "propos method": 0.03820509836113853, 
        "take account": 0.07631335828541236, 
        "wavelet transform": -0.2548330888477866, 
        "imag retriev": -0.19349017889955825, 
        "associ rule": -0.003849073116113218, 
        "soil moistur": -0.18471543811932814, 
        "cbir system": -0.25048814598865987, 
        "user interfac": 0.16945064946338417, 
        "img ab": 0.0, 
        "ground truth": -0.0660397918566575, 
        "featur vector": -0.03803282464171194, 
        "high resolut": -0.557966653807381, 
        "languag model": 0.21339073042852824, 
        "princip compon": -0.042356204444067125, 
        "allow user": 0.14088181293310922, 
        "propos algorithm": -0.002826284019256716, 
        "fine grain": -0.04655750393341632, 
        "latent semant": 0.24017281303486235, 
        "recommend system": 0.017265926106297222, 
        "retriev cbir": -0.2612402696067826, 
        "end user": 0.0743471879696934, 
        "featur select": 0.015235552951112787, 
        "distanc measur": -0.023715519247715377, 
        "wide rang": 0.07869321727875186, 
        "e commerc": -0.08828225571437281, 
        "water vapor": -0.06949887845115503, 
        "propos new": 0.06021408120117572, 
        "recent year": 0.0278989016639001, 
        "becom import": 0.11677103178722859, 
        "well known": 0.0539729482089385, 
        "data set": -0.0035946134393472534, 
        "cloud comput": 0.06655514060576, 
        "web site": 0.08031024760681096, 
        "machin learn": 0.06846995700081815, 
        "n gram": 0.1539388096183232, 
        "high dimension": -0.015741046385432087, 
        "support vector": 0.055296283904358576, 
        "search engin": 0.17480936319162718, 
        "time seri": -0.286118378295951,