{
    "23": {
        "em first": 0.0, 
        "self organ": 0.07701309872665646, 
        "img class": 0.0, 
        "user interest": -0.16080882511264186, 
        "manag system": 0.323296430814963, 
        "ab contain": 0.0, 
        "cross languag": -0.10218614520066402, 
        "social network": -0.35278811917195557, 
        "take advantag": 0.028030134580587472, 
        "first page": -0.5474133707432467, 
        "sup sup": 0.21139224101795778, 
        "low level": -0.05779428114437319, 
        "inform retriev": -0.019805682779175063, 
        "remot sens": -0.258385148215914, 
        "digit librari": 0.0914922043415509, 
        "cultur heritag": 0.009787729053501504, 
        "space model": -0.11362817499128415, 
        "previou work": 0.0004300121547751649, 
        "case studi": 0.022230942614330014, 
        "extens experi": 0.14489330267302175, 
        "p p": 0.16455240406177438, 
        "relationship among": 0.06202609619958928, 
        "big data": -0.035512828809735865, 
        "cluster algorithm": -0.12905207993967524, 
        "variant small": -0.841931916934158, 
        "experi show": 0.0032315503071147964, 
        "spatio tempor": 0.12433455207483912, 
        "fault toler": 0.05834389301409589, 
        "class img": 0.0, 
        "radi transfer": 0.012173306627664863, 
        "real world": 0.019098247496699788, 
        "level featur": -0.02051865934802928, 
        "similar measur": 0.0658112489661804, 
        "user prefer": 0.12599362880285964, 
        "propos novel": -0.034160171666725185, 
        "huge amount": 0.13301050743467016, 
        "present new": 0.07221727724522028, 
        "e g": 0.11599422187162671, 
        "sub sub": 0.09791903596587818, 
        "textur featur": -0.10935169898132543, 
        "page articl": -0.8119382011379871, 
        "knowledg base": 0.0500588458171095, 
        "xploreasset imag": 0.0, 
        "color histogram": 0.05516212883699864, 
        "gaussian mixtur": 0.042370161063144535, 
        "bug report": -0.0016532632454034906, 
        "paper discuss": -0.04947188428492159, 
        "semant gap": -0.005022919074690333, 
        "png border": 0.0, 
        "address issu": 0.11236657333531197, 
        "import role": 0.002485604137714238, 
        "hidden markov": -0.04985946035722978, 
        "propos approach": 0.01704975371492595, 
        "search result": -0.06278762618061572, 
        "result indic": -0.03746124797898413, 
        "improv perform": -0.06363933782051415, 
        "vector machin": 0.0011607744753763076, 
        "wide web": 0.16662440298334866, 
        "bright temperatur": -0.18234080717992932, 
        "sensor network": -0.3765481091962663, 
        "solid src": 0.0, 
        "retriev perform": -0.1550070392936678, 
        "latent dirichlet": -0.0746621689089809, 
        "px solid": 0.0, 
        "signific improv": -0.0036017004905067175, 
        "absimag png": 0.0, 
        "f measur": -0.06216300832214097, 
        "new approach": 0.08793578579218397, 
        "font size": -0.5111818222267775, 
        "surfac temperatur": -0.18770562214206013, 
        "demonstr effect": -0.08561185800290481, 
        "commonli use": 0.049772066710966394, 
        "br br": 0.12995439242920484, 
        "visual featur": 0.0029486390753230038, 
        "paper present": 0.0858329412313852, 
        "experiment result": -0.02841538411731269, 
        "font variant": 0.0, 
        "invert index": 0.22214339717337506, 
        "web servic": 0.1681907632716155, 
        "recal precis": 0.036782614321639484, 
        "imag absimag": 0.0, 
        "mobil phone": -0.02193371436885557, 
        "respons time": 0.2879199221118262, 
        "e learn": 0.02733883933573924, 
        "style font": -0.1208828848149819, 
        "inform extract": -0.0643853949922446, 
        "ad hoc": 0.017727180279037944, 
        "real time": -0.050483563538549964, 
        "color textur": 0.14251296251087459, 
        "small cap": 0.0, 
        "stack overflow": 0.07647229061639466, 
        "singular valu": -0.01173452269481612, 
        "time consum": 0.11750716784619887, 
        "machin svm": 0.02818188923705365, 
        "k mean": -0.09409630545299082, 
        "style width": 0.0, 
        "k nearest": -0.004318953444894792, 
        "state art": -0.11910976476274117, 
        "high qualiti": -0.08306588656595643, 
        "wide use": 0.017244401001085385, 
        "high level": -0.10141714784422644, 
        "medic imag": 0.08324744267587535, 
        "paper propos": 0.005970188932183042, 
        "data mine": 0.09328557588133966, 
        "content base": -0.0282193416559685, 
        "question answer": -0.26549600569557263, 
        "larg number": 0.1144830283056495, 
        "artifici intellig": -0.06396949645680002, 
        "xml document": 0.7450878228302018, 
        "larg amount": 0.11264965873672038, 
        "base imag": -0.04714799634876473, 
        "web page": -0.022497278786947975, 
        "bag word": -0.08212874518139326, 
        "markov model": -0.06044648043174711, 
        "co occurr": -0.17142857110925866, 
        "width border": 0.0, 
        "wind speed": -0.1588091893273895, 
        "mobil agent": -0.23749294577829247, 
        "design implement": 0.19826155406627471, 
        "land surfac": -0.16348290140888325, 
        "precis recal": -0.08376976863977866, 
        "paper describ": 0.01816471115927562, 
        "result demonstr": -0.06906779852710075, 
        "semant similar": -0.24364938633549424, 
        "top k": 0.4496271934003702, 
        "decis make": -0.10211083882947383, 
        "even though": 0.22518390375026887, 
        "domain ontolog": 0.07479514864554458, 
        "semi supervis": 0.012048437368607275, 
        "mobil devic": 0.004037932080331923, 
        "machin translat": -0.43270413773891303, 
        "genet algorithm": -0.019554230122017856, 
        "present novel": -0.0375573554819121, 
        "social media": -0.15842109448069674, 
        "vector space": -0.12264585016127534, 
        "data sourc": 0.3135306950205137, 
        "result show": -0.08237996439559775, 
        "inform need": -0.009748622743100796, 
        "text mine": -0.1997328612974498, 
        "retriev ir": -0.011713156551903308, 
        "propos method": -0.01977489132092033, 
        "take account": 0.0730139519566192, 
        "wavelet transform": 0.024684812732952744, 
        "imag retriev": -0.14744163121315915, 
        "associ rule": -0.06725387582816361, 
        "soil moistur": -0.2852271796802163, 
        "cbir system": 0.11335513136740791, 
        "user interfac": 0.1752746444637619, 
        "img ab": 0.0, 
        "ground truth": 0.021360507827512278, 
        "featur vector": -0.05514145329413185, 
        "high resolut": -0.07066671574355202, 
        "languag model": -0.1587109649170098, 
        "princip compon": -0.043043401163805686, 
        "allow user": 0.19081640097425062, 
        "propos algorithm": -0.0733074724189847, 
        "fine grain": -0.15313213995592995, 
        "latent semant": -0.2403694788893202, 
        "recommend system": -0.07614930197663604, 
        "retriev cbir": -0.06228190081153627, 
        "end user": 0.15782928478846056, 
        "featur select": -0.170821430629536, 
        "distanc measur": 0.013017951893392311, 
        "wide rang": 0.12966425879720742, 
        "e commerc": 0.16006254143181892, 
        "water vapor": -0.2596561161000826, 
        "propos new": 0.07707539799486877, 
        "recent year": 0.010515765458722794, 
        "becom import": 0.16049019123142835, 
        "well known": 0.05124466456447497, 
        "data set": -0.04940277021225824, 
        "cloud comput": -0.05943301472956929, 
        "web site": 0.16147902343673542, 
        "machin learn": -0.15652980464142846, 
        "n gram": 0.04871128070499835, 
        "high dimension": -0.04945156044872354, 
        "support vector": -0.005743943717146215, 
        "search engin": -0.08987176322461339,