{
    "24": {
        "em first": 0.0, 
        "self organ": -0.07252120731755039, 
        "img class": 0.0, 
        "user interest": -0.006943500602939053, 
        "manag system": 0.044798970185456886, 
        "ab contain": 0.0, 
        "cross languag": -0.1572148968939425, 
        "social network": -0.0012957761909459294, 
        "take advantag": 0.04801333424286176, 
        "first page": -0.3704229885729022, 
        "sup sup": 0.05520891622970863, 
        "low level": 0.24628877317981113, 
        "inform retriev": 0.00030923184817156345, 
        "remot sens": -0.28200515473467924, 
        "digit librari": 0.06280614195318271, 
        "cultur heritag": 0.2092595542203197, 
        "space model": -0.13268483180097573, 
        "previou work": 0.04673023862138215, 
        "case studi": 0.05186143029146346, 
        "extens experi": 0.1841838556748303, 
        "p p": 0.25974939196007324, 
        "relationship among": 0.0710521906275179, 
        "big data": -0.061919751229844236, 
        "cluster algorithm": -0.0649862693878896, 
        "variant small": -0.5582619864894318, 
        "experi show": -0.04637208482742486, 
        "spatio tempor": 0.12592334809683214, 
        "fault toler": -0.1375178099037082, 
        "class img": 0.0, 
        "radi transfer": -0.007421988240474398, 
        "real world": 0.05903360772488902, 
        "level featur": 0.20382311106637205, 
        "similar measur": 0.02378991317116493, 
        "user prefer": 0.09955471439119676, 
        "propos novel": 0.10059706251561572, 
        "huge amount": 0.14569464586948971, 
        "present new": 0.0038409576969246073, 
        "e g": 0.1229340821178693, 
        "sub sub": -0.051382798296578415, 
        "textur featur": -0.14161210430044624, 
        "page articl": -0.33660815496037827, 
        "knowledg base": -0.06528718451980073, 
        "xploreasset imag": 0.0, 
        "color histogram": -0.021640394233750936, 
        "gaussian mixtur": 0.13829988114960548, 
        "bug report": 0.017059124671743996, 
        "paper discuss": -0.02325220111669757, 
        "semant gap": 0.2734110621515001, 
        "png border": 0.0, 
        "address issu": 0.13755346042411737, 
        "import role": 0.036092283395357264, 
        "hidden markov": 0.07427799773749792, 
        "propos approach": 0.08255160626671529, 
        "search result": -0.019257821158037484, 
        "result indic": -0.07254262919518382, 
        "improv perform": -0.04485720283933249, 
        "vector machin": 0.06293835607268866, 
        "wide web": 0.0463983435121055, 
        "bright temperatur": -0.027199007102665262, 
        "sensor network": -0.10806131213918019, 
        "solid src": 0.0, 
        "retriev perform": 0.0578595373410284, 
        "latent dirichlet": 0.0690963517221671, 
        "px solid": 0.0, 
        "signific improv": 0.009129494501172761, 
        "absimag png": 0.0, 
        "f measur": -0.1792254212804887, 
        "new approach": -0.03055064575037282, 
        "font size": -0.9206775531119108, 
        "surfac temperatur": -0.048412648435052906, 
        "demonstr effect": 0.1603159317913182, 
        "commonli use": 0.023683044001469346, 
        "br br": 0.09184483343338491, 
        "visual featur": 0.3126767186086336, 
        "paper present": 0.047614546623303826, 
        "experiment result": 0.006184686125667868, 
        "font variant": 0.0, 
        "invert index": -0.0746770134684496, 
        "web servic": -0.05926302585236341, 
        "recal precis": -0.09353944263937149, 
        "imag absimag": 0.0, 
        "mobil phone": 0.07752631647658197, 
        "respons time": 0.038478059195446015, 
        "e learn": 0.1770332527506919, 
        "style font": -0.29482617576469206, 
        "inform extract": -0.07719197711029972, 
        "ad hoc": -0.04687193437332715, 
        "real time": 0.03374001912416737, 
        "color textur": 0.16508751454932916, 
        "small cap": 0.0, 
        "stack overflow": -0.03766469667316521, 
        "singular valu": -0.1805970496417443, 
        "time consum": -0.012780640177587618, 
        "machin svm": 0.05338041838067225, 
        "k mean": -0.0984096688762906, 
        "style width": 0.0, 
        "k nearest": 0.05616171855624209, 
        "state art": 0.2227542467641223, 
        "high qualiti": 0.10724221998006978, 
        "wide use": -0.015454234503378173, 
        "high level": 0.2379890837349406, 
        "medic imag": 0.09052492055188616, 
        "paper propos": 0.0003593180073717681, 
        "data mine": 0.040807070821837425, 
        "content base": 0.20081630970089603, 
        "question answer": -0.16890326416917556, 
        "larg number": -0.029859858409906646, 
        "artifici intellig": 0.03729551282486555, 
        "xml document": -0.14199372511148625, 
        "larg amount": 0.0519468547771796, 
        "base imag": 0.11464549379897865, 
        "web page": -0.10727599845902518, 
        "bag word": 0.01440433187249773, 
        "markov model": 0.11363960181127522, 
        "co occurr": -0.09508041670370254, 
        "width border": 0.0, 
        "wind speed": -0.005844403986515532, 
        "mobil agent": -0.14598820015155123, 
        "design implement": -0.03973445484272809, 
        "land surfac": -0.09727525172581229, 
        "precis recal": -0.037105599274236095, 
        "paper describ": 0.03820812231947629, 
        "result demonstr": 0.033106701777589065, 
        "semant similar": -0.1133266830192284, 
        "top k": 0.006014445661879081, 
        "decis make": -0.10430963536872817, 
        "even though": 0.0062776100581289325, 
        "domain ontolog": -0.010348417287667035, 
        "semi supervis": 0.0775056589238348, 
        "mobil devic": 0.06489178944019844, 
        "machin translat": -0.22207078538703467, 
        "genet algorithm": 0.013185099341310442, 
        "present novel": 0.03106860908506614, 
        "social media": 0.1614861904122729, 
        "vector space": -0.14304064198527747, 
        "data sourc": 0.007040453532030203, 
        "result show": -0.029038203180434173, 
        "inform need": 0.0021440470384010324, 
        "text mine": -0.02670163442625318, 
        "retriev ir": -0.10338852272661807, 
        "propos method": 0.013464538916948848, 
        "take account": -0.002680405004380026, 
        "wavelet transform": -0.16724651628630938, 
        "imag retriev": 0.10289166454323487, 
        "associ rule": 0.04363372154851301, 
        "soil moistur": -0.14190041409983192, 
        "cbir system": 0.15969255801851595, 
        "user interfac": 0.07990628834470326, 
        "img ab": 0.0, 
        "ground truth": 0.06040906312991793, 
        "featur vector": 0.026528244678219775, 
        "high resolut": -0.08718292966427303, 
        "languag model": -0.05394223402772206, 
        "princip compon": 0.02559837430729068, 
        "allow user": 0.07511990028008311, 
        "propos algorithm": -0.06047202981953345, 
        "fine grain": 0.09198415220080076, 
        "latent semant": -0.08013014041865743, 
        "recommend system": 0.007673037216096164, 
        "retriev cbir": 0.11008505723273525, 
        "end user": 0.03357163039870801, 
        "featur select": -0.03960930573506452, 
        "distanc measur": 0.07193326964130728, 
        "wide rang": 0.1025477647810356, 
        "e commerc": -0.013735491587784667, 
        "water vapor": -0.002627221205623342, 
        "propos new": -0.09942148302949272, 
        "recent year": 0.09202727533331553, 
        "becom import": 0.11247284796442379, 
        "well known": 0.021504578365502694, 
        "data set": 0.056238017465031806, 
        "cloud comput": -0.1567042288376007, 
        "web site": -0.020778996868774248, 
        "machin learn": 0.08600736795781935, 
        "n gram": -0.2022677869715179, 
        "high dimension": 0.12047660889641917, 
        "support vector": 0.06763179544221495, 
        "search engin": -0.08784213828278992,