{
    "25": {
        "em first": 0.0, 
        "self organ": -0.19557299756103394, 
        "img class": 0.0, 
        "user interest": 0.11136136710686163, 
        "manag system": 0.23246184289911542, 
        "ab contain": 0.0, 
        "cross languag": 0.12864730383733314, 
        "social network": -0.15714868196512669, 
        "take advantag": 0.07900719525661852, 
        "first page": -0.8002589453852001, 
        "sup sup": -0.04781020327078268, 
        "low level": -0.008387191125286044, 
        "inform retriev": 0.10064095797255636, 
        "remot sens": -0.03455582705526371, 
        "digit librari": 0.07334417910478247, 
        "cultur heritag": 0.2683609736514456, 
        "space model": 0.0404029442378344, 
        "previou work": 0.03298872499424351, 
        "case studi": 0.21349027183003497, 
        "extens experi": -0.12912623539924278, 
        "p p": 0.10410980755642187, 
        "relationship among": 0.13182519613516624, 
        "big data": 0.036175211310684324, 
        "cluster algorithm": -0.025748380680522036, 
        "variant small": -0.6704973105802936, 
        "experi show": -0.06888459838441838, 
        "spatio tempor": 0.09959188565943307, 
        "fault toler": -0.05282510418162129, 
        "class img": 0.0, 
        "radi transfer": 0.06536460300638135, 
        "real world": 0.017525721594493424, 
        "level featur": 0.008003210354978637, 
        "similar measur": 0.06628309979115424, 
        "user prefer": 0.11383967042566853, 
        "propos novel": -0.12219037044352563, 
        "huge amount": 0.10394606105885441, 
        "present new": -0.01700555372466721, 
        "e g": 0.01655170711750557, 
        "sub sub": 0.06754864762459532, 
        "textur featur": -0.348965017900709, 
        "page articl": -0.7562511326674076, 
        "knowledg base": 0.3561179478649659, 
        "xploreasset imag": 0.0, 
        "color histogram": -0.012138258631355094, 
        "gaussian mixtur": -0.24945502548269727, 
        "bug report": -0.14548397943199015, 
        "paper discuss": 0.09889613260982211, 
        "semant gap": 0.05336466785346433, 
        "png border": 0.0, 
        "address issu": 0.1580539734433414, 
        "import role": 0.09389737904690276, 
        "hidden markov": 0.0038891279649478755, 
        "propos approach": 0.05320163010650178, 
        "search result": 0.05978973125977559, 
        "result indic": -0.027977829116579624, 
        "improv perform": -0.16825687819787685, 
        "vector machin": -0.19648555975069643, 
        "wide web": 0.14699950492611052, 
        "bright temperatur": -0.03879645271476252, 
        "sensor network": -0.27221541973015395, 
        "solid src": 0.0, 
        "retriev perform": -0.11375533778110794, 
        "latent dirichlet": 0.0014920048291743664, 
        "px solid": 0.0, 
        "signific improv": -0.04378408919900623, 
        "absimag png": 0.0, 
        "f measur": 0.06376294484633178, 
        "new approach": -0.012968039783201274, 
        "font size": -0.6611186124101945, 
        "surfac temperatur": 0.06897967255672825, 
        "demonstr effect": -0.04658633784456838, 
        "commonli use": 0.037342167359400456, 
        "br br": 0.10403669483131166, 
        "visual featur": -0.014130873630743397, 
        "paper present": 0.09908915618925426, 
        "experiment result": -0.1491596408072459, 
        "font variant": 0.0, 
        "invert index": -0.09237654875440489, 
        "web servic": 0.3172156613311597, 
        "recal precis": 0.13591942946546448, 
        "imag absimag": 0.0, 
        "mobil phone": -0.16049172142765614, 
        "respons time": -0.19787546603010026, 
        "e learn": 0.3862144902071059, 
        "style font": -0.22068216159190962, 
        "inform extract": 0.24230914308850873, 
        "ad hoc": 0.015749942624931998, 
        "real time": -0.17102001300261005, 
        "color textur": -0.059669177880881316, 
        "small cap": 0.0, 
        "stack overflow": -0.12693458435148214, 
        "singular valu": -0.12372576740365605, 
        "time consum": 0.19211557740451274, 
        "machin svm": -0.12376005937477662, 
        "k mean": -0.04304228233265678, 
        "style width": 0.0, 
        "k nearest": -0.24702989035715897, 
        "state art": -0.07506986907600816, 
        "high qualiti": 0.05664588251355759, 
        "wide use": 0.022627355663114728, 
        "high level": 0.0328254671799215, 
        "medic imag": -0.03630345403391802, 
        "paper propos": -0.032290553730791274, 
        "data mine": -0.0010570882259193567, 
        "content base": -0.15890971470228313, 
        "question answer": 0.12441910132502237, 
        "larg number": -0.04201969223462649, 
        "artifici intellig": 0.24483433369596022, 
        "xml document": 0.06115621440336566, 
        "larg amount": 0.003803702970631658, 
        "base imag": -0.24801385937628623, 
        "web page": -0.005298704066590787, 
        "bag word": 0.01480522140079173, 
        "markov model": -0.010020245536182441, 
        "co occurr": -0.01761142862060615, 
        "width border": 0.0, 
        "wind speed": -0.01922597006183524, 
        "mobil agent": -0.14992287201164953, 
        "design implement": 0.16552869172791734, 
        "land surfac": 0.1166392868111129, 
        "precis recal": 0.1957649657680157, 
        "paper describ": 0.06322489326890973, 
        "result demonstr": -0.16134868835601116, 
        "semant similar": 0.3093870926622425, 
        "top k": -0.21084570103249495, 
        "decis make": 0.10083281490342155, 
        "even though": 0.1523281119299803, 
        "domain ontolog": 0.6206132062007893, 
        "semi supervis": 0.06822839335841702, 
        "mobil devic": -0.06760617221424932, 
        "machin translat": -0.027369007131937313, 
        "genet algorithm": -0.19401680245176872, 
        "present novel": -0.027386825248342867, 
        "social media": -0.1511244099893001, 
        "vector space": 0.034723737585336145, 
        "data sourc": 0.2970419200362763, 
        "result show": -0.10762825183999743, 
        "inform need": 0.0010714524714302786, 
        "text mine": 0.10304274081290722, 
        "retriev ir": 0.10061154965506593, 
        "propos method": -0.1527178610973094, 
        "take account": 0.03965021428528933, 
        "wavelet transform": -0.02772574380573011, 
        "imag retriev": -0.20529758060045644, 
        "associ rule": -0.11600522834299519, 
        "soil moistur": -0.025811437878308315, 
        "cbir system": -0.3136657194161761, 
        "user interfac": 0.08582959474811676, 
        "img ab": 0.0, 
        "ground truth": -0.016758549537968653, 
        "featur vector": -0.2363611278907286, 
        "high resolut": 0.10158637472147808, 
        "languag model": -0.16781581527288184, 
        "princip compon": -0.1194190058307365, 
        "allow user": 0.08108583753862723, 
        "propos algorithm": -0.2588119040451754, 
        "fine grain": 0.07814503608248466, 
        "latent semant": 0.01824679759550573, 
        "recommend system": 0.0502715162503367, 
        "retriev cbir": -0.20782789697320422, 
        "end user": 0.11315333814141944, 
        "featur select": -0.21752880797615534, 
        "distanc measur": -0.20714382628134653, 
        "wide rang": 0.023373588793597567, 
        "e commerc": 0.05719890990768668, 
        "water vapor": 0.0672381803133704, 
        "propos new": -0.14335893056451354, 
        "recent year": 0.018988642567345875, 
        "becom import": 0.022549518296790392, 
        "well known": -0.006712415270533142, 
        "data set": -0.06237607220140198, 
        "cloud comput": -0.05807013875038185, 
        "web site": 0.10806756506414904, 
        "machin learn": 0.006655419729661048, 
        "n gram": 0.022908575473818943, 
        "high dimension": -0.3778313366663206, 
        "support vector": -0.20631780044176506, 
        "search engin": 0.010260156043425166,