{
    "26": {
        "em first": 0.0, 
        "self organ": 0.04013073463206389, 
        "img class": 0.0, 
        "user interest": -0.0114247356160593, 
        "manag system": 0.01755642290312262, 
        "ab contain": 0.0, 
        "cross languag": -0.00948059046636936, 
        "social network": -0.03245387509225211, 
        "take advantag": -0.03509446907719898, 
        "first page": -0.5610875632667952, 
        "sup sup": 0.17039388747177717, 
        "low level": 0.004648275860534436, 
        "inform retriev": -0.1278770948975061, 
        "remot sens": 0.1907569576343046, 
        "digit librari": -0.11259371925061266, 
        "cultur heritag": -0.013804373943497253, 
        "space model": -0.14445890826789742, 
        "previou work": 0.013405953415210198, 
        "case studi": -0.11837762846764029, 
        "extens experi": 0.22989617942174587, 
        "p p": 0.12976972848693272, 
        "relationship among": 0.055507920322058694, 
        "big data": 0.037880821018675834, 
        "cluster algorithm": 0.07506087330201713, 
        "variant small": -0.6783370026613167, 
        "experi show": -0.05017680082824101, 
        "spatio tempor": 0.1394630749032065, 
        "fault toler": 0.20928863291825497, 
        "class img": 0.0, 
        "radi transfer": 0.22154489667200838, 
        "real world": 0.0735047236591663, 
        "level featur": 0.12996175450651362, 
        "similar measur": 0.039656708371031545, 
        "user prefer": 0.025944267038828663, 
        "propos novel": 0.13108332229115957, 
        "huge amount": 0.10601191695947812, 
        "present new": 0.05374705861327107, 
        "e g": 0.07149997049631127, 
        "sub sub": 0.2771785836818115, 
        "textur featur": 0.021875447721894637, 
        "page articl": -0.6284088424257762, 
        "knowledg base": -0.008846337763386943, 
        "xploreasset imag": 0.0, 
        "color histogram": 0.11057672837797464, 
        "gaussian mixtur": 0.07069528468625488, 
        "bug report": 0.055488586633400463, 
        "paper discuss": -0.08463710014486782, 
        "semant gap": 0.03132739667578349, 
        "png border": 0.0, 
        "address issu": 0.15240777679110237, 
        "import role": -0.08402172227042329, 
        "hidden markov": 0.050030129439905036, 
        "propos approach": -0.019652484982534205, 
        "search result": -0.11489527192758436, 
        "result indic": 0.007809500871073747, 
        "improv perform": -0.048288300597475214, 
        "vector machin": 0.06910780992416743, 
        "wide web": -0.11648251324464859, 
        "bright temperatur": 0.1664013733201148, 
        "sensor network": 0.14023541270969495, 
        "solid src": 0.0, 
        "retriev perform": 0.01059375876811548, 
        "latent dirichlet": 0.0008968131461106455, 
        "px solid": 0.0, 
        "signific improv": -0.025084257466614884, 
        "absimag png": 0.0, 
        "f measur": 0.015272528075798517, 
        "new approach": -0.07466211648819415, 
        "font size": -0.6391296095533039, 
        "surfac temperatur": 0.137371551445753, 
        "demonstr effect": 0.12833894331536005, 
        "commonli use": 0.17105949231013515, 
        "br br": 0.0442512329154535, 
        "visual featur": 0.10146371112889573, 
        "paper present": 0.0072321782883419325, 
        "experiment result": 0.00943747213780139, 
        "font variant": 0.0, 
        "invert index": 0.11373270343796134, 
        "web servic": -0.12628161656547915, 
        "recal precis": -0.027935280139128264, 
        "imag absimag": 0.0, 
        "mobil phone": 0.14480984705575808, 
        "respons time": 0.14086604273058886, 
        "e learn": -0.06137100525768564, 
        "style font": -0.26370982378150937, 
        "inform extract": -0.22059649511068866, 
        "ad hoc": 0.09524252063446002, 
        "real time": 0.09636916669562337, 
        "color textur": 0.11981642562728487, 
        "small cap": 0.0, 
        "stack overflow": -0.1156504614212513, 
        "singular valu": 0.08203479699999539, 
        "time consum": 0.03065898774770128, 
        "machin svm": 0.08284171871876381, 
        "k mean": 0.06269639430776378, 
        "style width": 0.0, 
        "k nearest": 0.1475706121703818, 
        "state art": 0.1845684624593911, 
        "high qualiti": -0.014238311164673447, 
        "wide use": 0.05284085615913266, 
        "high level": 0.0906818732692522, 
        "medic imag": 0.026411635540558174, 
        "paper propos": 0.03928986432690557, 
        "data mine": 0.007209732944717513, 
        "content base": 0.08116619028071786, 
        "question answer": -0.3007727053663901, 
        "larg number": 0.10204868547013494, 
        "artifici intellig": -0.011853300991568824, 
        "xml document": -0.02875483430803709, 
        "larg amount": 0.043749763919305115, 
        "base imag": 0.06173165805296671, 
        "web page": -0.13591236370982265, 
        "bag word": 0.11200802735302544, 
        "markov model": 0.026529843660816246, 
        "co occurr": -0.006449413466703982, 
        "width border": 0.0, 
        "wind speed": 0.22001105677165142, 
        "mobil agent": 0.002212922586030463, 
        "design implement": 0.017867056292990954, 
        "land surfac": 0.12010813670452389, 
        "precis recal": -0.06457496141639973, 
        "paper describ": -0.07034349096269363, 
        "result demonstr": 0.09426230426227195, 
        "semant similar": -0.001546283304478978, 
        "top k": 0.22545725736304753, 
        "decis make": -0.023973162162428185, 
        "even though": 0.11092289210707354, 
        "domain ontolog": -0.04347185187954682, 
        "semi supervis": 0.08551090097884605, 
        "mobil devic": -0.10200749469570852, 
        "machin translat": -0.1217182624588549, 
        "genet algorithm": 0.13880207313874227, 
        "present novel": 0.14808381532850157, 
        "social media": 0.037659693736781366, 
        "vector space": -0.178937524060818, 
        "data sourc": -0.0676866193201817, 
        "result show": 0.017989946514617324, 
        "inform need": -0.04685518433132588, 
        "text mine": -0.10278270329493082, 
        "retriev ir": -0.11002651013278135, 
        "propos method": 0.04418461983839188, 
        "take account": -0.08760042852876779, 
        "wavelet transform": 0.048437905195947276, 
        "imag retriev": 0.027917355195701304, 
        "associ rule": -0.008218077147942395, 
        "soil moistur": 0.16942153065568707, 
        "cbir system": 0.11758446849333452, 
        "user interfac": -0.158106895188821, 
        "img ab": 0.0, 
        "ground truth": 0.1958701562809075, 
        "featur vector": 0.09701672693371391, 
        "high resolut": 0.30930395151670437, 
        "languag model": -0.030365384482725775, 
        "princip compon": 0.1332161210876916, 
        "allow user": -0.07796387753430463, 
        "propos algorithm": 0.14555808556013872, 
        "fine grain": 0.17534530973422666, 
        "latent semant": -0.05380094049991473, 
        "recommend system": -0.05775819344977025, 
        "retriev cbir": 0.09372463894501375, 
        "end user": -0.04141310909457397, 
        "featur select": 0.0800476617351711, 
        "distanc measur": 0.051392188203462794, 
        "wide rang": 0.14528567293149278, 
        "e commerc": -0.0358179265207652, 
        "water vapor": 0.18449310027060253, 
        "propos new": 0.03025501480557169, 
        "recent year": 0.002799119090471554, 
        "becom import": -0.029076529939587904, 
        "well known": 0.1015622103732886, 
        "data set": 0.11373074450193661, 
        "cloud comput": 0.06543645444636181, 
        "web site": -0.013321943762607008, 
        "machin learn": -0.04020118221362961, 
        "n gram": 0.030811622155514667, 
        "high dimension": 0.1738805414830393, 
        "support vector": 0.07054536892867991, 
        "search engin": -0.17143946756805514, 
        "time seri": 0.12468308295470157,