{
    "27": {
        "em first": 0.0, 
        "self organ": -0.02661668077179709, 
        "img class": 0.0, 
        "user interest": -0.16106421710665436, 
        "manag system": 0.045599984424528166, 
        "ab contain": 0.0, 
        "cross languag": -0.13661693855412488, 
        "social network": 0.031675600860550886, 
        "take advantag": -0.03310220159624497, 
        "first page": -0.1345652338550012, 
        "sup sup": 0.08475844482011202, 
        "low level": -0.14372909394962463, 
        "inform retriev": -0.11546831690169536, 
        "remot sens": 0.32367226300657126, 
        "digit librari": -0.14394765782275493, 
        "cultur heritag": 0.027328412485027213, 
        "space model": -0.1348387757838322, 
        "previou work": -0.024810058934585932, 
        "case studi": 0.04702411293014137, 
        "extens experi": 0.03609710618887532, 
        "p p": 0.11044817542860315, 
        "relationship among": -0.016273964666621205, 
        "big data": 0.13074454491273588, 
        "cluster algorithm": -0.06643653848783677, 
        "variant small": -0.5835072387104479, 
        "experi show": -0.1220144605474226, 
        "spatio tempor": 0.14161229320784552, 
        "fault toler": 0.16638134026356266, 
        "class img": 0.0, 
        "radi transfer": 0.4080166072856105, 
        "real world": 0.024842790112213547, 
        "level featur": -0.18063579229522558, 
        "similar measur": -0.09576925963075983, 
        "user prefer": -0.07264152459838331, 
        "propos novel": -0.04500878362933648, 
        "huge amount": 0.017036429407189264, 
        "present new": -0.04794915207558179, 
        "e g": 0.0907772154618839, 
        "sub sub": 0.32458463966919454, 
        "textur featur": -0.1238197674971022, 
        "page articl": -0.19401390990942718, 
        "knowledg base": -0.1462814653456065, 
        "xploreasset imag": 0.0, 
        "color histogram": -0.24380614757026894, 
        "gaussian mixtur": 0.011948195378157207, 
        "bug report": -0.03336301343893338, 
        "paper discuss": -0.04519832168604137, 
        "semant gap": -0.050011937219907994, 
        "png border": 0.0, 
        "address issu": 0.03155965668393763, 
        "import role": -0.06622060861047853, 
        "hidden markov": -0.041982533754369056, 
        "propos approach": -0.04792703577504529, 
        "search result": -0.09892055582186562, 
        "result indic": 0.0786016645682553, 
        "improv perform": -0.024657055306139975, 
        "vector machin": -0.056984558952346845, 
        "wide web": -0.11651666273067288, 
        "bright temperatur": 0.35391356083915004, 
        "sensor network": 0.20726714736620275, 
        "solid src": 0.0, 
        "retriev perform": -0.10550268048569018, 
        "latent dirichlet": 0.035094224636262716, 
        "px solid": 0.0, 
        "signific improv": -0.02166674140787781, 
        "absimag png": 0.0, 
        "f measur": -0.007347746036819924, 
        "new approach": -0.03881502998178957, 
        "font size": -0.591821442443978, 
        "surfac temperatur": 0.3453057963373618, 
        "demonstr effect": -0.08569578601826927, 
        "commonli use": 0.05849072646164286, 
        "br br": -0.01350776594907357, 
        "visual featur": -0.16077541846045915, 
        "paper present": -0.027079917110407224, 
        "experiment result": -0.14226000827449026, 
        "font variant": 0.0, 
        "invert index": 0.0010673671712016063, 
        "web servic": -0.06630790091794594, 
        "recal precis": -0.05373004873707901, 
        "imag absimag": 0.0, 
        "mobil phone": -0.005528427206519526, 
        "respons time": 0.15881399628081755, 
        "e learn": -0.10159915231013746, 
        "style font": 0.0, 
        "inform extract": -0.08705124304512248, 
        "ad hoc": 0.0659121748425926, 
        "real time": 0.16680011876738432, 
        "color textur": -0.12157197971342439, 
        "small cap": 0.0, 
        "stack overflow": 0.05215988363070469, 
        "singular valu": 0.032959283367279935, 
        "time consum": 0.05139076573451804, 
        "machin svm": -0.07300032737127182, 
        "k mean": -0.06533511618191923, 
        "style width": 0.0, 
        "k nearest": -0.026912295511095956, 
        "state art": -0.05381981416121502, 
        "high qualiti": 0.04740613835991067, 
        "wide use": -0.05425054716870372, 
        "high level": -0.06741966806306342, 
        "medic imag": -0.053354598147237114, 
        "paper propos": -0.0836968315113068, 
        "data mine": 0.05050383228560654, 
        "content base": -0.15798008664033913, 
        "question answer": -0.09247679301388304, 
        "larg number": 0.07977109634038927, 
        "artifici intellig": 0.02758114069618896, 
        "xml document": -0.0409859693558588, 
        "larg amount": 0.07116004166762337, 
        "base imag": -0.14321993608769237, 
        "web page": -0.12301710060346778, 
        "bag word": -0.0512353264266968, 
        "markov model": -0.020663319094567426, 
        "co occurr": -0.07911920323905294, 
        "width border": 0.0, 
        "wind speed": 0.3305500177753867, 
        "mobil agent": 0.07984085965565153, 
        "design implement": -0.03225536264937479, 
        "land surfac": 0.36635202240570713, 
        "precis recal": -0.08368953743811894, 
        "paper describ": -0.0076381571671616105, 
        "result demonstr": -0.05685215067878883, 
        "semant similar": -0.13541603258833515, 
        "top k": 0.05913854600067184, 
        "decis make": 0.0708851553569066, 
        "even though": 0.10551065729836319, 
        "domain ontolog": -0.13662861673307644, 
        "semi supervis": 0.03541508885352533, 
        "mobil devic": 0.03681525287006458, 
        "machin translat": -0.08949373374574907, 
        "genet algorithm": -0.08421688516691961, 
        "present novel": -0.052547053847143414, 
        "social media": 0.07456173270759599, 
        "vector space": -0.14715770504552417, 
        "data sourc": 0.1481978697712517, 
        "result show": -0.010003347910217602, 
        "inform need": -0.08520635767849428, 
        "text mine": -0.005493477470797379, 
        "retriev ir": -0.05972242527974772, 
        "propos method": -0.08319947308306053, 
        "take account": 0.031877626159200055, 
        "wavelet transform": -0.06881230629581134, 
        "imag retriev": -0.30478254990770137, 
        "associ rule": 0.01435091535466247, 
        "soil moistur": 0.29522534706847214, 
        "cbir system": -0.11547014088020287, 
        "user interfac": -0.025201994396099544, 
        "img ab": 0.0, 
        "ground truth": 0.2308420648080705, 
        "featur vector": -0.09426879598621535, 
        "high resolut": 0.2887778968924139, 
        "languag model": -0.054940459224829076, 
        "princip compon": 0.08685776596592795, 
        "allow user": -0.06466397774161584, 
        "propos algorithm": -0.02782369747777597, 
        "fine grain": 0.0980564259090112, 
        "latent semant": -0.10577469562130211, 
        "recommend system": -0.060367746695321474, 
        "retriev cbir": -0.14078328230663548, 
        "end user": 0.02912099465176206, 
        "featur select": -0.06208591003266154, 
        "distanc measur": -0.015425481580533158, 
        "wide rang": 0.12534110096871726, 
        "e commerc": -0.09892847537395856, 
        "water vapor": 0.4327450157602846, 
        "propos new": -0.07106731426436433, 
        "recent year": -0.03085503748894411, 
        "becom import": -0.056713767179126955, 
        "well known": 0.04629934252219912, 
        "data set": 0.12654471111731647, 
        "cloud comput": 0.08499580403626633, 
        "web site": -0.10234889812114825, 
        "machin learn": -0.05431196400173119, 
        "n gram": -0.04802243614324453, 
        "high dimension": -0.02680026747596414, 
        "support vector": -0.06226665423888809, 
        "search engin": -0.19144658670609416,