{
    "28": {
        "em first": 0.0, 
        "self organ": -0.003928907551114365, 
        "img class": 0.0, 
        "user interest": 0.14180304945865424, 
        "manag system": 0.03963563818387718, 
        "ab contain": 0.0, 
        "cross languag": 0.12039075304853766, 
        "social network": 0.08861292009597234, 
        "take advantag": 0.04278606510298407, 
        "first page": -0.6131759048739673, 
        "sup sup": 0.0022824083451169295, 
        "low level": 0.08387151918378502, 
        "inform retriev": -0.024619097126100664, 
        "remot sens": 0.025889317520548134, 
        "digit librari": 0.0029656258571757552, 
        "cultur heritag": 0.024693075272668223, 
        "space model": 0.05211657860850607, 
        "previou work": 0.07007871018020402, 
        "case studi": -0.011328085579183479, 
        "extens experi": 0.07315439540520695, 
        "p p": 0.05947768338474797, 
        "relationship among": 0.01332733731490757, 
        "big data": 0.04782254223688471, 
        "cluster algorithm": 0.012755288580410563, 
        "variant small": -0.44965639336775465, 
        "experi show": -0.006284538776536102, 
        "spatio tempor": 0.1401285677618452, 
        "fault toler": 0.05700940882915455, 
        "class img": 0.0, 
        "radi transfer": 0.1243261121661317, 
        "real world": 0.045336503048548984, 
        "level featur": 0.07842037598642305, 
        "similar measur": 0.09054513847781309, 
        "user prefer": 0.10764592012638431, 
        "propos novel": 0.03661324230791148, 
        "huge amount": 0.10795732849099073, 
        "present new": -0.013910002030005473, 
        "e g": 0.12168929750824538, 
        "sub sub": -0.055855810737755036, 
        "textur featur": 0.09414729753053704, 
        "page articl": -0.7007732271245639, 
        "knowledg base": 0.05393774439124165, 
        "xploreasset imag": 0.0, 
        "color histogram": 0.12886276132104438, 
        "gaussian mixtur": 0.09266556007747914, 
        "bug report": 0.06490783734031588, 
        "paper discuss": -0.06976681941988094, 
        "semant gap": 0.09936557384709283, 
        "png border": 0.0, 
        "address issu": 0.060404374518131035, 
        "import role": 0.0517602896795702, 
        "hidden markov": 0.18949832462117122, 
        "propos approach": 0.05803479863774618, 
        "search result": 0.024433469655956667, 
        "result indic": 0.05204869295587066, 
        "improv perform": 0.03437152987728363, 
        "vector machin": 0.06612699641881868, 
        "wide web": 0.044962909275586875, 
        "bright temperatur": 0.06093578301998441, 
        "sensor network": -0.010445138668352389, 
        "solid src": 0.0, 
        "retriev perform": 0.04124578627504754, 
        "latent dirichlet": 0.11911130886906907, 
        "px solid": 0.0, 
        "signific improv": 0.08210948351376471, 
        "absimag png": 0.0, 
        "f measur": 0.09270632020939701, 
        "new approach": 0.0821076881344941, 
        "font size": -0.5850383467543607, 
        "surfac temperatur": 0.022853120971034875, 
        "demonstr effect": 0.09548898636821025, 
        "commonli use": 0.018298394503661854, 
        "br br": 0.1286813791366248, 
        "visual featur": 0.12804339002616857, 
        "paper present": 0.044905118957833695, 
        "experiment result": 0.04210274524078318, 
        "font variant": 0.0, 
        "invert index": 0.08215833019773805, 
        "web servic": -0.07617197414700311, 
        "recal precis": 0.03470738410035134, 
        "imag absimag": 0.0, 
        "mobil phone": 0.09777633832059555, 
        "respons time": -0.0031791267975678017, 
        "e learn": 0.03906628447817567, 
        "style font": -0.15712668358533283, 
        "inform extract": 0.0808747637400632, 
        "ad hoc": 0.03346675626319499, 
        "real time": 0.028507110388273322, 
        "color textur": 0.13574614180981273, 
        "small cap": 0.0, 
        "stack overflow": 0.07405532607626439, 
        "singular valu": 0.042536993875589846, 
        "time consum": 0.04649381522292438, 
        "machin svm": 0.07526380010980088, 
        "k mean": 0.034762372539524355, 
        "style width": 0.0, 
        "k nearest": 0.05213187668890048, 
        "state art": 0.0499739166125735, 
        "high qualiti": 0.09492181631625114, 
        "wide use": -0.005080357743600586, 
        "high level": 0.019956284956301522, 
        "medic imag": 0.0924581890513949, 
        "paper propos": 0.04309231863545833, 
        "data mine": -0.02798675095406029, 
        "content base": 0.045620521637979784, 
        "question answer": 0.09401568779258938, 
        "larg number": 0.039673511343280156, 
        "artifici intellig": -0.005859566177825815, 
        "xml document": 0.00030447943045261525, 
        "larg amount": 0.05215459678560937, 
        "base imag": -0.022352019151268582, 
        "web page": 0.07279472521005413, 
        "bag word": 0.10336601303599183, 
        "markov model": 0.1718254363267892, 
        "co occurr": 0.16775032409312138, 
        "width border": 0.0, 
        "wind speed": -0.05855983502025866, 
        "mobil agent": 0.0008934529289771711, 
        "design implement": 0.03439411433680988, 
        "land surfac": 0.014655107212966235, 
        "precis recal": 0.11570045507758074, 
        "paper describ": 0.013830137616953795, 
        "result demonstr": 0.01762279713249464, 
        "semant similar": 0.10579410209807563, 
        "top k": -0.020844314578741252, 
        "decis make": -0.03824430451137643, 
        "even though": 0.08566074123100985, 
        "domain ontolog": 0.054472746482633526, 
        "semi supervis": 0.09357332214876363, 
        "mobil devic": 0.08540071511446497, 
        "machin translat": 0.05748986892056781, 
        "genet algorithm": 0.1033898102675559, 
        "present novel": 0.08581085391573108, 
        "social media": 0.15975755642656045, 
        "vector space": 0.028097344908230446, 
        "data sourc": -0.010010163349043262, 
        "result show": 0.05967476938714669, 
        "inform need": -0.001145623315837248, 
        "text mine": 0.040016532072514086, 
        "retriev ir": -0.001468330816582939, 
        "propos method": 0.044190105253702906, 
        "take account": 0.05236457513594533, 
        "wavelet transform": 0.08837153695508777, 
        "imag retriev": -0.03133514561949469, 
        "associ rule": 0.04203054527023009, 
        "soil moistur": -0.03348619940287133, 
        "cbir system": 0.11420316579077018, 
        "user interfac": -0.004952669843133373, 
        "img ab": 0.0, 
        "ground truth": 0.10076388718170415, 
        "featur vector": 0.08578350547770179, 
        "high resolut": 0.0468666535634177, 
        "languag model": 0.05201699929324691, 
        "princip compon": 0.11967771727057576, 
        "allow user": 0.010696951235927588, 
        "propos algorithm": -0.00038612576459769263, 
        "fine grain": 0.2788136325032283, 
        "latent semant": 0.057935172124539885, 
        "recommend system": 0.030410959474236617, 
        "retriev cbir": 0.13611548542061408, 
        "end user": 0.0682369754225005, 
        "featur select": 0.1035043516450893, 
        "distanc measur": 0.07992191300631957, 
        "wide rang": 0.130632708677015, 
        "e commerc": -0.005919248100479767, 
        "water vapor": 0.07306991601721405, 
        "propos new": -0.0025566417801837302, 
        "recent year": 0.06191753073715427, 
        "becom import": 0.03302970587048432, 
        "well known": 0.012977683720444333, 
        "data set": -0.01943503079958532, 
        "cloud comput": 0.07325218450090851, 
        "web site": 0.11211679297256931, 
        "machin learn": 0.039109962393144015, 
        "n gram": 0.16529390245026654, 
        "high dimension": 0.005266024308963735, 
        "support vector": 0.08632880691162259, 
        "search engin": 0.00796080185331909, 
        "time seri": 0.03871083240661327,