{
    "29": {
        "em first": 0.0, 
        "self organ": 0.018421200394191123, 
        "img class": 0.0, 
        "user interest": -0.04684503382926811, 
        "manag system": 0.1632977566898695, 
        "ab contain": 0.0, 
        "cross languag": -0.16381218965867375, 
        "social network": 0.09482749682479476, 
        "take advantag": 0.05459073939089389, 
        "first page": -0.6876013421892179, 
        "sup sup": 0.05126186170980611, 
        "low level": -0.09408946935009889, 
        "inform retriev": 0.015271250236323815, 
        "remot sens": 0.07958465790498181, 
        "digit librari": 0.008537503309465923, 
        "cultur heritag": 0.031146278795023383, 
        "space model": -0.09066336453711778, 
        "previou work": -0.03025905684834875, 
        "case studi": 0.05288606123386691, 
        "extens experi": 0.06014318917923961, 
        "p p": 0.26457468079578345, 
        "relationship among": 0.04925762283331897, 
        "big data": 0.3173133925142472, 
        "cluster algorithm": 0.0226087479283163, 
        "variant small": -1.6638245296893037, 
        "experi show": -0.10635083702507893, 
        "spatio tempor": 0.15165089114421126, 
        "fault toler": 0.021639297512552273, 
        "class img": 0.0, 
        "radi transfer": 0.06230323628887818, 
        "real world": 0.10450934873559233, 
        "level featur": -0.1270720965812463, 
        "similar measur": -0.08124635006973088, 
        "user prefer": -0.028612349492574525, 
        "propos novel": 0.026235314188664004, 
        "huge amount": 0.21111848064614563, 
        "present new": -0.04385658908506712, 
        "e g": 0.11233182065237932, 
        "sub sub": -0.00801055408216019, 
        "textur featur": -0.3467879971308096, 
        "page articl": -0.8444011409748271, 
        "knowledg base": 0.0731231970588635, 
        "xploreasset imag": 0.0, 
        "color histogram": -0.5389844199552859, 
        "gaussian mixtur": -0.07124819890487376, 
        "bug report": -0.17889252044957488, 
        "paper discuss": 0.04322799801227006, 
        "semant gap": -0.06323655059537016, 
        "png border": 0.0, 
        "address issu": 0.10920401324239343, 
        "import role": -0.01633996002928372, 
        "hidden markov": -0.06936737302752635, 
        "propos approach": 0.01964646944870676, 
        "search result": -0.01012826149842986, 
        "result indic": -0.040365865798948464, 
        "improv perform": -0.027282019010147443, 
        "vector machin": -0.04588370320757361, 
        "wide web": 0.14230410264699656, 
        "bright temperatur": 0.0163380577622889, 
        "sensor network": 0.060397149823679566, 
        "solid src": 0.0, 
        "retriev perform": -0.16316118007985925, 
        "latent dirichlet": 0.057108080950128134, 
        "px solid": 0.0, 
        "signific improv": -0.045161718786878684, 
        "absimag png": 0.0, 
        "f measur": -0.0062634163559034265, 
        "new approach": 0.00963609763560011, 
        "font size": -1.4876060310117463, 
        "surfac temperatur": -0.023843572775704612, 
        "demonstr effect": -0.011515979275808231, 
        "commonli use": 0.0286829537362385, 
        "br br": -0.06933360949974231, 
        "visual featur": -0.1276660581535329, 
        "paper present": 0.03136219822089543, 
        "experiment result": -0.05544043304105727, 
        "font variant": 0.0, 
        "invert index": 0.07157778094395675, 
        "web servic": 0.06720134965843041, 
        "recal precis": -0.12292735900300371, 
        "imag absimag": 0.0, 
        "mobil phone": 0.026034858721076998, 
        "respons time": 0.08713372184287888, 
        "e learn": -0.03629956222224777, 
        "style font": -0.2573274923151907, 
        "inform extract": 0.12048055296483837, 
        "ad hoc": 0.06286978813675698, 
        "real time": 0.12168683582030855, 
        "color textur": -0.1836421225741184, 
        "small cap": 0.0, 
        "stack overflow": -0.12615902868279977, 
        "singular valu": -0.02250846662353624, 
        "time consum": 0.105806301341638, 
        "machin svm": -0.12323206469208126, 
        "k mean": -0.05473503016059078, 
        "style width": 0.0, 
        "k nearest": -0.06163825872377329, 
        "state art": 0.023056980718625657, 
        "high qualiti": 0.054297647785222274, 
        "wide use": 0.047693052251470455, 
        "high level": 0.01693172200175269, 
        "medic imag": 0.003670440124057867, 
        "paper propos": 0.0036886148812207806, 
        "data mine": 0.3034170329902436, 
        "content base": -0.07081596530432112, 
        "question answer": -0.0818249887066637, 
        "larg number": 0.1218222171138052, 
        "artifici intellig": 0.07917861439053786, 
        "xml document": 0.15353750753718565, 
        "larg amount": 0.21448306716226387, 
        "base imag": -0.15721644651930186, 
        "web page": 0.02991816206076637, 
        "bag word": -0.06483954623538109, 
        "markov model": -0.018880034891546802, 
        "co occurr": -0.05409622245715218, 
        "width border": 0.0, 
        "wind speed": 0.059629457861370604, 
        "mobil agent": -0.08771339866853678, 
        "design implement": 0.04475105583812903, 
        "land surfac": -0.0024840344530327983, 
        "precis recal": -0.07056636887064067, 
        "paper describ": 0.04807685782731759, 
        "result demonstr": -0.00966221078470324, 
        "semant similar": -0.056980586630763864, 
        "top k": 0.11644868887822349, 
        "decis make": 0.16076266763669436, 
        "even though": 0.06606717638599005, 
        "domain ontolog": -0.036197675851155055, 
        "semi supervis": 0.07751296729306753, 
        "mobil devic": 0.03210838480747974, 
        "machin translat": -0.10674560286796396, 
        "genet algorithm": -0.08778677829529953, 
        "present novel": -0.00517186717438291, 
        "social media": 0.12270558019756501, 
        "vector space": -0.1008236099229878, 
        "data sourc": 0.33540032048183593, 
        "result show": -0.03709832868516201, 
        "inform need": -0.018728994280160238, 
        "text mine": 0.10685229956054079, 
        "retriev ir": -0.01920424978003772, 
        "propos method": -0.058872250700289994, 
        "take account": -0.013126474557939694, 
        "wavelet transform": -0.21858614051254768, 
        "imag retriev": -0.17881998248001485, 
        "associ rule": 0.14638021564905979, 
        "soil moistur": -0.0462618441279903, 
        "cbir system": -0.15089322075240835, 
        "user interfac": 0.025651343628729006, 
        "img ab": 0.0, 
        "ground truth": -0.017384756919622504, 
        "featur vector": -0.13065190124361348, 
        "high resolut": 0.06887864603357678, 
        "languag model": -0.10588573474004254, 
        "princip compon": 0.013893330391485091, 
        "allow user": 0.07218839093571486, 
        "propos algorithm": -0.04730739203026801, 
        "fine grain": 0.0543055679684066, 
        "latent semant": -0.04462793894692147, 
        "recommend system": 0.040611661091719715, 
        "retriev cbir": -0.15029301099239115, 
        "end user": 0.14254995383694904, 
        "featur select": -0.09300661030026673, 
        "distanc measur": -0.1106943757582702, 
        "wide rang": 0.1036683228633981, 
        "e commerc": 0.022580678877981902, 
        "water vapor": 0.01388209829603013, 
        "propos new": -0.03295023495793085, 
        "recent year": 0.05168438340880947, 
        "becom import": 0.06703019623877862, 
        "well known": 0.04524061483248805, 
        "data set": 0.22753515718597242, 
        "cloud comput": 0.18659845623640253, 
        "web site": 0.11559952133447272, 
        "machin learn": 0.08390259536487525, 
        "n gram": -0.1314493074314851, 
        "high dimension": 0.06705320727349764, 
        "support vector": -0.045582596978002064, 
        "search engin": -0.01534985882306772,