{
    "2": {
        "em first": 0.0, 
        "self organ": -0.040479584909565394, 
        "img class": 0.0, 
        "user interest": 0.018416071258975774, 
        "manag system": 0.1897817754788034, 
        "ab contain": 0.0, 
        "cross languag": 0.006260059165580866, 
        "social network": 0.11343354843566028, 
        "take advantag": 0.05822746731613838, 
        "first page": -0.1211423735107158, 
        "sup sup": 0.10511725181030342, 
        "low level": -0.08648893846139227, 
        "inform retriev": -0.07062659212157316, 
        "remot sens": 0.14083596076961577, 
        "digit librari": 0.04557386712442733, 
        "cultur heritag": 0.05245188107313093, 
        "space model": -0.003405786059057052, 
        "previou work": 0.08358404240524425, 
        "case studi": 0.04471882886514074, 
        "extens experi": 0.054513808565988836, 
        "p p": 0.15674959642359665, 
        "relationship among": -0.021276343184123764, 
        "big data": 0.19110340369423112, 
        "cluster algorithm": -0.020466144801878222, 
        "variant small": -0.25000655777793657, 
        "experi show": -0.09749877238376914, 
        "spatio tempor": 0.09056166774338384, 
        "fault toler": 0.228027487766709, 
        "class img": 0.0, 
        "radi transfer": 0.2721565279694607, 
        "real world": -0.030161665221755986, 
        "level featur": -0.044708067132800754, 
        "similar measur": -0.08140008656434272, 
        "user prefer": -0.04684768081031188, 
        "propos novel": -0.038901403091535995, 
        "huge amount": 0.07717192348024562, 
        "present new": -0.050375860517996106, 
        "e g": 0.12434301909788041, 
        "sub sub": 0.16906855108909513, 
        "textur featur": -0.01673539664042784, 
        "page articl": -0.09322421759259916, 
        "knowledg base": 0.025538828107524156, 
        "xploreasset imag": 0.0, 
        "color histogram": -0.003067632137569977, 
        "gaussian mixtur": 0.0005653512062149951, 
        "bug report": 0.08085320912469944, 
        "paper discuss": 0.08717848430392847, 
        "semant gap": -0.007796998314198451, 
        "png border": 0.0, 
        "address issu": 0.17721289566118095, 
        "import role": -0.009458006030135009, 
        "hidden markov": 0.029383871961653162, 
        "propos approach": -0.04882481167332561, 
        "search result": -0.006356252395945877, 
        "result indic": 0.0006379812261481316, 
        "improv perform": -0.03973531554059871, 
        "vector machin": -0.06646017508677493, 
        "wide web": 0.011352154930857698, 
        "bright temperatur": 0.2438716805366396, 
        "sensor network": 0.16721480817459639, 
        "solid src": 0.0, 
        "retriev perform": -0.11501492105053027, 
        "latent dirichlet": 0.039281441816954074, 
        "px solid": 0.0, 
        "signific improv": 0.10942985382668176, 
        "absimag png": 0.0, 
        "f measur": -0.011198391726376669, 
        "new approach": -0.028754281883041223, 
        "font size": -0.17481416753274162, 
        "surfac temperatur": 0.25874129755584513, 
        "demonstr effect": -0.00027876292315562583, 
        "commonli use": -0.020877427072303337, 
        "br br": 0.07913452366881957, 
        "visual featur": 0.005504252372005328, 
        "paper present": -0.05112540346180828, 
        "experiment result": -0.2203861042297134, 
        "font variant": 0.0, 
        "invert index": 0.11569419951247807, 
        "web servic": 0.08809027017957523, 
        "recal precis": -0.003954285981113798, 
        "imag absimag": 0.0, 
        "mobil phone": 0.16582762669092885, 
        "respons time": 0.10895847546225039, 
        "e learn": -0.0020884336569107027, 
        "style font": -0.07231512744691222, 
        "inform extract": -0.08519655585292231, 
        "ad hoc": 0.10829894321706729, 
        "real time": 0.12046300092357973, 
        "color textur": -0.019592802507796825, 
        "small cap": 0.0, 
        "stack overflow": 0.09847618034862513, 
        "singular valu": 0.012297477140472923, 
        "time consum": -0.039775939043358244, 
        "machin svm": -0.03856065546043325, 
        "k mean": 0.003339868083621431, 
        "style width": 0.0, 
        "k nearest": 0.017772629911631116, 
        "state art": -0.03899348622754283, 
        "high qualiti": 0.0722253467107539, 
        "wide use": 0.09515632873530294, 
        "high level": -0.03784397401498346, 
        "medic imag": 0.06466668152972369, 
        "paper propos": -0.11120876062893653, 
        "data mine": -0.008301293047587295, 
        "content base": -0.26554588375430954, 
        "question answer": 0.03223285089341926, 
        "larg number": 0.06652434164447718, 
        "artifici intellig": 0.053439693598009264, 
        "xml document": 0.032366126569360935, 
        "larg amount": 0.0534190577644707, 
        "base imag": -0.19124061033183898, 
        "web page": -0.04571408800049691, 
        "bag word": 0.020360033158363877, 
        "markov model": 0.03460862815555494, 
        "co occurr": -0.01152090729482228, 
        "width border": 0.0, 
        "wind speed": 0.17198803931809709, 
        "mobil agent": 0.19072129557507614, 
        "design implement": 0.051698629917465246, 
        "land surfac": 0.24548523181842505, 
        "precis recal": -0.11134840069204152, 
        "paper describ": 0.02691089271117302, 
        "result demonstr": 0.030288805034761584, 
        "semant similar": 0.0027685643131875586, 
        "top k": 0.03769424010636489, 
        "decis make": 0.16631365095330713, 
        "even though": 0.1930483876017932, 
        "domain ontolog": -0.02545486944289992, 
        "semi supervis": -0.02309113384454881, 
        "mobil devic": 0.050430209932626674, 
        "machin translat": -0.003054709028074259, 
        "genet algorithm": -0.03483429626307524, 
        "present novel": -0.003382711010811025, 
        "social media": 0.046457601275533084, 
        "vector space": -0.05205165695129061, 
        "data sourc": 0.08858368919683018, 
        "result show": -0.1356681049549578, 
        "inform need": 0.0725311999472613, 
        "text mine": -0.022928358872004284, 
        "retriev ir": -0.1067989611225015, 
        "propos method": -0.22092275932057945, 
        "take account": 0.0582953129653279, 
        "wavelet transform": -0.007204539914478999, 
        "imag retriev": -0.31089565296813104, 
        "associ rule": -0.019117255399227984, 
        "soil moistur": 0.1725274530921318, 
        "cbir system": -0.022809451288218992, 
        "user interfac": 0.031515310389299334, 
        "img ab": 0.0, 
        "ground truth": 0.1144069109411527, 
        "featur vector": -0.06549652972744796, 
        "high resolut": 0.2368017214385072, 
        "languag model": 0.03062052215833003, 
        "princip compon": 0.07243664395726056, 
        "allow user": 0.10284173892461725, 
        "propos algorithm": -0.0989776111975206, 
        "fine grain": 0.31299752587742524, 
        "latent semant": -0.017501310543609285, 
        "recommend system": 0.01153546734302396, 
        "retriev cbir": -0.10162894469987116, 
        "end user": 0.07340878695807541, 
        "featur select": 0.014845593984851356, 
        "distanc measur": -0.01847522704240325, 
        "wide rang": 0.06299872890846124, 
        "e commerc": 0.14717502538175048, 
        "water vapor": 0.22176588945209041, 
        "propos new": 0.0018485396100168206, 
        "recent year": 0.02910685693060888, 
        "becom import": 0.10503713256723109, 
        "well known": 0.05157210651071844, 
        "data set": 0.045240726635002976, 
        "cloud comput": 0.3872419466150456, 
        "web site": 0.0694271301317419, 
        "machin learn": 0.01772030697935109, 
        "n gram": -0.024198434649930604, 
        "high dimension": -0.008749086251146045, 
        "support vector": -0.07043692155940223, 
        "search engin": -0.10916078848868692,