{
    "30": {
        "em first": 0.0, 
        "self organ": -0.06965999067444414, 
        "img class": 0.035190760109315725, 
        "user interest": 0.10573548578816815, 
        "manag system": -0.03376788523895152, 
        "ab contain": 0.035190760109315725, 
        "cross languag": 0.20203649700536505, 
        "social network": 0.046072882780413216, 
        "take advantag": -0.06990852107286946, 
        "first page": -0.4752168754464637, 
        "sup sup": 0.0012728224578382377, 
        "low level": -0.1423700847159604, 
        "inform retriev": 0.04559115907543479, 
        "remot sens": -0.2959748839307951, 
        "digit librari": -0.014749554740161376, 
        "cultur heritag": -0.017686033172334036, 
        "space model": 0.148716311157381, 
        "previou work": -0.00998966331270428, 
        "case studi": -0.030125628517055553, 
        "extens experi": 0.062158101253158356, 
        "p p": 0.23843555812972322, 
        "relationship among": 0.059763938717870495, 
        "big data": 0.19000683263699186, 
        "cluster algorithm": 0.034228523939683154, 
        "variant small": -0.37924477987224553, 
        "experi show": -0.03654589695105006, 
        "spatio tempor": -0.12640698299331107, 
        "fault toler": -0.03260429396481384, 
        "class img": 0.035190760109315725, 
        "radi transfer": -0.14554015511627738, 
        "real world": 0.0010540904557669627, 
        "level featur": -0.06633387814680823, 
        "similar measur": -0.1361681298842452, 
        "user prefer": -0.02561531399015403, 
        "propos novel": 0.003806207789906693, 
        "huge amount": 0.25747746069246, 
        "present new": -0.053333777504204045, 
        "e g": 0.08617161079709916, 
        "sub sub": -0.06645607930308592, 
        "textur featur": -0.001727554731951172, 
        "page articl": -0.6503494421859428, 
        "knowledg base": -0.07662299995592209, 
        "xploreasset imag": 0.035190760109315725, 
        "color histogram": -0.21188165659888214, 
        "gaussian mixtur": -0.052751355997522155, 
        "bug report": 0.2428121354519162, 
        "paper discuss": -0.06811191445622072, 
        "semant gap": -0.08719167166629792, 
        "png border": 0.035190760109315725, 
        "address issu": -0.06601946039073482, 
        "import role": 0.05765948219696588, 
        "hidden markov": 0.08277140995688662, 
        "propos approach": 0.08215929116767516, 
        "search result": 0.1159722093582579, 
        "result indic": 0.0828969208771315, 
        "improv perform": 0.016816120212950515, 
        "vector machin": -0.11029756481365213, 
        "wide web": 0.03941714937361058, 
        "bright temperatur": -0.19629613616082497, 
        "sensor network": -0.3131642478301879, 
        "solid src": 0.0, 
        "retriev perform": -0.1191212558580486, 
        "latent dirichlet": 0.2908657323266636, 
        "px solid": 0.0, 
        "signific improv": -0.020745704768795257, 
        "absimag png": 0.0, 
        "f measur": 0.22535773394759845, 
        "new approach": 0.0434016178477693, 
        "font size": -0.6670851687663522, 
        "surfac temperatur": -0.2612674911826793, 
        "demonstr effect": -0.11465385199782506, 
        "commonli use": -0.005573185210509595, 
        "br br": 0.19337397467979967, 
        "visual featur": 0.0351423152600149, 
        "paper present": 0.010780821491944734, 
        "experiment result": 0.008483414401612564, 
        "font variant": 0.035190760109315725, 
        "invert index": 0.13037031316039888, 
        "web servic": -0.19411908550197868, 
        "recal precis": -0.05386809698855635, 
        "imag absimag": 0.035190760109315725, 
        "mobil phone": 0.1305030244154184, 
        "respons time": -0.15174764765913787, 
        "e learn": -0.03421329095500907, 
        "style font": -0.12917136946119617, 
        "inform extract": 0.15744524716361405, 
        "ad hoc": -0.09455291294277247, 
        "real time": 0.05687071933113796, 
        "color textur": -0.1334303123554352, 
        "small cap": 0.035190760109315725, 
        "stack overflow": 0.11819861281126585, 
        "singular valu": -0.029936092361860095, 
        "time consum": 0.12300805070406731, 
        "machin svm": -0.032023336447179945, 
        "k mean": 0.06372097960708191, 
        "style width": 0.035190760109315725, 
        "k nearest": -0.11816793736483243, 
        "state art": 0.07061901570517276, 
        "high qualiti": 0.17316017136240203, 
        "wide use": -0.08760083291003631, 
        "high level": -0.0038341520243556056, 
        "medic imag": -0.0226179803001869, 
        "paper propos": 0.013402275517276805, 
        "data mine": 0.053524989517059106, 
        "content base": -0.10812485951155645, 
        "question answer": -0.020725972007900963, 
        "larg number": 0.07861586045005024, 
        "artifici intellig": 0.09979348587685717, 
        "xml document": -0.06131548635729001, 
        "larg amount": 0.10477850565049864, 
        "base imag": -0.4813736813906958, 
        "web page": 0.17114362921739365, 
        "bag word": 0.17049278209329594, 
        "markov model": 0.08650500914201723, 
        "co occurr": 0.102959920302375, 
        "width border": 0.0, 
        "wind speed": -0.08360508877159663, 
        "mobil agent": -0.20990833860927613, 
        "design implement": -0.0444819777576634, 
        "land surfac": -0.24635375719191657, 
        "precis recal": 0.032523689856256574, 
        "paper describ": -0.017674087883021727, 
        "result demonstr": -0.06100708529193092, 
        "semant similar": 0.05306248396512473, 
        "top k": -0.0854761436333903, 
        "decis make": 0.0034625855871456284, 
        "even though": 0.11076132111134497, 
        "domain ontolog": 0.059493882720170345, 
        "semi supervis": 0.0963641998428536, 
        "mobil devic": 0.08658025251682276, 
        "machin translat": 0.1889162689452879, 
        "genet algorithm": -0.04777037528626972, 
        "present novel": 0.08613378821265881, 
        "social media": 0.21549567500059966, 
        "vector space": 0.1241085737763875, 
        "data sourc": -0.08931937389056013, 
        "result show": 0.03711283945758908, 
        "inform need": 0.024534331455353758, 
        "text mine": 0.2693338280305413, 
        "retriev ir": 0.020892842192695063, 
        "propos method": 0.08383965683151835, 
        "take account": 0.0020524899323190564, 
        "wavelet transform": -0.12410919623972087, 
        "imag retriev": -0.5069792444625412, 
        "associ rule": -0.06764330741297664, 
        "soil moistur": -0.32059608850161725, 
        "cbir system": -0.10710721547703406, 
        "user interfac": 0.05374326531009216, 
        "img ab": 0.035190760109315725, 
        "ground truth": -0.07360587296576797, 
        "featur vector": -0.10816471111669285, 
        "high resolut": -0.27435542113942674, 
        "languag model": 0.11705006357256585, 
        "princip compon": -0.1217560572568577, 
        "allow user": -0.041734222044791484, 
        "propos algorithm": -0.06646480643171179, 
        "fine grain": 0.19851702723804873, 
        "latent semant": 0.10644473945441468, 
        "recommend system": 0.05853236765150687, 
        "retriev cbir": -0.17789041798189628, 
        "end user": 0.12902849213883044, 
        "featur select": 0.006768722771326979, 
        "distanc measur": -0.16879629556628156, 
        "wide rang": 0.02825651700043203, 
        "e commerc": -0.15447613517013023, 
        "water vapor": -0.11220646106734951, 
        "propos new": -0.014379931857178162, 
        "recent year": 0.028236520358600078, 
        "becom import": 0.14342435268131545, 
        "well known": -0.06077079452947474, 
        "data set": -0.000139082006046115, 
        "cloud comput": -0.008601835640608325, 
        "web site": 0.18460157360950447, 
        "machin learn": 0.12696378988438908, 
        "n gram": 0.1433918164724174,