{
    "31": {
        "em first": 0.0, 
        "self organ": -0.05096494960485772, 
        "img class": 0.0, 
        "user interest": 0.1423881990343869, 
        "manag system": 0.01621340344270901, 
        "ab contain": 0.0, 
        "cross languag": 0.3283473513329192, 
        "social network": -0.19884146111131282, 
        "take advantag": 0.07421149944460063, 
        "first page": -1.5682069027225283, 
        "sup sup": 0.15742731763133047, 
        "low level": 0.16247945403782119, 
        "inform retriev": 0.15396980059733123, 
        "remot sens": -0.3298909868874998, 
        "digit librari": -0.05011077588116005, 
        "cultur heritag": -0.01426090550560638, 
        "space model": 0.11689087996303404, 
        "previou work": 0.05403046838716089, 
        "case studi": -0.1359227528655789, 
        "extens experi": 0.20064583200781289, 
        "p p": 0.48113757022737813, 
        "relationship among": 0.06052397163885892, 
        "big data": -0.19484701909653215, 
        "cluster algorithm": 5.723091119940512e-05, 
        "variant small": -0.7866550207822146, 
        "experi show": 0.09662569155189851, 
        "spatio tempor": 0.16841811151270727, 
        "fault toler": -0.18403855127275445, 
        "class img": 0.0, 
        "radi transfer": -0.13827510157254513, 
        "real world": 0.05465742522530252, 
        "level featur": 0.17449979918936145, 
        "similar measur": 0.14561412272607704, 
        "user prefer": 0.22815441410662707, 
        "propos novel": 0.1392765429712601, 
        "huge amount": 0.12481945096694969, 
        "present new": 0.04810930859710016, 
        "e g": 0.08090977866904897, 
        "sub sub": 0.04439530264892266, 
        "textur featur": 0.02684010296481348, 
        "page articl": -1.8731454987124883, 
        "knowledg base": 0.1421297990795009, 
        "xploreasset imag": 0.0, 
        "color histogram": 0.04538584982062112, 
        "gaussian mixtur": -0.03514730926174043, 
        "bug report": -0.14161125003204103, 
        "paper discuss": -0.14221026208819432, 
        "semant gap": 0.2138766031837892, 
        "png border": 0.0, 
        "address issu": 0.15153999077360814, 
        "import role": -0.00824973079757078, 
        "hidden markov": -0.047546318834137194, 
        "propos approach": 0.16167068783181654, 
        "search result": 0.32746722260288774, 
        "result indic": 0.0482280111294418, 
        "improv perform": 0.13224845967394983, 
        "vector machin": -0.030397932634363783, 
        "wide web": 0.19268880970546223, 
        "bright temperatur": -0.1769471098978383, 
        "sensor network": -0.09141586511950349, 
        "solid src": 0.0, 
        "retriev perform": 0.24903738305380288, 
        "latent dirichlet": -0.07926226874700987, 
        "px solid": 0.0, 
        "signific improv": 0.17466308794119506, 
        "absimag png": 0.0, 
        "f measur": -0.037862085426481173, 
        "new approach": 0.13065909881167184, 
        "font size": -0.7375077415398903, 
        "surfac temperatur": -0.18736880274107254, 
        "demonstr effect": 0.19348159259683964, 
        "commonli use": 0.10926342104140963, 
        "br br": 0.04064587862228327, 
        "visual featur": 0.19725891229203033, 
        "paper present": 0.02516131513628332, 
        "experiment result": 0.1395573883036061, 
        "font variant": 0.0, 
        "invert index": 0.22641078605177736, 
        "web servic": -0.11158733827900004, 
        "recal precis": 0.16325579161312598, 
        "imag absimag": 0.0, 
        "mobil phone": -0.06832071869398909, 
        "respons time": 0.2188443912972852, 
        "e learn": -0.1144476156059424, 
        "style font": -0.40816967640371693, 
        "inform extract": -0.08080520918737677, 
        "ad hoc": 0.16853344128017192, 
        "real time": -0.12045041025027628, 
        "color textur": 0.24101535084207995, 
        "small cap": 0.0, 
        "stack overflow": 0.013588725188853545, 
        "singular valu": -0.009814936354647167, 
        "time consum": 0.07565241346961957, 
        "machin svm": 0.010104454826848915, 
        "k mean": -0.080484985516809, 
        "style width": 0.0, 
        "k nearest": 0.197627982733331, 
        "state art": 0.09520699651211673, 
        "high qualiti": 0.10203881847245301, 
        "wide use": 0.014660283432922878, 
        "high level": 0.11965423743587676, 
        "medic imag": 0.0603262187934316, 
        "paper propos": 0.10968303052474294, 
        "data mine": 0.006849358658976152, 
        "content base": 0.18915780883393593, 
        "question answer": 0.005262909535543072, 
        "larg number": 0.09716816207460625, 
        "artifici intellig": -0.0889340260252458, 
        "xml document": 0.20363093196261206, 
        "larg amount": 0.01799252455173264, 
        "base imag": 0.1985222803542961, 
        "web page": 0.10470451136848308, 
        "bag word": 0.14555284116585246, 
        "markov model": -0.011728684649276268, 
        "co occurr": 0.08656772525700542, 
        "width border": 0.0, 
        "wind speed": -0.17378568309743964, 
        "mobil agent": -0.32546854789913776, 
        "design implement": -0.03524082762063823, 
        "land surfac": -0.22073380194869238, 
        "precis recal": 0.14407306268364312, 
        "paper describ": -0.02364360743720635, 
        "result demonstr": 0.14759342722502794, 
        "semant similar": 0.10046148366744197, 
        "top k": 0.4071759413433135, 
        "decis make": -0.10505947092866892, 
        "even though": 0.1660758505698914, 
        "domain ontolog": 0.1911964708954777, 
        "semi supervis": -0.29535075249427767, 
        "mobil devic": -0.018541347653638386, 
        "machin translat": -0.0729164745128998, 
        "genet algorithm": 0.12918440653875807, 
        "present novel": 0.10362223787728564, 
        "social media": -0.2804795909081934, 
        "vector space": 0.1312957117524073, 
        "data sourc": 0.153434446547978, 
        "result show": 0.077477441323541, 
        "inform need": 0.32019610326039716, 
        "text mine": -0.13476174950441003, 
        "retriev ir": 0.2581945143384258, 
        "propos method": 0.07408630025196965, 
        "take account": 0.10515217234684612, 
        "wavelet transform": -0.04017605327420644, 
        "imag retriev": 0.16586040699636714, 
        "associ rule": 0.12424502443251878, 
        "soil moistur": -0.27909868846400365, 
        "cbir system": 0.30202513306170253, 
        "user interfac": 0.10854928707907098, 
        "img ab": 0.0, 
        "ground truth": -0.128968320606066, 
        "featur vector": 0.15021972012106344, 
        "high resolut": -0.3689687650741705, 
        "languag model": 0.17240916384363808, 
        "princip compon": -0.02946500027486048, 
        "allow user": 0.20764002960511607, 
        "propos algorithm": 0.06604798417037237, 
        "fine grain": -0.11072498150732017, 
        "latent semant": 0.03766913584946507, 
        "recommend system": -0.1374019154453297, 
        "retriev cbir": 0.217816693460089, 
        "end user": 0.1321012900541266, 
        "featur select": -0.006681865204341191, 
        "distanc measur": 0.1807763336909812, 
        "wide rang": 0.005238743895567777, 
        "e commerc": -0.0608386894529556, 
        "water vapor": -0.12246266015744138, 
        "propos new": 0.10826305325520585, 
        "recent year": 0.040336121983548294, 
        "becom import": 0.06287966963203255, 
        "well known": 0.08586688571574717, 
        "data set": 0.038814315146429225, 
        "cloud comput": -0.13407789713703147, 
        "web site": -0.028531457736228186, 
        "machin learn": 0.014132975209225435, 
        "n gram": 0.08135004666398152, 
        "high dimension": 0.13146592570928956, 
        "support vector": -0.03254584995129845, 
        "search engin": 0.2627937937563895, 
        "time seri": 0.06729014262963151, 
        "synthet apertur": -0.795714507692808,