{
    "32": {
        "em first": 0.0, 
        "self organ": -0.04950388069697004, 
        "img class": 0.011101846572843615, 
        "user interest": -0.14896322420773453, 
        "manag system": 0.3852761577991348, 
        "ab contain": 0.011101846572843615, 
        "cross languag": -0.06531884493863489, 
        "social network": -0.22931812224645892, 
        "take advantag": -0.050533612560287794, 
        "first page": -0.33653472820355557, 
        "sup sup": 0.10491896307313185, 
        "low level": -0.1775406082760298, 
        "inform retriev": -0.08523571772184217, 
        "remot sens": 0.023775691611577145, 
        "digit librari": 0.060911921968639676, 
        "cultur heritag": 0.1178127208424817, 
        "space model": -0.16075132348245566, 
        "previou work": -0.19773178066367722, 
        "case studi": 0.07771623923750402, 
        "extens experi": -0.13159114890059703, 
        "p p": 0.07228565250195085, 
        "relationship among": -0.12527358758733415, 
        "big data": 0.43545756750386, 
        "cluster algorithm": -0.22606298959221646, 
        "variant small": -0.3120307073032156, 
        "experi show": -0.46877911274073036, 
        "spatio tempor": -0.04957083062370874, 
        "fault toler": -0.01927445126037558, 
        "class img": 0.011101846572843615, 
        "radi transfer": 0.1571304966251247, 
        "real world": -0.1397810543811877, 
        "level featur": -0.12323511083374376, 
        "similar measur": -0.31278766260906143, 
        "user prefer": -0.19171720184765648, 
        "propos novel": -0.3429875748930804, 
        "huge amount": 0.2167497987850414, 
        "present new": -0.041310881186222025, 
        "e g": 0.16908357637372734, 
        "sub sub": 0.1021956521485371, 
        "textur featur": 0.07768932414331572, 
        "page articl": -0.2567733788945202, 
        "knowledg base": 0.14788305454027653, 
        "xploreasset imag": 0.011101846572843615, 
        "color histogram": -0.10330075868087912, 
        "gaussian mixtur": 0.07751520888578659, 
        "bug report": 0.057465560745353125, 
        "paper discuss": 0.1361533102715356, 
        "semant gap": -0.09253357409703929, 
        "png border": 0.011101846572843615, 
        "address issu": -0.06819252816812903, 
        "import role": -0.0412181911579102, 
        "hidden markov": 0.04247519921619338, 
        "propos approach": -0.14645627941951064, 
        "search result": -0.12872168898517344, 
        "result indic": 0.12609268012714636, 
        "improv perform": -0.29083950913200113, 
        "vector machin": 0.07299746165885132, 
        "wide web": -0.1619722918218321, 
        "bright temperatur": 0.1496936612793996, 
        "sensor network": -0.1963237771918349, 
        "solid src": 0.0, 
        "retriev perform": -0.2026163598786888, 
        "latent dirichlet": 0.0025458207853803405, 
        "px solid": 0.0, 
        "signific improv": -0.1674157896904769, 
        "absimag png": 0.0, 
        "f measur": 0.225871687837654, 
        "new approach": -0.08002841143393892, 
        "font size": -0.3959138407833866, 
        "surfac temperatur": 0.16810871167576463, 
        "demonstr effect": -0.09257850062133811, 
        "commonli use": -0.11498985395050192, 
        "br br": 0.18334914689137738, 
        "visual featur": -0.218583693665146, 
        "paper present": 0.03782377839331727, 
        "experiment result": -0.28638550915405325, 
        "font variant": 0.011101846572843615, 
        "invert index": -0.021089517094720296, 
        "web servic": -0.12718795479497538, 
        "recal precis": -0.12056880988505879, 
        "imag absimag": 0.011101846572843615, 
        "mobil phone": 0.27150659921398956, 
        "respons time": -0.025108219819712882, 
        "e learn": -0.0844889844015892, 
        "style font": -0.14806231523442728, 
        "inform extract": 0.11186456130205974, 
        "ad hoc": -0.08958863763500126, 
        "real time": 0.22297462267700086, 
        "color textur": -0.01676508254099767, 
        "small cap": 0.011101846572843615, 
        "stack overflow": -0.03052167750106299, 
        "singular valu": -0.0038726249179541973, 
        "time consum": 0.164977852589332, 
        "machin svm": 0.01803116151037605, 
        "k mean": -0.10716322401889618, 
        "style width": 0.011101846572843615, 
        "k nearest": -0.05653648537522074, 
        "state art": -0.024804013285478904, 
        "high qualiti": 0.02033669249485668, 
        "wide use": -0.100986773814009, 
        "high level": -0.08692050917065576, 
        "medic imag": 1.0767262550180998, 
        "paper propos": -0.19974630603137167, 
        "data mine": 0.24487053122171373, 
        "content base": 0.08630756494039024, 
        "question answer": -0.1528079717945632, 
        "larg number": 0.006923153527977821, 
        "artifici intellig": 0.2018531263618397, 
        "xml document": -0.1821217253955371, 
        "larg amount": 0.192298835431933, 
        "base imag": -0.022374522398682126, 
        "web page": -0.21629832543406316, 
        "bag word": 0.18657363232581073, 
        "markov model": 0.018643298499469097, 
        "co occurr": -0.04084127199234563, 
        "width border": 0.0, 
        "wind speed": 0.11517311906952361, 
        "mobil agent": 0.09581359850008665, 
        "design implement": 0.15399206931569817, 
        "land surfac": 0.07100444782049056, 
        "precis recal": -0.18530639013251313, 
        "paper describ": 0.13658010986384017, 
        "result demonstr": -0.21100152276728867, 
        "semant similar": -0.21276517099985495, 
        "top k": -0.06159337664234454, 
        "decis make": 0.5279016507642336, 
        "even though": 0.07833019403379439, 
        "domain ontolog": -0.20218881017467946, 
        "semi supervis": 0.1459621120866752, 
        "mobil devic": 0.11580731936658759, 
        "machin translat": -0.1374331707591341, 
        "genet algorithm": 0.09705437679252259, 
        "present novel": -0.13054204482931359, 
        "social media": 0.15798166649234258, 
        "vector space": -0.39827984527422294, 
        "data sourc": 0.021513047441732724, 
        "result show": -0.12434874627558214, 
        "inform need": -0.14388995592192869, 
        "text mine": 0.12588821281501644, 
        "retriev ir": -0.334616494002694, 
        "propos method": -0.2064337131713647, 
        "take account": -0.061766896750762273, 
        "wavelet transform": 0.1594493738427418, 
        "imag retriev": 0.03517329381138406, 
        "associ rule": 0.23553222722172354, 
        "soil moistur": -0.015482016391935232, 
        "cbir system": 0.18274048276533136, 
        "user interfac": 0.4017811443088367, 
        "img ab": 0.011101846572843615, 
        "ground truth": 0.14065990936176148, 
        "featur vector": -0.1747858577675532, 
        "high resolut": 0.1036278248885168, 
        "languag model": -0.2956743535179043, 
        "princip compon": -0.01249450213266976, 
        "allow user": -0.14002852214894487, 
        "propos algorithm": -0.2750642921162957, 
        "fine grain": 0.009955694482400636, 
        "latent semant": -0.2043231262678685, 
        "recommend system": -0.01978560206071084, 
        "retriev cbir": 0.06388067675671226, 
        "end user": 0.03530113184388645, 
        "featur select": 0.12926853937412267, 
        "distanc measur": 0.008612052566455326, 
        "wide rang": 0.22721929184820833, 
        "e commerc": 0.051287598961799914, 
        "water vapor": 0.09325476875009134, 
        "propos new": -0.28869371352132916, 
        "recent year": -0.13647036680233166, 
        "becom import": 0.15929138768637094, 
        "well known": -0.13570719594200076, 
        "data set": 0.05832854605282373, 
        "cloud comput": 0.03715874809048618, 
        "web site": -0.015292151400545054, 
        "machin learn": 0.03869849280382094, 
        "n gram": -0.11287813015997639,