{
    "33": {
        "em first": 0.0, 
        "self organ": 0.1146620785745945, 
        "img class": 0.0, 
        "user interest": 0.02593664275313864, 
        "manag system": -0.10205301334926126, 
        "ab contain": 0.0, 
        "cross languag": -0.12154449474091022, 
        "social network": -0.15126446921823855, 
        "take advantag": -0.06199215642943993, 
        "first page": -0.598235529725471, 
        "sup sup": 0.16135995439900053, 
        "low level": 0.128112402933043, 
        "inform retriev": -0.011978986096933212, 
        "remot sens": 0.14437045310575045, 
        "digit librari": -0.18040226946679525, 
        "cultur heritag": 0.06045678636118479, 
        "space model": 0.06893007108358289, 
        "previou work": 0.09340071850656585, 
        "case studi": -0.1592464809316631, 
        "extens experi": -0.020876276388999557, 
        "p p": 0.5568623787130272, 
        "relationship among": 0.2258485071726314, 
        "big data": 0.07108949727663602, 
        "cluster algorithm": 0.2517442891669033, 
        "variant small": -0.44160795600324104, 
        "experi show": 0.0038640867677374987, 
        "spatio tempor": 0.1460324336654554, 
        "fault toler": 0.11203927373442314, 
        "class img": 0.0, 
        "radi transfer": 0.34528796749131757, 
        "real world": -0.07024401796339474, 
        "level featur": 0.09798851395790663, 
        "similar measur": 0.16509217838392262, 
        "user prefer": 0.24688841855234298, 
        "propos novel": 0.05625201471113406, 
        "huge amount": -0.14647259704545668, 
        "present new": 0.08701493326438905, 
        "e g": 0.09803474440022238, 
        "sub sub": 0.18382862576324496, 
        "textur featur": 0.03703581455290383, 
        "page articl": -0.5431401484058342, 
        "knowledg base": 0.14844249011241167, 
        "xploreasset imag": 0.0, 
        "color histogram": 0.13010080294837706, 
        "gaussian mixtur": -0.014474524159422948, 
        "bug report": -0.00935918022893089, 
        "paper discuss": -0.14222054862655698, 
        "semant gap": 0.18289006924368087, 
        "png border": 0.0, 
        "address issu": 0.017089898778935134, 
        "import role": 0.15483768285943914, 
        "hidden markov": -0.029607109895964278, 
        "propos approach": 0.11753781558886463, 
        "search result": -0.023543052277332454, 
        "result indic": 0.0054023812949666175, 
        "improv perform": 0.06829598070666401, 
        "vector machin": 0.10971782992796444, 
        "wide web": -0.01889390241979145, 
        "bright temperatur": 0.33083559659758643, 
        "sensor network": -0.003932619029139077, 
        "solid src": 0.0, 
        "retriev perform": 0.1069858460906379, 
        "latent dirichlet": 0.08367553850370119, 
        "px solid": 0.0, 
        "signific improv": -0.14806272154773703, 
        "absimag png": 0.0, 
        "f measur": 0.13694593396265142, 
        "new approach": 0.013665846165634744, 
        "font size": -0.4742628976053476, 
        "surfac temperatur": 0.34103656948735184, 
        "demonstr effect": 0.13410302403490199, 
        "commonli use": 0.19375568600613763, 
        "br br": 0.20700780254255005, 
        "visual featur": 0.06826642458479895, 
        "paper present": -0.03926383793985716, 
        "experiment result": -0.005685850028432421, 
        "font variant": 0.0, 
        "invert index": 0.04406372593551029, 
        "web servic": -0.1603065812492788, 
        "recal precis": 0.06571316511877864, 
        "imag absimag": 0.0, 
        "mobil phone": 0.029919555834857715, 
        "respons time": 0.14000700080379047, 
        "e learn": -0.13546067583020796, 
        "style font": -0.0964276531839934, 
        "inform extract": -0.07249284627412193, 
        "ad hoc": 0.15644097424942888, 
        "real time": -0.010965609894861434, 
        "color textur": 0.20734989699909762, 
        "small cap": 0.0, 
        "stack overflow": 0.1585271435764456, 
        "singular valu": 0.1010736016085229, 
        "time consum": 0.13450369535376844, 
        "machin svm": -0.050602758966587565, 
        "k mean": 0.1983000471000569, 
        "style width": 0.0, 
        "k nearest": 0.006413547756820115, 
        "state art": -0.1052048427860359, 
        "high qualiti": 0.05184500776620745, 
        "wide use": 0.07349040704255025, 
        "high level": 0.07132777005226826, 
        "medic imag": 0.024079277953268526, 
        "paper propos": -0.04738442680763068, 
        "data mine": 0.14249884683202935, 
        "content base": -0.028044303995946988, 
        "question answer": -0.042855031321376885, 
        "larg number": -0.016746412670408457, 
        "artifici intellig": 0.2316183798852694, 
        "xml document": 0.002229142565473842, 
        "larg amount": -0.03283287954216884, 
        "base imag": 0.009280474657056163, 
        "web page": -0.02839132264609596, 
        "bag word": -0.03566212192524204, 
        "markov model": -0.04401476102951354, 
        "co occurr": 0.04299545955336429, 
        "width border": 0.0, 
        "wind speed": 0.28698730844481296, 
        "mobil agent": -0.12157491853377178, 
        "design implement": -0.07194311604762524, 
        "land surfac": 0.2895774600036296, 
        "precis recal": 0.09475286212404081, 
        "paper describ": -0.15012108657328413, 
        "result demonstr": 0.06381614673575475, 
        "semant similar": 0.07089089816822484, 
        "top k": 0.2661106944864377, 
        "decis make": 0.2549182141425683, 
        "even though": 0.0615129542764727, 
        "domain ontolog": 0.06360169240098837, 
        "semi supervis": 0.26060898267334204, 
        "mobil devic": -0.08551915812623008, 
        "machin translat": 0.015831777005598433, 
        "genet algorithm": 0.2705676661503686, 
        "present novel": -0.03299564368470239, 
        "social media": 0.052542747100039755, 
        "vector space": 0.0017009959093656735, 
        "data sourc": 0.0010870336557209843, 
        "result show": -0.011139435991505707, 
        "inform need": 0.08083495966342912, 
        "text mine": 0.036965970457532187, 
        "retriev ir": 0.11164302880421546, 
        "propos method": -0.008629867778555731, 
        "take account": 0.15333029871961099, 
        "wavelet transform": 0.03353752479783334, 
        "imag retriev": -0.00953469515584301, 
        "associ rule": 0.13933987663327688, 
        "soil moistur": 0.22828090038292717, 
        "cbir system": 0.047650288317372454, 
        "user interfac": -0.15768042333833754, 
        "img ab": 0.0, 
        "ground truth": 0.028988735167220253, 
        "featur vector": 0.10966010712609796, 
        "high resolut": 0.08335118138759151, 
        "languag model": 0.03078457867260869, 
        "princip compon": 0.08163407003028525, 
        "allow user": 0.045849653957745096, 
        "propos algorithm": 0.04213569804558595, 
        "fine grain": 0.03603666118233401, 
        "latent semant": 0.0062815740566850185, 
        "recommend system": -0.07796854452656585, 
        "retriev cbir": 0.12601927212899275, 
        "end user": -0.113697892068832, 
        "featur select": -0.05397602119890209, 
        "distanc measur": 0.016128732541979295, 
        "wide rang": 0.16090933722319384, 
        "e commerc": 0.185907313110544, 
        "water vapor": 0.3050461610757678, 
        "propos new": 0.06299966445752819, 
        "recent year": -0.005738202309514667, 
        "becom import": 0.12297100480431837, 
        "well known": 0.05047134314456201, 
        "data set": 0.07957554895654377, 
        "cloud comput": 0.07861768716053191, 
        "web site": -0.12685186829868975, 
        "machin learn": -0.04616525516696749, 
        "n gram": 0.03662507238700478, 
        "high dimension": 0.10969323592129485, 
        "support vector": 0.10242030665893412, 
        "search engin": -0.13916440130440225, 
        "time seri": 0.12638349741899677,