{
    "34": {
        "em first": 0.0, 
        "self organ": 0.16976572547454682, 
        "img class": 0.3055544589753714, 
        "user interest": -0.06453396995516004, 
        "manag system": -0.2892477980962473, 
        "ab contain": 0.3055544589753714, 
        "cross languag": -0.32510953047030067, 
        "social network": -0.5030201860004174, 
        "take advantag": 0.05217551270645773, 
        "first page": -1.0563739308683289, 
        "sup sup": 0.016898267455099758, 
        "low level": 0.6013087209799243, 
        "inform retriev": -0.2502666265392398, 
        "remot sens": 0.1815609748492081, 
        "digit librari": -0.1366063705513209, 
        "cultur heritag": -0.12245824440146628, 
        "space model": -0.33958982218639955, 
        "previou work": -0.03305804966128127, 
        "case studi": -0.34229277176857564, 
        "extens experi": 0.12720164213425064, 
        "p p": 0.09949091246029888, 
        "relationship among": 0.017525477293528692, 
        "big data": -0.3595113852004049, 
        "cluster algorithm": 0.10288719650854844, 
        "variant small": -0.7485586312658189, 
        "experi show": 0.13191819672843574, 
        "spatio tempor": 0.13646000607292139, 
        "fault toler": -0.08765376998222175, 
        "class img": 0.3055544589753714, 
        "radi transfer": -0.011124475962532843, 
        "real world": -0.0760709723114408, 
        "level featur": 0.6166532406340635, 
        "similar measur": 0.37497541445851484, 
        "user prefer": -0.12740235154518678, 
        "propos novel": 0.11443020037741936, 
        "huge amount": -0.059782751884382215, 
        "present new": 0.18687625517123668, 
        "e g": -0.008893209669376819, 
        "sub sub": -0.20649107973997347, 
        "textur featur": 0.7929450404993852, 
        "page articl": -1.0754704481736037, 
        "knowledg base": -0.3842092852397154, 
        "xploreasset imag": 0.3055544589753714, 
        "color histogram": 0.7306673571397193, 
        "gaussian mixtur": 0.25827424961517276, 
        "bug report": 0.005542721874674299, 
        "paper discuss": -0.2843464195302021, 
        "semant gap": 0.5567067777646635, 
        "png border": 0.3055544589753714, 
        "address issu": 0.012219609433199764, 
        "import role": -0.05403090778015335, 
        "hidden markov": -0.022649205368262447, 
        "propos approach": 0.17436442604940613, 
        "search result": -0.2469763723803438, 
        "result indic": 0.03592324778330041, 
        "improv perform": -0.000171514803519476, 
        "vector machin": 0.27382853204252233, 
        "wide web": -0.24244528477443011, 
        "bright temperatur": -0.07778269407629107, 
        "sensor network": -0.4885514188948778, 
        "solid src": 0.0, 
        "retriev perform": 0.4625323244705364, 
        "latent dirichlet": -0.27630601367646945, 
        "px solid": 0.0, 
        "signific improv": 0.0828441791512823, 
        "absimag png": 0.0, 
        "f measur": -0.3783502588533198, 
        "new approach": 0.12046452481943673, 
        "font size": -0.9029096594382454, 
        "surfac temperatur": 0.0024990865735504027, 
        "demonstr effect": 0.25544799657885475, 
        "commonli use": 0.06635989243031358, 
        "br br": -0.3120094722158557, 
        "visual featur": 0.6501491341817223, 
        "paper present": 0.05191976351949347, 
        "experiment result": 0.2715276853282007, 
        "font variant": 0.3055544589753714, 
        "invert index": -0.14610201975792114, 
        "web servic": -0.4713580989085191, 
        "recal precis": 0.09804383661848054, 
        "imag absimag": 0.3055544589753714, 
        "mobil phone": -0.08666995152550092, 
        "respons time": -0.21050441704294884, 
        "e learn": -0.5309482678887504, 
        "style font": -0.08507533629566721, 
        "inform extract": -0.10881335491519925, 
        "ad hoc": -0.37057793285564494, 
        "real time": -0.0527032604679486, 
        "color textur": 0.8448781301681578, 
        "small cap": 0.3055544589753714, 
        "stack overflow": -0.451032932032368, 
        "singular valu": -0.05894969605021045, 
        "time consum": -0.00939222672769906, 
        "machin svm": 0.3172798063689572, 
        "k mean": 0.14289586973827714, 
        "style width": 0.3055544589753714, 
        "k nearest": 0.26850177225018984, 
        "state art": 0.07858052576298813, 
        "high qualiti": -0.16140083876490904, 
        "wide use": 0.14602302530207584, 
        "high level": 0.43686189915713053, 
        "medic imag": 0.6574274367373515, 
        "paper propos": 0.06010150391279137, 
        "data mine": -0.15276980779387495, 
        "content base": 0.6009526851035498, 
        "question answer": -0.5067265323544174, 
        "larg number": -0.049129095787493776, 
        "artifici intellig": -0.24705636322152275, 
        "xml document": -0.45827682816520665, 
        "larg amount": -0.077689437096959, 
        "base imag": 0.7404626855770632, 
        "web page": -0.3073486448659094, 
        "bag word": 0.12372143735743452, 
        "markov model": -0.05789389467865036, 
        "co occurr": 0.216776670896715, 
        "width border": 0.0, 
        "wind speed": -0.08755840938089778, 
        "mobil agent": -0.3998567863009731, 
        "design implement": -0.19157166089276065, 
        "land surfac": -0.0501713083459825, 
        "precis recal": 0.1338068914714692, 
        "paper describ": -0.07902366313369219, 
        "result demonstr": 0.1905285198503111, 
        "semant similar": -0.17169410883340733, 
        "top k": -0.23761982915701968, 
        "decis make": -0.300754295331497, 
        "even though": -0.0012754942774455928, 
        "domain ontolog": -0.44092470970476066, 
        "semi supervis": 0.19204358471495542, 
        "mobil devic": -0.2714678983915743, 
        "machin translat": -0.5281916405310694, 
        "genet algorithm": 0.03725938946300635, 
        "present novel": 0.19544222152866755, 
        "social media": -0.335282395732704, 
        "vector space": -0.3950005295193925, 
        "data sourc": -0.3987769370199173, 
        "result show": 0.18866576749743244, 
        "inform need": -0.270300339975791, 
        "text mine": -0.5227809560475515, 
        "retriev ir": -0.46773094848325186, 
        "propos method": 0.27142685582386, 
        "take account": 0.07911643115969236, 
        "wavelet transform": 0.6219114544383766, 
        "imag retriev": 0.7161534430721836, 
        "associ rule": -0.04001899372950988, 
        "soil moistur": -0.21113702856401548, 
        "cbir system": 0.7244549899936304, 
        "user interfac": -0.11592927252963162, 
        "img ab": 0.3055544589753714, 
        "ground truth": 0.2085930328684915, 
        "featur vector": 0.6016523678082596, 
        "high resolut": 0.26388763387398645, 
        "languag model": -0.39998605985009444, 
        "princip compon": 0.3367400263821138, 
        "allow user": -0.045860070068708146, 
        "propos algorithm": 0.1587099662705632, 
        "fine grain": -0.14738402060489258, 
        "latent semant": -0.0959591562512435, 
        "recommend system": -0.48070356107675233, 
        "retriev cbir": 0.7349446006270374, 
        "end user": -0.21235278640562583, 
        "featur select": 0.162304008541415, 
        "distanc measur": 0.4383404394906441, 
        "wide rang": 0.04039759623613626, 
        "e commerc": -0.3019638133716017, 
        "water vapor": -0.049723920564564345, 
        "propos new": 0.14135278685045546, 
        "recent year": 0.00474381483789269, 
        "becom import": 0.016476105800922018, 
        "well known": 0.017816768189246407, 
        "data set": -0.0404531361178459, 
        "cloud comput": -0.31104014547035846, 
        "web site": -0.36969455028250137, 
        "machin learn": -0.15782798620547833, 
        "n gram": -0.4196852284728457, 
        "high dimension": 0.2255157746339474,