{
    "35": {
        "em first": 0.0, 
        "self organ": 0.08288448414712382, 
        "img class": 0.0, 
        "user interest": -0.030210518272907036, 
        "manag system": -0.140969359018749, 
        "ab contain": 0.0, 
        "cross languag": -0.04201127718586358, 
        "social network": -0.20371544463321592, 
        "take advantag": 0.05835734072644918, 
        "first page": -0.3987741913101722, 
        "sup sup": 0.06459211179000099, 
        "low level": 0.1920420659850097, 
        "inform retriev": -0.15640083449923656, 
        "remot sens": -0.06390173832611083, 
        "digit librari": -0.03089115615074341, 
        "cultur heritag": 0.2549491304884316, 
        "space model": -0.13594933393829142, 
        "previou work": -0.009848862794992625, 
        "case studi": -0.04808746287426179, 
        "extens experi": -0.07572120872822756, 
        "p p": 0.14915491033456285, 
        "relationship among": 0.23759846376950391, 
        "big data": 0.029956442015677043, 
        "cluster algorithm": -0.017841501713435973, 
        "variant small": -0.8084754291476921, 
        "experi show": -0.0325347467662963, 
        "spatio tempor": 0.3879866780693031, 
        "fault toler": 0.012074021015065075, 
        "class img": 0.0, 
        "radi transfer": 0.0060208396892768926, 
        "real world": 0.06924101508096123, 
        "level featur": 0.18724114926311172, 
        "similar measur": 0.20670369196417618, 
        "user prefer": -0.05499860042783442, 
        "propos novel": 0.09671182352558526, 
        "huge amount": 0.1077594618542601, 
        "present new": 0.04816041251416149, 
        "e g": 0.08135663789227655, 
        "sub sub": 0.011482871874673107, 
        "textur featur": 0.06393752767417764, 
        "page articl": -0.6050313786146267, 
        "knowledg base": 0.0015677381491577109, 
        "xploreasset imag": 0.0, 
        "color histogram": -0.08951604388503925, 
        "gaussian mixtur": 0.11030818739525972, 
        "bug report": -0.011142056455972906, 
        "paper discuss": -0.12564256331047965, 
        "semant gap": 0.08160535038886858, 
        "png border": 0.0, 
        "address issu": 0.04476739013282653, 
        "import role": 0.06004708791216081, 
        "hidden markov": 0.07068405711042891, 
        "propos approach": 0.1113897003509154, 
        "search result": -0.25920831619443757, 
        "result indic": -0.08918122163848721, 
        "improv perform": -0.26692453069293487, 
        "vector machin": -0.039356855599458444, 
        "wide web": -0.05323304460986252, 
        "bright temperatur": -0.01768023210878287, 
        "sensor network": -0.17458516596289383, 
        "solid src": 0.0, 
        "retriev perform": 0.08264615298069385, 
        "latent dirichlet": 0.06795855774964805, 
        "px solid": 0.0, 
        "signific improv": -0.017169489719142502, 
        "absimag png": 0.0, 
        "f measur": 0.05027721887078673, 
        "new approach": 0.10181143041124782, 
        "font size": -0.6675895612179398, 
        "surfac temperatur": -0.060603170613626765, 
        "demonstr effect": 0.12287726337874412, 
        "commonli use": -0.06557443349993565, 
        "br br": -0.001266945222023095, 
        "visual featur": 0.21081998127651633, 
        "paper present": 0.007845257955183952, 
        "experiment result": 0.054946603083268285, 
        "font variant": 0.0, 
        "invert index": -0.04183539296946756, 
        "web servic": -0.2608080807046415, 
        "recal precis": 0.011841754552654567, 
        "imag absimag": 0.0, 
        "mobil phone": -0.03738404722398092, 
        "respons time": -0.20835556946142952, 
        "e learn": -0.10814989376161746, 
        "style font": -0.15180894620120977, 
        "inform extract": -0.0389672554157861, 
        "ad hoc": -0.23589403989887608, 
        "real time": 0.06387682743634594, 
        "color textur": 0.05139114441904084, 
        "small cap": 0.0, 
        "stack overflow": 0.009764154900781703, 
        "singular valu": 0.009212087676995911, 
        "time consum": -0.006116918262473778, 
        "machin svm": -0.015212846794147077, 
        "k mean": -0.03154282934959044, 
        "style width": 0.0, 
        "k nearest": 0.054691931785365536, 
        "state art": -0.030978653418171603, 
        "high qualiti": -0.031308253246627823, 
        "wide use": 0.11229325745115411, 
        "high level": 0.09997811272399953, 
        "medic imag": 0.1176067965296841, 
        "paper propos": 0.013340873170995497, 
        "data mine": -0.015341607469343878, 
        "content base": 0.15351489797338014, 
        "question answer": -0.08224780226586559, 
        "larg number": 0.04894644486994459, 
        "artifici intellig": 0.03028913624987106, 
        "xml document": -0.072584587499108, 
        "larg amount": 0.04309680283847337, 
        "base imag": -0.03153190968341088, 
        "web page": -0.255250065507268, 
        "bag word": 0.06435482859829937, 
        "markov model": 0.07773820030561851, 
        "co occurr": -0.07358351885615498, 
        "width border": 0.0, 
        "wind speed": 0.00895494880332546, 
        "mobil agent": -0.13313037344493195, 
        "design implement": -0.11549570790566258, 
        "land surfac": -0.05442949647395489, 
        "precis recal": 0.06696815686247955, 
        "paper describ": 0.06080117860129145, 
        "result demonstr": 0.012244148553369937, 
        "semant similar": -0.16042046126641252, 
        "top k": -0.03673743188224969, 
        "decis make": -0.11361581997409302, 
        "even though": 0.05972724414014116, 
        "domain ontolog": -0.05656419041681911, 
        "semi supervis": 0.0067632291751369734, 
        "mobil devic": -0.19117557874659902, 
        "machin translat": -0.10256219547307478, 
        "genet algorithm": -0.01190897319672604, 
        "present novel": 0.16945712799942902, 
        "social media": -0.028082144538168482, 
        "vector space": -0.09437029215858003, 
        "data sourc": -0.07278847111971677, 
        "result show": -0.004712718345009374, 
        "inform need": -0.0953544488775922, 
        "text mine": -0.028148181401067545, 
        "retriev ir": -0.1765568162587719, 
        "propos method": 0.07261908777893016, 
        "take account": 0.00035340387566682417, 
        "wavelet transform": 0.22754019732663996, 
        "imag retriev": -0.03241307135558212, 
        "associ rule": 0.14455830146802578, 
        "soil moistur": -0.09273584870532312, 
        "cbir system": -0.001967262711519179, 
        "user interfac": 0.10234532345126458, 
        "img ab": 0.0, 
        "ground truth": 0.15879587092189465, 
        "featur vector": 0.2137846382902938, 
        "high resolut": 0.24557244076825985, 
        "languag model": -0.0923890133778112, 
        "princip compon": 0.3525135905366973, 
        "allow user": -0.09493074369789957, 
        "propos algorithm": 0.011489274570244415, 
        "fine grain": 0.06221099618117882, 
        "latent semant": 0.04332870183300527, 
        "recommend system": -0.22307059618215816, 
        "retriev cbir": 0.007111258597390351, 
        "end user": 0.01527438373433191, 
        "featur select": -0.11532343588782065, 
        "distanc measur": 0.15891338350969053, 
        "wide rang": 0.011669146780101065, 
        "e commerc": -0.14040677753601088, 
        "water vapor": -0.034302228569193814, 
        "propos new": 0.018605640607534897, 
        "recent year": -0.052032483974974855, 
        "becom import": 0.03161498387128257, 
        "well known": 0.03403366035863744, 
        "data set": 0.0038455797326238214, 
        "cloud comput": -0.1772991917179063, 
        "web site": -0.05922343110451115, 
        "machin learn": -0.046750401283191155, 
        "n gram": 0.03300331852896108, 
        "high dimension": 0.1005987568099084, 
        "support vector": -0.02848497186488514, 
        "search engin": -0.24561756310810023,