{
    "36": {
        "em first": 0.0, 
        "self organ": 0.14038134123926063, 
        "img class": 0.03299281366648479, 
        "user interest": 0.01987117418606434, 
        "manag system": -0.2522102584778965, 
        "ab contain": 0.03299281366648479, 
        "cross languag": -0.05574861493407452, 
        "social network": -0.13272447617147298, 
        "take advantag": 0.03110352473439079, 
        "first page": -1.1069327128410216, 
        "sup sup": -0.04983255954795, 
        "low level": 0.28298536453434664, 
        "inform retriev": 0.019388521223392418, 
        "remot sens": -0.12668174164362905, 
        "digit librari": -0.13931478706079214, 
        "cultur heritag": -0.31886624843881195, 
        "space model": 0.115864205217315, 
        "previou work": 0.08919032005048344, 
        "case studi": -0.11641527478446453, 
        "extens experi": 0.2629474184094668, 
        "p p": 0.22495233764275174, 
        "relationship among": -0.003364800454981662, 
        "big data": -0.053619957995894925, 
        "cluster algorithm": 0.131568271142802, 
        "variant small": -0.7851398488226897, 
        "experi show": 0.1296389174086289, 
        "spatio tempor": -0.04616177319397241, 
        "fault toler": -0.3030826526334267, 
        "class img": 0.03299281366648479, 
        "radi transfer": -0.08639615259925051, 
        "real world": 0.13010706138086697, 
        "level featur": 0.3040036136201496, 
        "similar measur": 0.10878330774718682, 
        "user prefer": 0.06054545025872866, 
        "propos novel": 0.13678244706546763, 
        "huge amount": -0.006906046259609444, 
        "present new": 0.05060445087085743, 
        "e g": 0.04869280261907445, 
        "sub sub": -0.1758369604541316, 
        "textur featur": 0.04493576946743281, 
        "page articl": -1.1149773235695386, 
        "knowledg base": -0.006303880082894768, 
        "xploreasset imag": 0.03299281366648479, 
        "color histogram": 0.03570060028514247, 
        "gaussian mixtur": 0.3317945440298218, 
        "bug report": 0.023004576853409987, 
        "paper discuss": -0.06221666489567484, 
        "semant gap": 0.28721361427926084, 
        "png border": 0.03299281366648479, 
        "address issu": 0.06291290012246356, 
        "import role": 0.039424086287933056, 
        "hidden markov": 0.24495125941638426, 
        "propos approach": 0.1939466043253317, 
        "search result": -0.018151462278900986, 
        "result indic": 0.042020338957719734, 
        "improv perform": 0.2553303084082685, 
        "vector machin": 0.5311206911274624, 
        "wide web": -0.07031901625762725, 
        "bright temperatur": -0.15032001416373558, 
        "sensor network": -0.40174204237902333, 
        "solid src": 0.0, 
        "retriev perform": 0.1461508516450609, 
        "latent dirichlet": 0.1762076792578052, 
        "px solid": 0.0, 
        "signific improv": 0.21770704372042254, 
        "absimag png": 0.0, 
        "f measur": 0.23184159912040547, 
        "new approach": 0.082521270431808, 
        "font size": -1.5483930166240363, 
        "surfac temperatur": -0.12985981023818266, 
        "demonstr effect": 0.2502097870025931, 
        "commonli use": 0.14614977036817461, 
        "br br": -0.0592680441646633, 
        "visual featur": 0.29849721619480835, 
        "paper present": 0.013915129871886993, 
        "experiment result": 0.19870386956413844, 
        "font variant": 0.03299281366648479, 
        "invert index": -0.17660464580442367, 
        "web servic": -0.2849152770103664, 
        "recal precis": -0.017121978841821584, 
        "imag absimag": 0.03299281366648479, 
        "mobil phone": -0.2508649721915893, 
        "respons time": -0.17263864270021329, 
        "e learn": -0.029925423018151022, 
        "style font": -0.4170619465666819, 
        "inform extract": 0.05547171213442036, 
        "ad hoc": -0.1674848274231482, 
        "real time": -0.08261784110395924, 
        "color textur": 0.18381775836656594, 
        "small cap": 0.03299281366648479, 
        "stack overflow": 0.08404700336839797, 
        "singular valu": 0.035484486401601255, 
        "time consum": 0.11254192294027883, 
        "machin svm": 0.5202910672651544, 
        "k mean": 0.23056889496807548, 
        "style width": 0.03299281366648479, 
        "k nearest": 0.33670266020935996, 
        "state art": 0.21191038047970084, 
        "high qualiti": 0.05553493151442282, 
        "wide use": 0.12594713754635084, 
        "high level": 0.21396166116743146, 
        "medic imag": 0.0449988236950429, 
        "paper propos": 0.0815706421193446, 
        "data mine": 0.09821287321625859, 
        "content base": 0.17584399395708233, 
        "question answer": 0.10834618958792545, 
        "larg number": 0.06422514988749135, 
        "artifici intellig": -0.03415039480357158, 
        "xml document": -0.16436830654362852, 
        "larg amount": 0.04861869247497384, 
        "base imag": 0.1423394153741855, 
        "web page": 0.004419773145293459, 
        "bag word": 0.28965743466269017, 
        "markov model": 0.23362287010229843, 
        "co occurr": 0.16023943594697804, 
        "width border": 0.0, 
        "wind speed": -0.087182897959144, 
        "mobil agent": -0.27425678791434877, 
        "design implement": -0.19757345019986797, 
        "land surfac": -0.20823171382081676, 
        "precis recal": 0.1536900044307801, 
        "paper describ": -0.06589704109072131, 
        "result demonstr": 0.13833217409033507, 
        "semant similar": 0.057635062651516814, 
        "top k": -0.016431129343705476, 
        "decis make": -0.10556952264718937, 
        "even though": -0.05338745901508021, 
        "domain ontolog": -0.08087618338994096, 
        "semi supervis": 0.4506807755346609, 
        "mobil devic": -0.24345720148234737, 
        "machin translat": 0.10730575607039379, 
        "genet algorithm": 0.10124740608066263, 
        "present novel": 0.07935588704446371, 
        "social media": 0.0072661039144285115, 
        "vector space": 0.10224813652555502, 
        "data sourc": -0.24144704532172223, 
        "result show": 0.1396327719861062, 
        "inform need": -0.05104576505809912, 
        "text mine": 0.1046495498315071, 
        "retriev ir": 0.02302383092445961, 
        "propos method": 0.17796044291139762, 
        "take account": 0.03792939630385572, 
        "wavelet transform": -0.06451702299204005, 
        "imag retriev": 0.13157682710203017, 
        "associ rule": 0.09375679792218289, 
        "soil moistur": -0.3581599828203991, 
        "cbir system": 0.1973695354317658, 
        "user interfac": -0.26210510438887336, 
        "img ab": 0.03299281366648479, 
        "ground truth": 0.0922892679429294, 
        "featur vector": 0.28243001942167834, 
        "high resolut": -0.057193472291724126, 
        "languag model": 0.10336221993100368, 
        "princip compon": 0.21224601147189992, 
        "allow user": -0.119279946113501, 
        "propos algorithm": 0.1311204020910403, 
        "fine grain": -0.054195605327054114, 
        "latent semant": 0.14621264477367707, 
        "recommend system": -0.012315537883402883, 
        "retriev cbir": 0.20745709984472496, 
        "end user": -0.19443424586070043, 
        "featur select": 0.44034960820115177, 
        "distanc measur": 0.16661821797308893, 
        "wide rang": -0.06202358469262938, 
        "e commerc": -0.10682366197773108, 
        "water vapor": -0.14505123922004856, 
        "propos new": 0.07708507986843083, 
        "recent year": 0.09505019838592677, 
        "becom import": 0.015829217087230972, 
        "well known": 0.12445490048374498, 
        "data set": 0.19715565028584406, 
        "cloud comput": -0.2086722084988886, 
        "web site": -0.11128998568331887, 
        "machin learn": 0.436973017832877, 
        "n gram": 0.08274844214508505, 
        "high dimension": 0.2199890708553498,