{
    "37": {
        "em first": 0.0, 
        "self organ": -0.12324056256504655, 
        "img class": 0.2589045206411626, 
        "user interest": 0.4570474138208449, 
        "manag system": -0.09000110575455703, 
        "ab contain": 0.2589045206411626, 
        "cross languag": 0.22237228377026205, 
        "social network": 0.1877247344218176, 
        "take advantag": 0.08582455200085894, 
        "first page": -1.239661537842961, 
        "sup sup": -0.23905213607134843, 
        "low level": -0.1781847156335077, 
        "inform retriev": 0.168356582749015, 
        "remot sens": -0.8036420086605649, 
        "digit librari": -0.1049026647568831, 
        "cultur heritag": -0.08921989110605628, 
        "space model": 0.10031982917277354, 
        "previou work": -0.046196504919614266, 
        "case studi": -0.0788250922243278, 
        "extens experi": -0.2285445611387533, 
        "p p": 0.4845351166434997, 
        "relationship among": 0.1688546722781702, 
        "big data": -0.11219697327938595, 
        "cluster algorithm": 0.18934946053904714, 
        "variant small": -0.8949882799975369, 
        "experi show": 0.030588222537942054, 
        "spatio tempor": -0.13375928185035008, 
        "fault toler": -0.5861640714919152, 
        "class img": 0.2589045206411626, 
        "radi transfer": -0.1370232537603996, 
        "real world": 0.049693257443286024, 
        "level featur": -0.2647986504718606, 
        "similar measur": 0.015069753693147305, 
        "user prefer": 0.4293926153078433, 
        "propos novel": 0.07865823366814924, 
        "huge amount": 0.30588227093232895, 
        "present new": -0.10211549271330582, 
        "e g": 0.03771438855966247, 
        "sub sub": -0.37712770220906355, 
        "textur featur": -0.7519902294893052, 
        "page articl": -1.4739142927690638, 
        "knowledg base": 0.15939096288477791, 
        "xploreasset imag": 0.2589045206411626, 
        "color histogram": -0.46597393131032605, 
        "gaussian mixtur": -0.5309720114246052, 
        "bug report": 0.02927912253032094, 
        "paper discuss": -0.08888699687074875, 
        "semant gap": 0.06327922747731499, 
        "png border": 0.2589045206411626, 
        "address issu": 0.11543630214751023, 
        "import role": 0.0766358563229499, 
        "hidden markov": -0.46007700083608316, 
        "propos approach": 0.2045131398097381, 
        "search result": 0.605125975458363, 
        "result indic": -0.07402291200968361, 
        "improv perform": 0.02125627532844014, 
        "vector machin": 0.08820876582097159, 
        "wide web": 0.699993452118564, 
        "bright temperatur": -0.15232357423234338, 
        "sensor network": -0.7948350758778876, 
        "solid src": 0.0, 
        "retriev perform": -0.1312477862701207, 
        "latent dirichlet": -0.050427448815437904, 
        "px solid": 0.0, 
        "signific improv": 0.11111994360618879, 
        "absimag png": 0.0, 
        "f measur": 0.045256654749284426, 
        "new approach": 0.05404804607854085, 
        "font size": -1.4536889144020808, 
        "surfac temperatur": -0.39710052711150845, 
        "demonstr effect": 0.15346357179001674, 
        "commonli use": -0.05696833425742809, 
        "br br": 0.45368864994821956, 
        "visual featur": 0.01913880437221819, 
        "paper present": -0.008603415664529514, 
        "experiment result": 0.035441797967493076, 
        "font variant": 0.2589045206411626, 
        "invert index": 0.04738870014142131, 
        "web servic": 0.18561207770615096, 
        "recal precis": 0.08495706134909467, 
        "imag absimag": 0.2589045206411626, 
        "mobil phone": -0.18218625743819516, 
        "respons time": -0.15825856849361788, 
        "e learn": 0.035410556600759494, 
        "style font": -0.13913441257413367, 
        "inform extract": 0.08152798807884125, 
        "ad hoc": -0.059459075594606337, 
        "real time": -0.09855744801191486, 
        "color textur": -0.2512795108035876, 
        "small cap": 0.2589045206411626, 
        "stack overflow": 0.026510372222732757, 
        "singular valu": -0.10160116035848682, 
        "time consum": 0.19470413792415897, 
        "machin svm": -0.008067320484723174, 
        "k mean": -0.02218296284439429, 
        "style width": 0.2589045206411626, 
        "k nearest": -0.20164862878768497, 
        "state art": -0.05359272898648665, 
        "high qualiti": 0.24235544005753007, 
        "wide use": -0.03838700151614301, 
        "high level": -0.005811101788591469, 
        "medic imag": -0.20554432825228547, 
        "paper propos": 0.11596574410173185, 
        "data mine": 0.12581401405818407, 
        "content base": -0.13818065079906297, 
        "question answer": 0.030075204459516242, 
        "larg number": 0.14279292766868706, 
        "artifici intellig": -0.020342282106247764, 
        "xml document": -0.0006688019032326492, 
        "larg amount": 0.07766529690910096, 
        "base imag": -0.21904876830302814, 
        "web page": 0.851686182596871, 
        "bag word": -0.15094506649082728, 
        "markov model": -0.3026936388394324, 
        "co occurr": 0.027979099512777137, 
        "width border": 0.0, 
        "wind speed": -0.20387300284947568, 
        "mobil agent": -0.29119210569981996, 
        "design implement": -0.1426729523828657, 
        "land surfac": -0.3771337774068804, 
        "precis recal": 0.22835300265588546, 
        "paper describ": -0.021561502998844236, 
        "result demonstr": -0.028204645674916675, 
        "semant similar": 0.16376797145082272, 
        "top k": -0.06180345301170066, 
        "decis make": -0.06825492280800273, 
        "even though": 0.1035758671132976, 
        "domain ontolog": 0.14095226946100475, 
        "semi supervis": 0.055969902265382745, 
        "mobil devic": -0.055627855270652886, 
        "machin translat": -0.15866115580184292, 
        "genet algorithm": 0.13671849033772843, 
        "present novel": -0.043646714190917625, 
        "social media": 0.15075499522297792, 
        "vector space": 0.07454007704456186, 
        "data sourc": 0.0878651760808866, 
        "result show": 0.02027673221281422, 
        "inform need": 0.4157833549267468, 
        "text mine": 0.029949817418340706, 
        "retriev ir": 0.2558635690280132, 
        "propos method": -0.0002985209486832225, 
        "take account": 0.048602317963921116, 
        "wavelet transform": -0.6822468229332777, 
        "imag retriev": -0.2164085004760925, 
        "associ rule": 0.17362637820500032, 
        "soil moistur": -1.0192202934424468, 
        "cbir system": -0.11959899104438526, 
        "user interfac": 0.2186630317983035, 
        "img ab": 0.2589045206411626, 
        "ground truth": -0.3028312167703018, 
        "featur vector": -0.28492535151058274, 
        "high resolut": -0.6406866941575695, 
        "languag model": 0.022568277587473536, 
        "princip compon": -0.2851211874714018, 
        "allow user": 0.18905854055367324, 
        "propos algorithm": 0.01183594052033302, 
        "fine grain": -0.007895085487238225, 
        "latent semant": 0.03803414853879359, 
        "recommend system": 0.2897588714403444, 
        "retriev cbir": -0.16915461550015343, 
        "end user": 0.20778168143640569, 
        "featur select": -0.15374948986229697, 
        "distanc measur": -0.2619718281900085, 
        "wide rang": -0.12156397966187768, 
        "e commerc": 0.236683278314433, 
        "water vapor": -0.12680117223924817, 
        "propos new": 0.06231653650311849, 
        "recent year": 0.1700523074440611, 
        "becom import": 0.15237692564858984, 
        "well known": -0.024002786105803857, 
        "data set": -0.050421923250991325, 
        "cloud comput": -0.25605991562914215, 
        "web site": 0.6204967076667763, 
        "machin learn": 0.1403530496869831, 
        "n gram": -0.14397118129340836, 
        "high dimension": -0.30546482219902715,