{
    "38": {
        "em first": 0.0, 
        "self organ": -0.04812243801598069, 
        "img class": 0.0, 
        "user interest": -0.04644059340605073, 
        "manag system": -0.1897660903773149, 
        "ab contain": 0.0, 
        "cross languag": 0.0060459189340975085, 
        "social network": -0.028115604635288546, 
        "take advantag": 0.029185523696223667, 
        "first page": -0.3222879844078619, 
        "sup sup": 0.36782588222846463, 
        "low level": -0.12289058496698346, 
        "inform retriev": -0.4623709202412724, 
        "remot sens": 0.7493514718836893, 
        "digit librari": -0.08055623614163746, 
        "cultur heritag": -0.025801828243004477, 
        "space model": -0.046557899884764414, 
        "previou work": -0.07716964719201744, 
        "case studi": 0.0217124686232065, 
        "extens experi": 0.014625612161254926, 
        "p p": 0.09044326322932078, 
        "relationship among": -0.03206438930180661, 
        "big data": -0.027682318039827295, 
        "cluster algorithm": -0.004648380576480978, 
        "variant small": -0.40448913101140926, 
        "experi show": -0.1826574955190582, 
        "spatio tempor": 0.12996393926271918, 
        "fault toler": -0.010711195947451131, 
        "class img": 0.0, 
        "radi transfer": 1.1286386326340663, 
        "real world": -0.11606500517301518, 
        "level featur": -0.04167904458367321, 
        "similar measur": -0.06168389586436146, 
        "user prefer": 0.006431194446870753, 
        "propos novel": -0.1427235649925384, 
        "huge amount": -0.040367495318686754, 
        "present new": -0.07612835303277418, 
        "e g": 0.022595989306348527, 
        "sub sub": 0.50288960853603, 
        "textur featur": -0.011519842173670532, 
        "page articl": -0.23281456568938974, 
        "knowledg base": -0.2069209378451686, 
        "xploreasset imag": 0.0, 
        "color histogram": 0.0664323389265965, 
        "gaussian mixtur": 0.04544028706073655, 
        "bug report": 0.006340398038270526, 
        "paper discuss": -0.17644354975751195, 
        "semant gap": -0.05201935971970538, 
        "png border": 0.0, 
        "address issu": -0.025256225914956344, 
        "import role": -0.019702847901398892, 
        "hidden markov": 0.05363663841625479, 
        "propos approach": -0.23390794407619248, 
        "search result": -0.05480475869204955, 
        "result indic": 0.31279709981521864, 
        "improv perform": -0.07560696666677659, 
        "vector machin": -0.06487312693835728, 
        "wide web": -0.04993270828131806, 
        "bright temperatur": 1.3066499555130249, 
        "sensor network": 0.022579998761827143, 
        "solid src": 0.0, 
        "retriev perform": 0.09688119700726386, 
        "latent dirichlet": 0.018017248412623345, 
        "px solid": 0.0, 
        "signific improv": 0.14342582851937677, 
        "absimag png": 0.0, 
        "f measur": 0.0759741978459037, 
        "new approach": -0.01658220745920455, 
        "font size": -0.2864391681660289, 
        "surfac temperatur": 1.1352760200366583, 
        "demonstr effect": -0.0017545711497134464, 
        "commonli use": 0.0567173924876008, 
        "br br": 0.11816523099511328, 
        "visual featur": -0.029050647155719936, 
        "paper present": -0.18868557435158512, 
        "experiment result": -0.37910866957375533, 
        "font variant": 0.0, 
        "invert index": 0.005526421340900121, 
        "web servic": -0.1599535375331121, 
        "recal precis": 0.042465440467295036, 
        "imag absimag": 0.0, 
        "mobil phone": -0.0014973899146066712, 
        "respons time": 0.04721713399147778, 
        "e learn": -0.030751072840068207, 
        "style font": -0.14025368534997568, 
        "inform extract": -0.052746560257412964, 
        "ad hoc": -0.037641537850641726, 
        "real time": 0.09947468327843059, 
        "color textur": -0.03212323308487122, 
        "small cap": 0.0, 
        "stack overflow": -0.03276239522715967, 
        "singular valu": 0.020254026444688766, 
        "time consum": -0.07829307052065645, 
        "machin svm": 0.03498905484320153, 
        "k mean": 0.0015163887441088288, 
        "style width": 0.0, 
        "k nearest": -0.0006134822657447875, 
        "state art": -0.10257066445947097, 
        "high qualiti": -0.05468738522436129, 
        "wide use": -0.0614637001266685, 
        "high level": -0.2100791461747712, 
        "medic imag": 0.03443148723700146, 
        "paper propos": -0.33837479450715174, 
        "data mine": -0.149119760011908, 
        "content base": -0.2976966614637989, 
        "question answer": -0.10062765806451691, 
        "larg number": -0.07464317781035568, 
        "artifici intellig": 0.003757898024193581, 
        "xml document": -0.0606709228847245, 
        "larg amount": -0.10477559664665502, 
        "base imag": -0.2653734281875807, 
        "web page": -0.08315680527515817, 
        "bag word": -0.009347065599808075, 
        "markov model": 0.05423530657907526, 
        "co occurr": -0.002654697438920615, 
        "width border": 0.0, 
        "wind speed": 1.1805493873060315, 
        "mobil agent": 0.01891145875174399, 
        "design implement": -0.053329887250645, 
        "land surfac": 0.8802979275693632, 
        "precis recal": 0.01009382155669735, 
        "paper describ": -0.15433988950835972, 
        "result demonstr": -0.03857566274358243, 
        "semant similar": -0.04553427358639784, 
        "top k": -0.05017292231132118, 
        "decis make": -0.05421819028144992, 
        "even though": 0.17928102809035992, 
        "domain ontolog": -0.04597484952062415, 
        "semi supervis": 0.0026354035783872328, 
        "mobil devic": -0.01602273324552096, 
        "machin translat": 0.04456170758994208, 
        "genet algorithm": 0.08105057350797942, 
        "present novel": -0.051657329581729354, 
        "social media": 0.048765147102321736, 
        "vector space": -0.05163810639711354, 
        "data sourc": 0.028353326597921023, 
        "result show": -0.04569097411291492, 
        "inform need": -0.04322759167512794, 
        "text mine": 0.03938299428798152, 
        "retriev ir": 0.01812975105529603, 
        "propos method": -0.27134273197321085, 
        "take account": 0.06152610032169807, 
        "wavelet transform": 0.0968386673424992, 
        "imag retriev": -0.2207716044758053, 
        "associ rule": -0.017333859977537214, 
        "soil moistur": 0.9781573481764358, 
        "cbir system": 0.019125368171377038, 
        "user interfac": -0.008342657170103308, 
        "img ab": 0.0, 
        "ground truth": 0.45087335182659793, 
        "featur vector": 0.01910320329761586, 
        "high resolut": 0.7627058977052408, 
        "languag model": 0.06295106076903399, 
        "princip compon": 0.42534862833486387, 
        "allow user": -0.08031854781264613, 
        "propos algorithm": -0.060860028971140664, 
        "fine grain": 0.012522690046388405, 
        "latent semant": -0.018128544140914794, 
        "recommend system": -0.09903361154567576, 
        "retriev cbir": -0.03483949013926557, 
        "end user": -0.0318299243519133, 
        "featur select": -0.04393311236374009, 
        "distanc measur": 0.01563106999922364, 
        "wide rang": 0.1709740662255417, 
        "e commerc": -0.02883271066176752, 
        "water vapor": 1.0792091195954883, 
        "propos new": -0.069469315996344, 
        "recent year": -0.0317716543072443, 
        "becom import": -0.022223166317812345, 
        "well known": 0.040044169152537494, 
        "data set": 0.22451537984764758, 
        "cloud comput": -0.04298621923964005, 
        "web site": -0.0856934595155674, 
        "machin learn": -0.10048558525815803, 
        "n gram": 0.045150888087610724, 
        "high dimension": -0.028741082735867157, 
        "support vector": -0.06117943039568174, 
        "search engin": -0.22455096825761675,