{
    "39": {
        "em first": 0.0, 
        "self organ": -0.04687051999444986, 
        "img class": 0.0, 
        "user interest": 0.07443352852705318, 
        "manag system": 0.07279643786824579, 
        "ab contain": 0.0, 
        "cross languag": -0.08677248532913422, 
        "social network": 0.012915488815897611, 
        "take advantag": 0.04716778257911355, 
        "first page": -0.8046618357105871, 
        "sup sup": -0.01774756280195866, 
        "low level": -0.17563018646942702, 
        "inform retriev": 0.037226994941736376, 
        "remot sens": -0.13098183801438187, 
        "digit librari": -0.007051562146277187, 
        "cultur heritag": 0.06165308155313115, 
        "space model": -0.09511775084739135, 
        "previou work": -0.003695699460526113, 
        "case studi": -0.049291917376475376, 
        "extens experi": -0.046061822587762924, 
        "p p": 0.07703450689292342, 
        "relationship among": 0.012528467801543635, 
        "big data": 0.007632078337530683, 
        "cluster algorithm": -0.08755792323434504, 
        "variant small": -0.5837557012847276, 
        "experi show": -0.0682889149616954, 
        "spatio tempor": 0.01634835094780293, 
        "fault toler": 0.17851055746489564, 
        "class img": 0.0, 
        "radi transfer": -0.05146532756803358, 
        "real world": 0.005542985184113228, 
        "level featur": -0.12367145940175311, 
        "similar measur": -0.25191285405612185, 
        "user prefer": 0.08677119914450791, 
        "propos novel": -0.009083277839658215, 
        "huge amount": 0.07279555148917688, 
        "present new": -0.05758299558980812, 
        "e g": 0.07558501701239408, 
        "sub sub": -0.05031641584657927, 
        "textur featur": -0.13160811974267536, 
        "page articl": -0.6504968425377724, 
        "knowledg base": -0.018694672658777403, 
        "xploreasset imag": 0.0, 
        "color histogram": -0.17174012706066455, 
        "gaussian mixtur": -0.08743566249121537, 
        "bug report": -0.017084349107631066, 
        "paper discuss": -0.02276278194035635, 
        "semant gap": -0.048980884920258996, 
        "png border": 0.0, 
        "address issu": 0.13336600834850776, 
        "import role": -0.008443179055628913, 
        "hidden markov": -0.05554800072730522, 
        "propos approach": -0.05455794185590275, 
        "search result": -0.0026609551483673883, 
        "result indic": -0.01589373686380806, 
        "improv perform": -0.06058191851418352, 
        "vector machin": -0.07775737000895871, 
        "wide web": 0.12655761471749366, 
        "bright temperatur": -0.051536235876317366, 
        "sensor network": 0.07874159199841238, 
        "solid src": 0.0, 
        "retriev perform": -0.14123682141149443, 
        "latent dirichlet": -0.014351483797696372, 
        "px solid": 0.0, 
        "signific improv": -0.0071724885815801455, 
        "absimag png": 0.0, 
        "f measur": -0.08586453463963664, 
        "new approach": -0.05987470587412137, 
        "font size": -0.5927306697780402, 
        "surfac temperatur": -0.0899805489681299, 
        "demonstr effect": 0.005720205872595838, 
        "commonli use": -0.04712031470514926, 
        "br br": 0.02810850106286351, 
        "visual featur": -0.07249259609973621, 
        "paper present": 0.02984664348852157, 
        "experiment result": -0.05961395526860404, 
        "font variant": 0.0, 
        "invert index": 0.013162450658263283, 
        "web servic": 0.0873488574199092, 
        "recal precis": -0.06127532861296285, 
        "imag absimag": 0.0, 
        "mobil phone": 0.2507889602306314, 
        "respons time": 0.2193141398816861, 
        "e learn": 0.015839399080745584, 
        "style font": -0.4536002949385368, 
        "inform extract": -0.12600003185660774, 
        "ad hoc": 0.17612225177587829, 
        "real time": 0.1530132016605979, 
        "color textur": -0.14174771691562288, 
        "small cap": 0.0, 
        "stack overflow": -0.016496847299104857, 
        "singular valu": -0.05478328176960451, 
        "time consum": 0.004718599846524119, 
        "machin svm": -0.020693266299884654, 
        "k mean": -0.17874856877147371, 
        "style width": 0.0, 
        "k nearest": -0.008411873075802094, 
        "state art": -0.07377111979555726, 
        "high qualiti": 0.05343496093834034, 
        "wide use": 0.006529881036656208, 
        "high level": -0.05293952360461865, 
        "medic imag": -0.0387181861076178, 
        "paper propos": 0.0039021820893499273, 
        "data mine": -0.041305901273728914, 
        "content base": -0.10020270695761527, 
        "question answer": -0.1442076460876308, 
        "larg number": 0.08899900922906903, 
        "artifici intellig": 0.01574571806514636, 
        "xml document": 0.010912527610723144, 
        "larg amount": 0.027846907155591075, 
        "base imag": -0.11854925593533, 
        "web page": 0.08483233673003081, 
        "bag word": -0.07133297271822149, 
        "markov model": -0.05340398193439207, 
        "co occurr": -0.012927369673147214, 
        "width border": 0.0, 
        "wind speed": -0.05805221934050966, 
        "mobil agent": 0.2751060977773152, 
        "design implement": 0.1186494385262325, 
        "land surfac": -0.03771207289469082, 
        "precis recal": -0.12939432110003501, 
        "paper describ": 0.050222832047521475, 
        "result demonstr": -0.009259213147491088, 
        "semant similar": -0.03828837325441042, 
        "top k": -0.059982720462221945, 
        "decis make": -0.08798361961867478, 
        "even though": 0.05225961182980054, 
        "domain ontolog": -0.04732481107623668, 
        "semi supervis": -0.01334311151442354, 
        "mobil devic": 0.26858799280686296, 
        "machin translat": -0.13175175152305435, 
        "genet algorithm": -0.08922073431867172, 
        "present novel": -0.029916739928932398, 
        "social media": -0.020816233585449657, 
        "vector space": -0.10476984995164051, 
        "data sourc": 0.09148932832108926, 
        "result show": -0.001589775729310054, 
        "inform need": -0.042086419911472196, 
        "text mine": -0.01445707836517126, 
        "retriev ir": -0.08467744924386209, 
        "propos method": -0.09105267921998222, 
        "take account": -0.009419223311934531, 
        "wavelet transform": -0.1536052109913243, 
        "imag retriev": -0.11707025746075195, 
        "associ rule": -0.046099376141482414, 
        "soil moistur": -0.1642910973282258, 
        "cbir system": -0.01771970078124624, 
        "user interfac": 0.07248004188977443, 
        "img ab": 0.0, 
        "ground truth": -0.041071267810321825, 
        "featur vector": -0.18274303801025962, 
        "high resolut": -0.1355595831401732, 
        "languag model": -0.1503227248797947, 
        "princip compon": -0.12397767861634464, 
        "allow user": 0.13320663148847622, 
        "propos algorithm": -0.06909539275642586, 
        "fine grain": 0.13518880872407843, 
        "latent semant": -0.055777928276152446, 
        "recommend system": 0.035708289938899844, 
        "retriev cbir": -0.05630347606505273, 
        "end user": 0.18659301224841887, 
        "featur select": -0.18783930533268722, 
        "distanc measur": -0.15847023378550062, 
        "wide rang": 0.07886916931864658, 
        "e commerc": 0.11841144431184679, 
        "water vapor": -0.009640602493595343, 
        "propos new": -0.06919005919286163, 
        "recent year": 0.06531774328423114, 
        "becom import": 0.09120752797869865, 
        "well known": 0.003982221207821273, 
        "data set": -0.08004404078185383, 
        "cloud comput": 0.2075158708747787, 
        "web site": 0.19821577330090417, 
        "machin learn": -0.14960834296466938, 
        "n gram": -0.08648754183912759, 
        "high dimension": -0.14699952111976844, 
        "support vector": -0.20335104330240705,