{
    "3": {
        "em first": 0.0, 
        "self organ": -0.17483057872031438, 
        "img class": 0.0, 
        "user interest": -0.08271476973162822, 
        "manag system": -0.03587801122496526, 
        "ab contain": 0.0, 
        "cross languag": 0.3017997328362711, 
        "social network": 0.10539152147249095, 
        "take advantag": 0.1336945534947853, 
        "first page": -0.943351172013074, 
        "sup sup": -0.02723127153175373, 
        "low level": -0.1649393619313748, 
        "inform retriev": 0.1114469088692275, 
        "remot sens": -0.5594567576293235, 
        "digit librari": -0.08514044379456542, 
        "cultur heritag": -0.020320522123115678, 
        "space model": 0.06994240211576562, 
        "previou work": 0.19129384810464345, 
        "case studi": 0.04150635807283046, 
        "extens experi": 0.1254939371030691, 
        "p p": 0.49468938463752454, 
        "relationship among": -0.0895602363664514, 
        "big data": 0.12405720812101788, 
        "cluster algorithm": -0.46525832415145574, 
        "variant small": -0.9378021203937117, 
        "experi show": -0.006940647375162579, 
        "spatio tempor": 0.012148505912042886, 
        "fault toler": -0.3425020117841784, 
        "class img": 0.0, 
        "radi transfer": -0.08835730987920795, 
        "real world": 0.04031107902734961, 
        "level featur": -0.28978045837852046, 
        "similar measur": -0.09064799490453823, 
        "user prefer": -0.07711403441551506, 
        "propos novel": -0.07961793956334783, 
        "huge amount": 0.19245753106067887, 
        "present new": -0.08255135154389846, 
        "e g": 0.07300706797010299, 
        "sub sub": -0.15233076436255247, 
        "textur featur": -0.0897789360110766, 
        "page articl": -1.0023665964875181, 
        "knowledg base": 0.44727763130411125, 
        "xploreasset imag": 0.0, 
        "color histogram": -0.09353937130513029, 
        "gaussian mixtur": 0.019678394859933224, 
        "bug report": 0.12801860610517465, 
        "paper discuss": 0.05839842376183493, 
        "semant gap": -0.13945710989866653, 
        "png border": 0.0, 
        "address issu": 0.1249920401909514, 
        "import role": 0.15731540249008583, 
        "hidden markov": -0.039644599338921616, 
        "propos approach": 0.08764987678697557, 
        "search result": -0.030763960535853917, 
        "result indic": 0.007733684563028424, 
        "improv perform": 0.21137805533988643, 
        "vector machin": 0.05593215910948473, 
        "wide web": 0.062482568007212816, 
        "bright temperatur": -0.34854855189420075, 
        "sensor network": -0.5775757227143308, 
        "solid src": 0.0, 
        "retriev perform": -0.16357487826270972, 
        "latent dirichlet": 0.25227016452346956, 
        "px solid": 0.0, 
        "signific improv": 0.048264327434844934, 
        "absimag png": 0.0, 
        "f measur": 0.26745204640907316, 
        "new approach": 0.03763840663956073, 
        "font size": -0.9448195199171495, 
        "surfac temperatur": -0.12316003331012619, 
        "demonstr effect": 0.13989663058935112, 
        "commonli use": -0.014243054411927403, 
        "br br": 0.4191073675480514, 
        "visual featur": -0.23042823088097222, 
        "paper present": 0.040550176443956684, 
        "experiment result": 0.03601595165562362, 
        "font variant": 0.0, 
        "invert index": 0.06337681837165701, 
        "web servic": -0.40784165362273994, 
        "recal precis": -0.04962928386107367, 
        "imag absimag": 0.0, 
        "mobil phone": 0.04007480160149116, 
        "respons time": 0.09741174453513725, 
        "e learn": 0.2946942564096732, 
        "style font": -1.0710833425412725, 
        "inform extract": 0.37066127642649593, 
        "ad hoc": -0.00821012675941805, 
        "real time": -0.0798094162696272, 
        "color textur": -0.2096718829371217, 
        "small cap": 0.0, 
        "stack overflow": 0.6879480451938425, 
        "singular valu": -0.17589335504917838, 
        "time consum": -0.05325903473141961, 
        "machin svm": 0.0630153900765799, 
        "k mean": -0.36588531176841627, 
        "style width": 0.0, 
        "k nearest": 0.02874098746818502, 
        "state art": 0.2108497793175322, 
        "high qualiti": 0.22106807631076664, 
        "wide use": 0.1523457800894277, 
        "high level": -0.07063870104383083, 
        "medic imag": -0.1928195035406504, 
        "paper propos": 0.0431050043390677, 
        "data mine": -0.21385472435909494, 
        "content base": -0.25061680463986896, 
        "question answer": 0.9027765971201274, 
        "larg number": 0.09705691336448394, 
        "artifici intellig": 0.2529660164110956, 
        "xml document": -0.11198098838512416, 
        "larg amount": 0.0545304520275235, 
        "base imag": -0.47499007718862335, 
        "web page": 0.037004657034924726, 
        "bag word": 0.23633554315881689, 
        "markov model": -0.04872714341064666, 
        "co occurr": -0.06578893899977864, 
        "width border": 0.0, 
        "wind speed": -0.18653000002865344, 
        "mobil agent": -0.43984850737641945, 
        "design implement": -0.19561943236635163, 
        "land surfac": -0.3063705065454395, 
        "precis recal": 0.050456968536973235, 
        "paper describ": -0.035284222497232696, 
        "result demonstr": 0.1357796201941783, 
        "semant similar": 0.2945587031949414, 
        "top k": 0.10232651033066076, 
        "decis make": -0.10206779411770321, 
        "even though": 0.16264443454184793, 
        "domain ontolog": 0.2878792231701531, 
        "semi supervis": 0.1876072953190137, 
        "mobil devic": -0.32330960279259774, 
        "machin translat": 0.5507818240655359, 
        "genet algorithm": -0.1469819699235582, 
        "present novel": 0.08497463735951237, 
        "social media": 0.18573095424642697, 
        "vector space": 0.11424558354296306, 
        "data sourc": -0.015962082607953454, 
        "result show": 0.05225331677105089, 
        "inform need": 0.14518017773954964, 
        "text mine": 0.2956900005322057, 
        "retriev ir": 0.23749439399135872, 
        "propos method": 0.017749318454796395, 
        "take account": 0.015420271310291833, 
        "wavelet transform": -0.07056793874430857, 
        "imag retriev": -0.47623943988134954, 
        "associ rule": -0.08530565861083578, 
        "soil moistur": -0.2892369619351017, 
        "cbir system": -0.07638040100784707, 
        "user interfac": 0.060650485256909435, 
        "img ab": 0.0, 
        "ground truth": -0.07017199981683196, 
        "featur vector": -0.21106188119072267, 
        "high resolut": -0.23090603761347023, 
        "languag model": 0.33485776275253576, 
        "princip compon": -0.22425134432729438, 
        "allow user": 0.13761767217883247, 
        "propos algorithm": -0.13722528931116404, 
        "fine grain": 0.20784195806220154, 
        "latent semant": -0.06820921822924789, 
        "recommend system": -0.04800359315893395, 
        "retriev cbir": -0.22181209410402755, 
        "end user": 0.0026932218449751705, 
        "featur select": -0.0060373978361110085, 
        "distanc measur": -0.3700184195769881, 
        "wide rang": -0.0024577634200020266, 
        "e commerc": -0.3240135606888327, 
        "water vapor": -0.07857390349973958, 
        "propos new": -0.07777707139326377, 
        "recent year": 0.04362025879318652, 
        "becom import": -0.014069485229009828, 
        "well known": 0.002159149415638102, 
        "data set": 0.02037480363536786, 
        "cloud comput": -0.3135758349183106, 
        "web site": 0.06670089225692738, 
        "machin learn": 0.35226338924233835, 
        "n gram": -0.2109089684479397, 
        "high dimension": -0.07834581340680864, 
        "support vector": 0.0433848723956329, 
        "search engin": 0.18974730906574308, 
        "time seri": -0.28109163658320724,