{
    "40": {
        "em first": 0.0, 
        "self organ": 0.37323179435331827, 
        "img class": 0.0, 
        "user interest": 0.009650626878617915, 
        "manag system": 0.08375708226962691, 
        "ab contain": 0.0, 
        "cross languag": -0.284126866767432, 
        "social network": 0.29183325131618715, 
        "take advantag": 0.0698368956225892, 
        "first page": -0.8170203398557621, 
        "sup sup": 0.05945773623612087, 
        "low level": -0.16700852075035225, 
        "inform retriev": -0.00040161972798678043, 
        "remot sens": -0.09359943713023605, 
        "digit librari": -0.16116189409512746, 
        "cultur heritag": -0.08293702555750775, 
        "space model": -0.1243283987035661, 
        "previou work": 0.01844666149930317, 
        "case studi": -0.22124738833217486, 
        "extens experi": 0.04781331698152675, 
        "p p": 0.09844130235828222, 
        "relationship among": -0.01592067656879709, 
        "big data": -0.002948382169774931, 
        "cluster algorithm": -0.2147236692472421, 
        "variant small": -0.7566784887841469, 
        "experi show": -0.002202111257790214, 
        "spatio tempor": 0.09984648238820826, 
        "fault toler": 0.520014069625233, 
        "class img": 0.0, 
        "radi transfer": -0.005328296514564745, 
        "real world": 0.048278089495010286, 
        "level featur": -0.2538395243480007, 
        "similar measur": -0.25257724683997285, 
        "user prefer": -0.11005693194855097, 
        "propos novel": 0.13675945803774783, 
        "huge amount": 0.04462383365047055, 
        "present new": -0.08819262906135386, 
        "e g": 0.132485609989942, 
        "sub sub": 0.011784203543097766, 
        "textur featur": -0.18448828246366428, 
        "page articl": -0.691143334739247, 
        "knowledg base": -0.09186837304192712, 
        "xploreasset imag": 0.0, 
        "color histogram": -0.2550635290565907, 
        "gaussian mixtur": -0.05435050248979598, 
        "bug report": -0.23493966037386974, 
        "paper discuss": -0.06920383427665662, 
        "semant gap": -0.10748088462962845, 
        "png border": 0.0, 
        "address issu": 0.13379347225645302, 
        "import role": -0.013435054181214247, 
        "hidden markov": -0.13830904745513475, 
        "propos approach": -0.03991964973160965, 
        "search result": -0.20660167077808078, 
        "result indic": -0.02552093216292541, 
        "improv perform": 0.0644699109605929, 
        "vector machin": -0.22122561230870044, 
        "wide web": -0.07262369154092614, 
        "bright temperatur": -0.04301741688999566, 
        "sensor network": 0.4867060593961857, 
        "solid src": 0.0, 
        "retriev perform": -0.056515094594302415, 
        "latent dirichlet": 0.011076561697650943, 
        "px solid": 0.0, 
        "signific improv": -0.09311236233397777, 
        "absimag png": 0.0, 
        "f measur": -0.12681789653680364, 
        "new approach": -0.09163348026969985, 
        "font size": -1.1118971519697618, 
        "surfac temperatur": -0.06263413311962618, 
        "demonstr effect": 0.027726391468749313, 
        "commonli use": -0.0519629102510248, 
        "br br": -0.0376114683698736, 
        "visual featur": -0.20907671462122812, 
        "paper present": 0.02034529566315717, 
        "experiment result": -0.029329442997065955, 
        "font variant": 0.0, 
        "invert index": 0.025943012077282966, 
        "web servic": -0.10244942338002393, 
        "recal precis": -0.09193533183106779, 
        "imag absimag": 0.0, 
        "mobil phone": 0.08879596176690603, 
        "respons time": 0.3239252258751364, 
        "e learn": -0.09943245840760208, 
        "style font": -0.24191747162272498, 
        "inform extract": -0.16348116265181037, 
        "ad hoc": 0.47652654129384336, 
        "real time": 0.11054703467851752, 
        "color textur": -0.10823578869770967, 
        "small cap": 0.0, 
        "stack overflow": -0.025237381588687845, 
        "singular valu": -0.1223447767292353, 
        "time consum": -0.15678940181086273, 
        "machin svm": -0.1255030986009146, 
        "k mean": -0.2104933217884763, 
        "style width": 0.0, 
        "k nearest": -0.05358147625656825, 
        "state art": -0.030426370735460787, 
        "high qualiti": 0.052566274680289835, 
        "wide use": 0.006379638911947314, 
        "high level": -0.08406583260069792, 
        "medic imag": -0.19676473907832479, 
        "paper propos": 0.12956849904955195, 
        "data mine": -0.07187674829372638, 
        "content base": -0.046605056998580655, 
        "question answer": -0.21130687171331555, 
        "larg number": 0.18225270503190338, 
        "artifici intellig": -0.006333719862523049, 
        "xml document": -0.020059131816278195, 
        "larg amount": 0.08731344370180598, 
        "base imag": -0.2124375131090314, 
        "web page": -0.20669405592509438, 
        "bag word": -0.18283499979060353, 
        "markov model": -0.10404014215114188, 
        "co occurr": -0.12705981692799548, 
        "width border": 0.0, 
        "wind speed": -0.1405078878972391, 
        "mobil agent": 0.4497612845191568, 
        "design implement": 0.09540393891586214, 
        "land surfac": -0.04174071041421327, 
        "precis recal": -0.14537166040901894, 
        "paper describ": -0.033738242138194915, 
        "result demonstr": 0.027080986507853604, 
        "semant similar": -0.052144487831776026, 
        "top k": 0.1393125390676625, 
        "decis make": -0.2625462083258039, 
        "even though": -0.003122897967719703, 
        "domain ontolog": -0.17001634705176455, 
        "semi supervis": -0.16321111020737802, 
        "mobil devic": 0.2371457782733444, 
        "machin translat": -0.14855071555523103, 
        "genet algorithm": -0.10443868015640904, 
        "present novel": -0.03219905755536173, 
        "social media": -0.00780450931296897, 
        "vector space": -0.16447445809752123, 
        "data sourc": 0.03684815775957627, 
        "result show": 0.09011386223819413, 
        "inform need": -0.12737832069124802, 
        "text mine": -0.22163998794943285, 
        "retriev ir": -0.0393924302412936, 
        "propos method": -0.0822174041541033, 
        "take account": 0.05452605135873085, 
        "wavelet transform": -0.09130465673418162, 
        "imag retriev": -0.23835884745297994, 
        "associ rule": -0.04039067383440714, 
        "soil moistur": -0.10688147572709747, 
        "cbir system": -0.10390141389142529, 
        "user interfac": -0.08273191166423104, 
        "img ab": 0.0, 
        "ground truth": -0.08914756301907693, 
        "featur vector": -0.1787766127412405, 
        "high resolut": -0.17801997018760207, 
        "languag model": -0.2211200475643244, 
        "princip compon": 0.002008672460219596, 
        "allow user": -0.0020712305781460977, 
        "propos algorithm": 0.03336851171279703, 
        "fine grain": 0.10438788145834949, 
        "latent semant": -0.2657450103505954, 
        "recommend system": 0.006870149329458524, 
        "retriev cbir": -0.13281751752108137, 
        "end user": 0.13473023816459104, 
        "featur select": -0.17308013735710623, 
        "distanc measur": -0.195138372157245, 
        "wide rang": 0.05852640314779495, 
        "e commerc": -0.03768752962167777, 
        "water vapor": -0.07062621609451802, 
        "propos new": -0.02558980071469656, 
        "recent year": 0.028645128218683077, 
        "becom import": 0.01785722877015024, 
        "well known": 0.050797400112242874, 
        "data set": -0.029554431239306112, 
        "cloud comput": 0.11496402798030261, 
        "web site": -0.0522039575011006, 
        "machin learn": -0.24275660181827283, 
        "n gram": -0.17592160264226722, 
        "high dimension": -0.011887811027707671, 
        "support vector": -0.23052703726560356, 
        "search engin": -0.14444744519198113,