{
    "41": {
        "em first": 0.0, 
        "self organ": 0.03823559000612743, 
        "img class": 0.0, 
        "user interest": -0.055183842720490664, 
        "manag system": -0.05430705770671896, 
        "ab contain": 0.0, 
        "cross languag": 0.030341559343180762, 
        "social network": -0.06846512735878292, 
        "take advantag": -0.022084595438996296, 
        "first page": -0.6081415993316961, 
        "sup sup": 0.14867854499334365, 
        "low level": -0.05761435420294225, 
        "inform retriev": 0.05634027990031668, 
        "remot sens": 0.16345878407007092, 
        "digit librari": -0.0977413953631329, 
        "cultur heritag": -0.03410585373289327, 
        "space model": 0.04572277509516626, 
        "previou work": 0.029217577242920217, 
        "case studi": 0.025942828137201102, 
        "extens experi": 0.032603919369680705, 
        "p p": 0.1956095406391947, 
        "relationship among": 0.02999794274888854, 
        "big data": 0.036424410145082145, 
        "cluster algorithm": 0.11820031089371459, 
        "variant small": -0.6285790938442601, 
        "experi show": -0.053323909625654406, 
        "spatio tempor": 0.08293978599435416, 
        "fault toler": 0.0896950592811948, 
        "class img": 0.0, 
        "radi transfer": 0.20280841895163862, 
        "real world": -0.017659902161563854, 
        "level featur": -0.0898825835790377, 
        "similar measur": -0.11289817188844233, 
        "user prefer": -0.05859517375838584, 
        "propos novel": -0.0022687029142352023, 
        "huge amount": 0.025125033232531506, 
        "present new": 0.004760111411241627, 
        "e g": 0.10549282382128977, 
        "sub sub": 0.26457354726829496, 
        "textur featur": -0.0357077141941908, 
        "page articl": -0.7620820185508789, 
        "knowledg base": -0.02791998598032375, 
        "xploreasset imag": 0.0, 
        "color histogram": -0.0434250342572845, 
        "gaussian mixtur": -0.05018562660227076, 
        "bug report": 0.23461254213148583, 
        "paper discuss": -0.033445681020365874, 
        "semant gap": 0.0042003277864369176, 
        "png border": 0.0, 
        "address issu": 0.09910000496754408, 
        "import role": -0.017572763494371348, 
        "hidden markov": -0.0694021830361232, 
        "propos approach": -0.013912812149052493, 
        "search result": -0.056989651284088075, 
        "result indic": 0.06156884244091446, 
        "improv perform": -0.014771706995313823, 
        "vector machin": -0.03573286703710663, 
        "wide web": -0.14048907487483395, 
        "bright temperatur": 0.12133246968453228, 
        "sensor network": 0.21642510301587933, 
        "solid src": 0.0, 
        "retriev perform": -0.042587810301700786, 
        "latent dirichlet": 0.04004732572923202, 
        "px solid": 0.0, 
        "signific improv": 0.05203962602638158, 
        "absimag png": 0.0, 
        "f measur": 0.029366225079948245, 
        "new approach": -0.02902330636068749, 
        "font size": -0.6030412395490929, 
        "surfac temperatur": 0.20352024505828523, 
        "demonstr effect": -0.07176788975144408, 
        "commonli use": 0.004927717982946246, 
        "br br": -0.006262307555670008, 
        "visual featur": 0.0237605821745724, 
        "paper present": -0.010947841626375878, 
        "experiment result": -0.04149914083009893, 
        "font variant": 0.0, 
        "invert index": 0.05717699285546385, 
        "web servic": -0.08665840830553308, 
        "recal precis": -0.018031196271652124, 
        "imag absimag": 0.0, 
        "mobil phone": 0.052227464307436404, 
        "respons time": 0.0001421643510099008, 
        "e learn": -0.10437607676514914, 
        "style font": -0.1984895451419433, 
        "inform extract": 0.03808305996003211, 
        "ad hoc": 0.03681993549083988, 
        "real time": 0.021532203517012512, 
        "color textur": -0.04664198875972249, 
        "small cap": 0.0, 
        "stack overflow": 0.0078898047834533, 
        "singular valu": 0.0842705265444282, 
        "time consum": 0.04654766883031353, 
        "machin svm": -0.02633465385962101, 
        "k mean": 0.04914626046454153, 
        "style width": 0.0, 
        "k nearest": -0.01383182806690776, 
        "state art": 0.0619626308864869, 
        "high qualiti": -0.007310240144533873, 
        "wide use": 0.012961587615730599, 
        "high level": 0.041570740890131005, 
        "medic imag": -0.07169609039481022, 
        "paper propos": -0.039200968445271614, 
        "data mine": 0.03817558162568708, 
        "content base": -0.10545605715541806, 
        "question answer": -0.06729289847576662, 
        "larg number": 0.046219360527602005, 
        "artifici intellig": 0.06776665621120612, 
        "xml document": -0.11180509347196815, 
        "larg amount": 0.02100775168523331, 
        "base imag": -0.08328961649732751, 
        "web page": -0.04664807018177568, 
        "bag word": 0.05788946215593519, 
        "markov model": -0.08469937785404616, 
        "co occurr": 0.06595368192743052, 
        "width border": 0.0, 
        "wind speed": 0.07214362616084159, 
        "mobil agent": -0.0024245306249925276, 
        "design implement": -0.026993567112600467, 
        "land surfac": 0.16907312530311872, 
        "precis recal": 0.013216972146048283, 
        "paper describ": -0.039973391181238126, 
        "result demonstr": 0.022351533077127703, 
        "semant similar": 0.04748282338252032, 
        "top k": 0.0670090281302765, 
        "decis make": -0.01411923851099725, 
        "even though": 0.12034166870097894, 
        "domain ontolog": -0.04695979144891572, 
        "semi supervis": 0.12883240236315055, 
        "mobil devic": -0.008338177069389312, 
        "machin translat": 0.08104061291578588, 
        "genet algorithm": 0.169329991656615, 
        "present novel": -0.008624160198517312, 
        "social media": -0.021751304563995554, 
        "vector space": 0.07991819289964529, 
        "data sourc": -0.01755559553465637, 
        "result show": 0.014708352750834392, 
        "inform need": -0.055394218393112156, 
        "text mine": 0.02985868772010951, 
        "retriev ir": 0.13439879048523573, 
        "propos method": -0.008306034618915235, 
        "take account": 0.0477471882423429, 
        "wavelet transform": -0.03787572004219898, 
        "imag retriev": -0.1207459947572359, 
        "associ rule": 0.07991287738952363, 
        "soil moistur": 0.1622809479079066, 
        "cbir system": 0.006187967394433037, 
        "user interfac": -0.06019772847357749, 
        "img ab": 0.0, 
        "ground truth": 0.12098403922046004, 
        "featur vector": -0.0883770960023585, 
        "high resolut": 0.09370687306032306, 
        "languag model": -0.03363336218444653, 
        "princip compon": 0.04826687140363653, 
        "allow user": -0.045077046096873866, 
        "propos algorithm": 0.04367026755363531, 
        "fine grain": 0.051510419746612475, 
        "latent semant": 0.052050113581259445, 
        "recommend system": -0.07046401998906221, 
        "retriev cbir": -0.011519377035439314, 
        "end user": 0.052198866724477766, 
        "featur select": 0.02585411413255473, 
        "distanc measur": 0.01653603101930999, 
        "wide rang": 0.11093622221567316, 
        "e commerc": 0.03008093614665645, 
        "water vapor": 0.16046361179913365, 
        "propos new": -0.01955217118925415, 
        "recent year": 0.05599697310761535, 
        "becom import": 0.027397493002618054, 
        "well known": 0.10335979926267776, 
        "data set": 0.011612503831129224, 
        "cloud comput": -0.048663449775512964, 
        "web site": -0.031040199512696747, 
        "machin learn": -0.03442832896357784, 
        "n gram": -0.007979550935952082, 
        "high dimension": -0.007396350914535527, 
        "support vector": -0.03787793391540764, 
        "search engin": -0.12143863140391453,