{
    "42": {
        "em first": 0.0, 
        "self organ": -0.09194635327315274, 
        "img class": 0.0, 
        "user interest": 0.0439993286252935, 
        "manag system": 0.09111888532842745, 
        "ab contain": 0.0, 
        "cross languag": -0.05530050522958949, 
        "social network": 0.04220030857436257, 
        "take advantag": 0.014642970108270273, 
        "first page": -0.8665676905512285, 
        "sup sup": 0.008713457666527417, 
        "low level": -0.051263678183301825, 
        "inform retriev": 0.016363366753587967, 
        "remot sens": -0.027863389787090468, 
        "digit librari": 0.03332144878508464, 
        "cultur heritag": 0.11048655521559751, 
        "space model": -0.06216009983675057, 
        "previou work": 0.02330513689653093, 
        "case studi": 0.31213609368016515, 
        "extens experi": 0.027600567023751008, 
        "p p": 0.3389214793984664, 
        "relationship among": -0.06558130301026446, 
        "big data": 0.14034270423406536, 
        "cluster algorithm": -0.019453912284577712, 
        "variant small": -0.44872325810847885, 
        "experi show": -0.09592186477923001, 
        "spatio tempor": 0.04396523632485964, 
        "fault toler": 0.09853135511869232, 
        "class img": 0.0, 
        "radi transfer": -0.07055635652923391, 
        "real world": 0.06436020233349637, 
        "level featur": -0.0470635828381508, 
        "similar measur": -0.0650574916769323, 
        "user prefer": 0.02523412014115515, 
        "propos novel": -0.011976703120240094, 
        "huge amount": 0.04325047172856309, 
        "present new": -0.1104791544906253, 
        "e g": 0.08589205102594197, 
        "sub sub": 0.042052322627620896, 
        "textur featur": -0.18013545891793306, 
        "page articl": -0.5795407622362416, 
        "knowledg base": 0.08228990205319162, 
        "xploreasset imag": 0.0, 
        "color histogram": -0.1861068783083976, 
        "gaussian mixtur": -0.18082203368220046, 
        "bug report": 0.06562711113822503, 
        "paper discuss": 0.049453098076846114, 
        "semant gap": -0.16740406269676106, 
        "png border": 0.0, 
        "address issu": 0.07593329280305564, 
        "import role": 0.0063535857711847585, 
        "hidden markov": -0.07096631731477727, 
        "propos approach": -0.0032658793938101357, 
        "search result": 0.014313263417338637, 
        "result indic": -0.011450230323352378, 
        "improv perform": -0.009517496597535757, 
        "vector machin": -0.006354226540079555, 
        "wide web": -0.03250578084146169, 
        "bright temperatur": -0.11601088984386243, 
        "sensor network": 0.06396452327934797, 
        "solid src": 0.0, 
        "retriev perform": -0.10169969077832308, 
        "latent dirichlet": 0.06499006415239361, 
        "px solid": 0.0, 
        "signific improv": -0.03665043210838662, 
        "absimag png": 0.0, 
        "f measur": -0.03017776152442733, 
        "new approach": 0.0018865490169100718, 
        "font size": -0.648368101665674, 
        "surfac temperatur": -0.0969186301453732, 
        "demonstr effect": -0.08305409404173829, 
        "commonli use": 0.05507998941389913, 
        "br br": -0.009561055175938235, 
        "visual featur": -0.10463751716065496, 
        "paper present": 0.007589830253972438, 
        "experiment result": -0.06804963107002211, 
        "font variant": 0.0, 
        "invert index": -0.04335410087861943, 
        "web servic": 0.03089310565725656, 
        "recal precis": 0.01869311398203806, 
        "imag absimag": 0.0, 
        "mobil phone": -0.03389185978349061, 
        "respons time": 0.1273530334619374, 
        "e learn": 0.026068762132400777, 
        "style font": -0.042717784006852076, 
        "inform extract": 0.049034748362242926, 
        "ad hoc": 0.11564169691739667, 
        "real time": 0.07311094157814378, 
        "color textur": -0.020068583288160552, 
        "small cap": 0.0, 
        "stack overflow": 0.13843275157589682, 
        "singular valu": -0.059174788049846376, 
        "time consum": 0.09929612467600717, 
        "machin svm": -0.004228038184552859, 
        "k mean": -0.06366384238608448, 
        "style width": 0.0, 
        "k nearest": -0.025792462261439043, 
        "state art": -0.00629252310438256, 
        "high qualiti": 0.05384035852550684, 
        "wide use": 0.030640117665300663, 
        "high level": 0.00862841101087903, 
        "medic imag": 0.04933804431894656, 
        "paper propos": -0.03658097802629505, 
        "data mine": 0.09869663942962906, 
        "content base": -0.10034280342513649, 
        "question answer": -0.05270822377470927, 
        "larg number": 0.07400173251369918, 
        "artifici intellig": 0.18382734392329264, 
        "xml document": -0.011015347037185359, 
        "larg amount": 0.08661967902674725, 
        "base imag": -0.1256514059052134, 
        "web page": 0.0032416915135860657, 
        "bag word": -0.16878531231963495, 
        "markov model": -0.06135870002274031, 
        "co occurr": -0.18882034070509582, 
        "width border": 0.0, 
        "wind speed": 0.012635224741438023, 
        "mobil agent": 0.05867684970577129, 
        "design implement": 0.03830303958137431, 
        "land surfac": -0.07447068716579804, 
        "precis recal": -0.007857641115504854, 
        "paper describ": 0.03743252068464357, 
        "result demonstr": 0.0025338165900914557, 
        "semant similar": -0.046882665843574145, 
        "top k": 0.12797848167340023, 
        "decis make": 0.27089446746774004, 
        "even though": 0.07339010383594316, 
        "domain ontolog": 0.0018715626216171503, 
        "semi supervis": 0.04436309179481007, 
        "mobil devic": -0.0022427523783891145, 
        "machin translat": -0.08745150498089936, 
        "genet algorithm": 0.030196734520188263, 
        "present novel": -0.04022469970241209, 
        "social media": 0.04712058623958407, 
        "vector space": -0.029244920994934673, 
        "data sourc": 0.09167163322805755, 
        "result show": -0.039946860877819915, 
        "inform need": 0.09339486215306896, 
        "text mine": 0.021545395299031062, 
        "retriev ir": 0.031586665233249364, 
        "propos method": -0.12502369835735838, 
        "take account": -0.0005414864873085857, 
        "wavelet transform": -0.2401100814228267, 
        "imag retriev": -0.16899963473705865, 
        "associ rule": 0.07801565925701205, 
        "soil moistur": -0.16995406851204362, 
        "cbir system": -0.09784845211657349, 
        "user interfac": 0.07544804670370878, 
        "img ab": 0.0, 
        "ground truth": -0.007417823849283876, 
        "featur vector": -0.11442837771442069, 
        "high resolut": -0.032791844877069515, 
        "languag model": -0.12182435976401178, 
        "princip compon": -0.08943300858921469, 
        "allow user": -0.020120715841425045, 
        "propos algorithm": -0.029019096119467083, 
        "fine grain": 0.009925530941093117, 
        "latent semant": -0.004752778478072315, 
        "recommend system": 0.07836243647919969, 
        "retriev cbir": -0.046463919611574214, 
        "end user": 0.11577239870626632, 
        "featur select": -0.06993504385811587, 
        "distanc measur": -0.003002528877376341, 
        "wide rang": 0.07005312076747774, 
        "e commerc": 0.11795804790350439, 
        "water vapor": -0.04610778394865042, 
        "propos new": -0.007034743287461847, 
        "recent year": 0.037537486260689444, 
        "becom import": 0.017040360000257285, 
        "well known": 0.02653055202799009, 
        "data set": 0.049445725751391556, 
        "cloud comput": -0.021667194427624156, 
        "web site": 0.020286467446407663, 
        "machin learn": 0.08421626118853665, 
        "n gram": -0.23168891647657366, 
        "high dimension": -0.003881690754981848, 
        "support vector": -0.010117885430919574,