{
    "43": {
        "em first": 0.0, 
        "self organ": -0.026128553113993373, 
        "img class": 0.0, 
        "user interest": -0.19462325147954285, 
        "manag system": 0.13033257738604823, 
        "ab contain": 0.0, 
        "cross languag": -0.19996645222187678, 
        "social network": -0.04480609197755644, 
        "take advantag": -0.0356845564217245, 
        "first page": -0.2883141695235342, 
        "sup sup": 0.221044120248521, 
        "low level": -0.23136708512260407, 
        "inform retriev": -0.11933400899453828, 
        "remot sens": 0.08172449660197681, 
        "digit librari": -0.11282142896910545, 
        "cultur heritag": 0.04141749171480567, 
        "space model": -0.2535055581144888, 
        "previou work": 0.011247870562282082, 
        "case studi": -0.028990055158802604, 
        "extens experi": 0.17636659161163773, 
        "p p": 0.18128722787841073, 
        "relationship among": -0.1092617463067747, 
        "big data": 0.5387162909394834, 
        "cluster algorithm": -0.24291575610944868, 
        "variant small": -0.9431414462518817, 
        "experi show": -0.22174895329655916, 
        "spatio tempor": 0.13191055751642264, 
        "fault toler": 0.3702616305447641, 
        "class img": 0.0, 
        "radi transfer": 0.3402514407921416, 
        "real world": 0.029316837974034914, 
        "level featur": -0.12211966550120135, 
        "similar measur": -0.3305873472441086, 
        "user prefer": -0.26469659444389143, 
        "propos novel": 0.006382577100651606, 
        "huge amount": 0.2200212979778745, 
        "present new": -0.17837160465656704, 
        "e g": 0.15086796026446006, 
        "sub sub": 0.22055538569127783, 
        "textur featur": -0.281697633621832, 
        "page articl": -0.25982589131281714, 
        "knowledg base": -0.2449187841932438, 
        "xploreasset imag": 0.0, 
        "color histogram": -0.38322775161918554, 
        "gaussian mixtur": -0.06636092660747185, 
        "bug report": -0.12869481910570593, 
        "paper discuss": -0.09335519486764482, 
        "semant gap": -0.24907093524089008, 
        "png border": 0.0, 
        "address issu": 0.2682670887474081, 
        "import role": -0.12244337070531544, 
        "hidden markov": -0.1306570580523056, 
        "propos approach": -0.23949235181503767, 
        "search result": 0.002506371456437193, 
        "result indic": -0.10297771144991187, 
        "improv perform": -0.049616402876855065, 
        "vector machin": -0.24627821096757088, 
        "wide web": -0.16311802204535056, 
        "bright temperatur": 0.2658223688532071, 
        "sensor network": 0.3478337029460043, 
        "solid src": 0.0, 
        "retriev perform": -0.24198963238945503, 
        "latent dirichlet": 0.02391598730631913, 
        "px solid": 0.0, 
        "signific improv": -0.026098343563743544, 
        "absimag png": 0.0, 
        "f measur": -0.1292892778811203, 
        "new approach": -0.12829114925359786, 
        "font size": -1.050298961909522, 
        "surfac temperatur": 0.18472777163348214, 
        "demonstr effect": -0.011128217713709025, 
        "commonli use": -0.15342853046681326, 
        "br br": -0.01608674102873501, 
        "visual featur": -0.17692000375905664, 
        "paper present": -0.04025064063749504, 
        "experiment result": -0.21272851380835817, 
        "font variant": 0.0, 
        "invert index": 0.14390453527318026, 
        "web servic": -0.10327118982514288, 
        "recal precis": -0.24579696852718666, 
        "imag absimag": 0.0, 
        "mobil phone": 0.14541487066589856, 
        "respons time": 0.26435691895369073, 
        "e learn": -0.05724418955514893, 
        "style font": -0.04616321820146507, 
        "inform extract": -0.24574232752588596, 
        "ad hoc": 0.1297422767815958, 
        "real time": 0.23998025933533218, 
        "color textur": -0.2665730634286602, 
        "small cap": 0.0, 
        "stack overflow": -0.0740194353275292, 
        "singular valu": 0.010030650535359599, 
        "time consum": -0.06576564176791354, 
        "machin svm": -0.13776961428217835, 
        "k mean": -0.16134887756320898, 
        "style width": 0.0, 
        "k nearest": 0.0034891511712169614, 
        "state art": -0.05418094522857996, 
        "high qualiti": 0.16496825597212963, 
        "wide use": 0.06438543584976947, 
        "high level": -0.057405495697811997, 
        "medic imag": 0.08177740909517146, 
        "paper propos": 0.029980022199310473, 
        "data mine": -7.161197479626938e-05, 
        "content base": -0.3266322414615062, 
        "question answer": -0.47716867725704726, 
        "larg number": 0.22464475747120455, 
        "artifici intellig": -0.09072335803531595, 
        "xml document": 0.035232838337795794, 
        "larg amount": 0.3244780878306296, 
        "base imag": -0.4736059972397806, 
        "web page": -0.31569938164817013, 
        "bag word": -0.16651175469315266, 
        "markov model": -0.07893315177445243, 
        "co occurr": -0.18666565953836883, 
        "width border": 0.0, 
        "wind speed": 0.14364422632276427, 
        "mobil agent": 0.09048232528021431, 
        "design implement": 0.07525450434512815, 
        "land surfac": 0.17117897327170334, 
        "precis recal": -0.4234530455402478, 
        "paper describ": -0.04163958309443853, 
        "result demonstr": 0.03899816353756992, 
        "semant similar": -0.2771651598286987, 
        "top k": 0.18990912133985863, 
        "decis make": 0.063514316328652, 
        "even though": 0.17633292631758685, 
        "domain ontolog": -0.22705397109964434, 
        "semi supervis": 0.04061798275396144, 
        "mobil devic": 0.1692667529065353, 
        "machin translat": -0.13928694140131123, 
        "genet algorithm": -0.1916614610273769, 
        "present novel": -0.1250377813185017, 
        "social media": -0.009130889804212545, 
        "vector space": -0.31889477827307144, 
        "data sourc": 0.24948480538295628, 
        "result show": -0.12352358920614635, 
        "inform need": -0.24678567212077487, 
        "text mine": -0.20705552393655488, 
        "retriev ir": -0.3623506606879715, 
        "propos method": -0.27026143680330955, 
        "take account": -0.06557548858767005, 
        "wavelet transform": -0.15555469246961817, 
        "imag retriev": -0.5392217462338692, 
        "associ rule": -0.016996683745347227, 
        "soil moistur": 0.00976781182963296, 
        "cbir system": -0.20218513391148119, 
        "user interfac": -0.10887293790794271, 
        "img ab": 0.0, 
        "ground truth": 0.1263288576504293, 
        "featur vector": -0.2047682344438117, 
        "high resolut": 0.10654363001298821, 
        "languag model": -0.10121430041577018, 
        "princip compon": 0.08537191049926932, 
        "allow user": 0.265714426520555, 
        "propos algorithm": -0.1273222531111448, 
        "fine grain": 0.5755802228261867, 
        "latent semant": -0.13040101689944952, 
        "recommend system": -0.2813041433697198, 
        "retriev cbir": -0.3563856502709673, 
        "end user": 0.14681917797952795, 
        "featur select": -0.20609147205707334, 
        "distanc measur": -0.052096313786547596, 
        "wide rang": 0.09808285134739869, 
        "e commerc": -0.087315213677294, 
        "water vapor": 0.31191829314589187, 
        "propos new": -0.050552912917281576, 
        "recent year": 0.014459536442311589, 
        "becom import": 0.10103590135871973, 
        "well known": -0.031532212189251646, 
        "data set": 0.07308739957045042, 
        "cloud comput": 1.0497460269211127, 
        "web site": -0.03247355717820465, 
        "machin learn": -0.24333361938605488, 
        "n gram": -0.17554299500133333, 
        "high dimension": -0.0653862598502396, 
        "support vector": -0.24969583020894248, 
        "search engin": -0.30316673472129385, 
        "time seri": 0.07202725358161483,