{
    "44": {
        "em first": 0.0, 
        "self organ": 0.053592179558477934, 
        "img class": 0.0, 
        "user interest": 0.2154551717296209, 
        "manag system": -0.006285257663275813, 
        "ab contain": 0.0, 
        "cross languag": -0.00786075721275132, 
        "social network": 0.030822849857595758, 
        "take advantag": 0.13665329201749793, 
        "first page": -0.9375736894448525, 
        "sup sup": -0.10647895678534346, 
        "low level": 0.21911311216990553, 
        "inform retriev": 0.11909545535771754, 
        "remot sens": -0.15242200783848167, 
        "digit librari": -0.09237635106075102, 
        "cultur heritag": -0.05859942152534904, 
        "space model": 0.43684027456529595, 
        "previou work": 0.11166436329737638, 
        "case studi": 0.0005119850654037627, 
        "extens experi": 0.13265093724187502, 
        "p p": 0.4484801287654124, 
        "relationship among": 0.26480577341429434, 
        "big data": 0.04881604033130132, 
        "cluster algorithm": 0.0684556231364241, 
        "variant small": -1.6456481790910997, 
        "experi show": 0.1142295445312763, 
        "spatio tempor": 0.11762965359263626, 
        "fault toler": -0.20188382405333552, 
        "class img": 0.0, 
        "radi transfer": 0.09280112287779721, 
        "real world": 0.11315259039040795, 
        "level featur": 0.21922298319380573, 
        "similar measur": 0.1503608043525741, 
        "user prefer": 0.09272427537660362, 
        "propos novel": 0.1488101540388997, 
        "huge amount": 0.05447895578477233, 
        "present new": 0.020811858509109552, 
        "e g": 0.09419992600965355, 
        "sub sub": -0.06655972385198569, 
        "textur featur": -0.2498122195389888, 
        "page articl": -0.9940745787353763, 
        "knowledg base": 0.16688294398259299, 
        "xploreasset imag": 0.0, 
        "color histogram": -0.19042275880274082, 
        "gaussian mixtur": 0.2573721971637463, 
        "bug report": 0.14650358920801937, 
        "paper discuss": -0.09950506941951044, 
        "semant gap": 0.28405904900506523, 
        "png border": 0.0, 
        "address issu": 0.08610457837475234, 
        "import role": 0.07097112738969272, 
        "hidden markov": 0.2905823362868389, 
        "propos approach": 0.12948288451365256, 
        "search result": 0.03368349554525841, 
        "result indic": 0.03583087109921527, 
        "improv perform": 0.12005564357517291, 
        "vector machin": 0.06127336476280449, 
        "wide web": 0.035761130811093673, 
        "bright temperatur": 0.014194103024969915, 
        "sensor network": -0.36707483079835274, 
        "solid src": 0.0, 
        "retriev perform": 0.155628315359506, 
        "latent dirichlet": 0.4553940151085544, 
        "px solid": 0.0, 
        "signific improv": 0.22252376678768648, 
        "absimag png": 0.0, 
        "f measur": 0.07594203164230777, 
        "new approach": 0.08138485693074037, 
        "font size": -1.3042197518920393, 
        "surfac temperatur": -0.03380357306634436, 
        "demonstr effect": 0.17976501500763709, 
        "commonli use": 0.14162755171984157, 
        "br br": 0.04988458264133336, 
        "visual featur": 0.18917921983140257, 
        "paper present": 0.020403986253103155, 
        "experiment result": 0.094370758226153, 
        "font variant": 0.0, 
        "invert index": 0.03562690566505363, 
        "web servic": -0.008142946780069322, 
        "recal precis": 0.18077633863990705, 
        "imag absimag": 0.0, 
        "mobil phone": -0.30574620899547417, 
        "respons time": -0.06051628877099309, 
        "e learn": 0.010665602794822732, 
        "style font": -0.3560653558672543, 
        "inform extract": 0.04381738857703315, 
        "ad hoc": 0.041428874161141147, 
        "real time": -0.12343878822859461, 
        "color textur": 0.057963359050804075, 
        "small cap": 0.0, 
        "stack overflow": 0.028659525602156892, 
        "singular valu": 0.17669943816297717, 
        "time consum": 0.0028432597223470683, 
        "machin svm": 0.1258594371812624, 
        "k mean": 0.05813586890117338, 
        "style width": 0.0, 
        "k nearest": 0.062982634588399, 
        "state art": 0.14566788260912542, 
        "high qualiti": 0.07552019000940983, 
        "wide use": 0.06976193763509422, 
        "high level": 0.20606283496849023, 
        "medic imag": -0.0845513788085074, 
        "paper propos": 0.10667513698797897, 
        "data mine": 0.026196279879900353, 
        "content base": 0.04753835106118549, 
        "question answer": 0.10096857203939594, 
        "larg number": -0.04056067616605129, 
        "artifici intellig": 0.06298547635656238, 
        "xml document": 0.15810428269371835, 
        "larg amount": 0.02600223272342544, 
        "base imag": -0.02959763013504821, 
        "web page": 0.024756790402071904, 
        "bag word": 0.2814627439299616, 
        "markov model": 0.32548514126174655, 
        "co occurr": 0.2316714177658329, 
        "width border": 0.0, 
        "wind speed": -0.03898234301016362, 
        "mobil agent": -0.1974153807218016, 
        "design implement": -0.04542354137208612, 
        "land surfac": -0.003489544159641332, 
        "precis recal": 0.15919372478274282, 
        "paper describ": -0.07327699045880262, 
        "result demonstr": 0.1036849992762088, 
        "semant similar": 0.32407271072011656, 
        "top k": 0.04214279655328215, 
        "decis make": -0.0759788730169439, 
        "even though": 0.06705397440458177, 
        "domain ontolog": 0.21740583047695095, 
        "semi supervis": 0.11006125950430501, 
        "mobil devic": -0.1971603955588713, 
        "machin translat": 0.04976988020522559, 
        "genet algorithm": -0.036741315910708026, 
        "present novel": 0.05906297591668906, 
        "social media": 0.007409546738842381, 
        "vector space": 0.43030149499869313, 
        "data sourc": -0.02820588688249897, 
        "result show": 0.059901755790156226, 
        "inform need": 0.08640458065460668, 
        "text mine": 0.1031466228275745, 
        "retriev ir": 0.21600318680412786, 
        "propos method": 0.058946062112180155, 
        "take account": 0.12686930146492448, 
        "wavelet transform": -0.27499698616804147, 
        "imag retriev": -0.036643878715285856, 
        "associ rule": 0.05608382805438215, 
        "soil moistur": 0.0386718791800441, 
        "cbir system": -0.04159812151384692, 
        "user interfac": -0.06698656516752118, 
        "img ab": 0.0, 
        "ground truth": -0.06806548301894812, 
        "featur vector": 0.07260778631041258, 
        "high resolut": -0.18450418874888436, 
        "languag model": 0.3993118093160463, 
        "princip compon": 0.1330713564876577, 
        "allow user": -0.038129865956461034, 
        "propos algorithm": -0.00672774687698649, 
        "fine grain": 0.06684331881396487, 
        "latent semant": 0.37843985912475503, 
        "recommend system": -0.006348642056855907, 
        "retriev cbir": -0.028703243502393568, 
        "end user": -0.024883286556571883, 
        "featur select": 0.05264146556488472, 
        "distanc measur": -0.04698467931863736, 
        "wide rang": 0.002975559465779918, 
        "e commerc": -0.07409591738280376, 
        "water vapor": -0.019144709977531777, 
        "propos new": 0.09779427029574893, 
        "recent year": 0.04185107395375271, 
        "becom import": 0.04090692058171038, 
        "well known": 0.09842619855099483, 
        "data set": 0.061349338014212725, 
        "cloud comput": -0.09430534375137377, 
        "web site": -0.05806619624668731, 
        "machin learn": 0.07560230828290204, 
        "n gram": 0.18045169826401336, 
        "high dimension": 0.046042337578015964, 
        "support vector": 0.06155298607951898, 
        "search engin": 0.01884642618749954, 
        "time seri": -0.06168748922684479,