{
    "45": {
        "em first": 0.0, 
        "self organ": -0.13269600883223573, 
        "img class": 4.478142782055488, 
        "user interest": -0.3827452714945968, 
        "manag system": -0.6234779966666878, 
        "ab contain": 4.478142782055488, 
        "cross languag": -0.2616809995178322, 
        "social network": -0.34208014251189756, 
        "take advantag": -0.5285858982234513, 
        "first page": 4.46441371263762, 
        "sup sup": 0.1291092749070836, 
        "low level": -0.49676269177697463, 
        "inform retriev": -1.3181322474132533, 
        "remot sens": -0.33290263294670763, 
        "digit librari": -0.452205033373165, 
        "cultur heritag": -0.1962933268098831, 
        "space model": -0.33098895976771964, 
        "previou work": -0.34987333746131194, 
        "case studi": -0.2996114849182827, 
        "extens experi": -0.18975565876691383, 
        "p p": 0.09159366577196171, 
        "relationship among": -0.050527182016630055, 
        "big data": -0.3762537668270617, 
        "cluster algorithm": -0.4706117165489457, 
        "variant small": 4.474651813907228, 
        "experi show": -0.6341362726021389, 
        "spatio tempor": -0.1980666845865582, 
        "fault toler": -0.11279581861427602, 
        "class img": 4.478142782055488, 
        "radi transfer": -0.03290013657544586, 
        "real world": -0.5840238707083631, 
        "level featur": -0.6527771271709829, 
        "similar measur": -0.6210395656852493, 
        "user prefer": -0.3917772227666549, 
        "propos novel": -0.857965859256428, 
        "huge amount": -0.23690980473284243, 
        "present new": -0.3552955056204373, 
        "e g": -0.37855766423034404, 
        "sub sub": 0.011557363283961302, 
        "textur featur": -0.17364591155726294, 
        "page articl": 4.4683239771600265, 
        "knowledg base": -0.5325149564604905, 
        "xploreasset imag": 4.478142782055488, 
        "color histogram": -0.2639316798561816, 
        "gaussian mixtur": -0.009997238877796006, 
        "bug report": -0.0829043669045581, 
        "paper discuss": -0.7743019692393472, 
        "semant gap": -0.2379048308997302, 
        "png border": 4.478142782055488, 
        "address issu": -0.47294783703017346, 
        "import role": -0.40305449859518194, 
        "hidden markov": -0.3157991176722506, 
        "propos approach": -0.5172694663536845, 
        "search result": -0.4360886556425928, 
        "result indic": -0.4841470773016735, 
        "improv perform": -0.4380026693930448, 
        "vector machin": -0.2013832180553092, 
        "wide web": -0.27277356189117713, 
        "bright temperatur": -0.020282217923221962, 
        "sensor network": -0.571045988483831, 
        "solid src": 0.0, 
        "retriev perform": -0.4963420114764421, 
        "latent dirichlet": -0.176273014569715, 
        "px solid": 0.0, 
        "signific improv": -0.14388972400900019, 
        "absimag png": 0.0, 
        "f measur": -0.1143865535886615, 
        "new approach": -0.4513556290922542, 
        "font size": 4.453288724660889, 
        "surfac temperatur": -0.19111347002766288, 
        "demonstr effect": -0.26671149208926465, 
        "commonli use": -0.3073764512991521, 
        "br br": 0.14073848861620888, 
        "visual featur": -0.15549322181022554, 
        "paper present": -1.6915888844747426, 
        "experiment result": -1.107667837109257, 
        "font variant": 4.478142782055488, 
        "invert index": -0.15358508132733314, 
        "web servic": -0.565340104848033, 
        "recal precis": -0.2843617220645723, 
        "imag absimag": 4.478142782055488, 
        "mobil phone": -0.06919914645498744, 
        "respons time": -0.19184154901595513, 
        "e learn": -0.3555562517494394, 
        "style font": 4.47517587927887, 
        "inform extract": -0.5920816624771351, 
        "ad hoc": -0.34657667409372067, 
        "real time": -0.8085183432269927, 
        "color textur": -0.26756622413040937, 
        "small cap": 4.478142782055488, 
        "stack overflow": -0.01971180681045838, 
        "singular valu": -0.0781012390862679, 
        "time consum": -0.35682523344920186, 
        "machin svm": -0.10709478787204926, 
        "k mean": -0.1932829080383247, 
        "style width": 4.478142782055488, 
        "k nearest": -0.10449610318862451, 
        "state art": -0.5963037304989542, 
        "high qualiti": -0.20252940109827208, 
        "wide use": -0.2695522793658544, 
        "high level": -0.3557396991512845, 
        "medic imag": -0.3410005797049175, 
        "paper propos": -1.2673855611862428, 
        "data mine": -0.6346711981985373, 
        "content base": -1.2051072211237246, 
        "question answer": -0.5057292767566997, 
        "larg number": -0.3599387074051149, 
        "artifici intellig": -0.20711098153131255, 
        "xml document": -0.4742303431881705, 
        "larg amount": -0.7037976193195461, 
        "base imag": -0.8852389061409179, 
        "web page": -0.5546554382158049, 
        "bag word": -0.2009839342348862, 
        "markov model": -0.34903836759887263, 
        "co occurr": -0.23813008269334998, 
        "width border": 0.0, 
        "wind speed": 0.18700974621796895, 
        "mobil agent": -0.24486610841774115, 
        "design implement": -0.6617875129690308, 
        "land surfac": -0.045598392821014605, 
        "precis recal": -0.44579138479173397, 
        "paper describ": -0.9033822136803711, 
        "result demonstr": -0.416494677263334, 
        "semant similar": -0.3201530054591453, 
        "top k": -0.066122510528634, 
        "decis make": -0.4715869017604742, 
        "even though": -0.13859326788612875, 
        "domain ontolog": -0.46761326400222347, 
        "semi supervis": 0.009575646817592941, 
        "mobil devic": -0.4851371675120142, 
        "machin translat": -0.4145276748282148, 
        "genet algorithm": -0.36077852370252833, 
        "present novel": -0.4406507408000197, 
        "social media": -0.35461686406690934, 
        "vector space": -0.3963227061117409, 
        "data sourc": -0.5225125761643391, 
        "result show": -1.144250021440136, 
        "inform need": -0.5036629335838421, 
        "text mine": -0.45861131132656924, 
        "retriev ir": -0.4068090494289092, 
        "propos method": -0.8980888508135807, 
        "take account": -0.2503178554319054, 
        "wavelet transform": -0.17958346554239518, 
        "imag retriev": -1.2513592341656163, 
        "associ rule": -0.12440197290695904, 
        "soil moistur": -0.24724741420231128, 
        "cbir system": -0.23215826463503933, 
        "user interfac": -0.4533441476328678, 
        "img ab": 4.478142782055488, 
        "ground truth": 0.022241659108530216, 
        "featur vector": -0.5580007664352937, 
        "high resolut": -0.04071524793306844, 
        "languag model": -0.3194204118618913, 
        "princip compon": -0.01555003231841439, 
        "allow user": -0.5980688923500765, 
        "propos algorithm": -0.5790967534004469, 
        "fine grain": -0.05760754398242951, 
        "latent semant": -0.33992377547828967, 
        "recommend system": -0.43959499209395886, 
        "retriev cbir": -0.4032281585563116, 
        "end user": -0.240003319277102, 
        "featur select": -0.08485575887172547, 
        "distanc measur": -0.2016428852984364, 
        "wide rang": -0.3333951213487821, 
        "e commerc": -0.32215676916263936, 
        "water vapor": 0.0334338946737644, 
        "propos new": -0.8161510801668675, 
        "recent year": -0.44528752564593166, 
        "becom import": -0.44816894660173967, 
        "well known": -0.26744957127999686, 
        "data set": -0.5222714709106364, 
        "cloud comput": -0.3093961244792092, 
        "web site": -0.5212667607633523, 
        "machin learn": -0.43829421108637995, 
        "n gram": -0.1263659242695931, 
        "high dimension": -0.3755146555271402,