{
    "46": {
        "em first": 0.0, 
        "self organ": -0.031227763557213923, 
        "img class": 0.0, 
        "user interest": 0.021137162171196353, 
        "manag system": -0.1759351641898402, 
        "ab contain": 0.0, 
        "cross languag": 0.09288211026287929, 
        "social network": 0.06640438694392936, 
        "take advantag": 0.03047486471591005, 
        "first page": -0.8080927706542217, 
        "sup sup": 0.02562268914691717, 
        "low level": 0.05270339643594623, 
        "inform retriev": 0.021568803436885196, 
        "remot sens": -0.01040211548433902, 
        "digit librari": -0.1146570149180072, 
        "cultur heritag": -0.06377733014375242, 
        "space model": 0.028858764526211715, 
        "previou work": 0.09089489613953443, 
        "case studi": -0.07524621950115644, 
        "extens experi": 0.18989469636557296, 
        "p p": 0.22438826475032542, 
        "relationship among": 0.009563978771388069, 
        "big data": 0.026965048759424817, 
        "cluster algorithm": 0.109114150927834, 
        "variant small": -0.671114853989945, 
        "experi show": 0.08071087761133618, 
        "spatio tempor": -0.05452886877815254, 
        "fault toler": -0.015011980827792443, 
        "class img": 0.0, 
        "radi transfer": 0.007002829646556779, 
        "real world": 0.11216479045020301, 
        "level featur": 0.06666691104378053, 
        "similar measur": 0.06253959248707217, 
        "user prefer": -0.051266914519081996, 
        "propos novel": 0.1360082390603445, 
        "huge amount": 0.02954202742810247, 
        "present new": 0.020894045417522725, 
        "e g": 0.0559322086785906, 
        "sub sub": -0.05303209316569456, 
        "textur featur": 0.026667765736266627, 
        "page articl": -0.9252227962559034, 
        "knowledg base": 0.02367541896899754, 
        "xploreasset imag": 0.0, 
        "color histogram": 0.0016166423700205348, 
        "gaussian mixtur": 0.1483071431930093, 
        "bug report": 0.13536286202487197, 
        "paper discuss": -0.10057683701221132, 
        "semant gap": 0.06092729295633742, 
        "png border": 0.0, 
        "address issu": 0.12683814481925884, 
        "import role": 0.06501926779682499, 
        "hidden markov": 0.13613288026579304, 
        "propos approach": 0.12624778059093544, 
        "search result": 0.0258201636000761, 
        "result indic": 0.05317367869092176, 
        "improv perform": 0.10617361180478417, 
        "vector machin": 0.16896862089518633, 
        "wide web": -0.06105078064012484, 
        "bright temperatur": -0.06291794895283874, 
        "sensor network": -0.22266623669534868, 
        "solid src": 0.0, 
        "retriev perform": 0.09298335751942176, 
        "latent dirichlet": 0.17864938932675933, 
        "px solid": 0.0, 
        "signific improv": 0.15137930895391633, 
        "absimag png": 0.0, 
        "f measur": 0.2132546472891279, 
        "new approach": 0.044131811549750086, 
        "font size": -0.9653202982486024, 
        "surfac temperatur": -0.08129299840045914, 
        "demonstr effect": 0.11038811260682899, 
        "commonli use": 0.06285326547294964, 
        "br br": -0.02909647849948079, 
        "visual featur": 0.1021198759534376, 
        "paper present": 0.010368789130457854, 
        "experiment result": 0.11818105591922518, 
        "font variant": 0.0, 
        "invert index": 0.023407625056539687, 
        "web servic": -0.17138438367300177, 
        "recal precis": 0.004261265630296739, 
        "imag absimag": 0.0, 
        "mobil phone": -0.06928348400716013, 
        "respons time": -0.07647297524812618, 
        "e learn": -0.1892068142998453, 
        "style font": -0.08854855159432301, 
        "inform extract": 0.107831946412209, 
        "ad hoc": -0.05580254610132741, 
        "real time": -0.024880724224972426, 
        "color textur": 0.04938675129958793, 
        "small cap": 0.0, 
        "stack overflow": 0.1277666811519116, 
        "singular valu": 0.0761866339597794, 
        "time consum": 0.10515691955981922, 
        "machin svm": 0.14800605189905103, 
        "k mean": 0.11469066264842837, 
        "style width": 0.0, 
        "k nearest": 0.10035373659834826, 
        "state art": 0.18289494319089267, 
        "high qualiti": 0.07109937531205435, 
        "wide use": 0.07647779608462542, 
        "high level": 0.042724850682992935, 
        "medic imag": -0.02751159563651405, 
        "paper propos": 0.0824457151086525, 
        "data mine": 0.06841675304612196, 
        "content base": 0.04505271794488336, 
        "question answer": 0.16872334812805398, 
        "larg number": 0.09152654513130842, 
        "artifici intellig": -0.012870848545650602, 
        "xml document": -0.07151793930285996, 
        "larg amount": 0.02605369859504942, 
        "base imag": 0.051420942396269737, 
        "web page": 0.03143397740137765, 
        "bag word": 0.15180337990328033, 
        "markov model": 0.11715343780715881, 
        "co occurr": 0.09846603340737378, 
        "width border": 0.0, 
        "wind speed": 0.03268496450042562, 
        "mobil agent": -0.14586675233184798, 
        "design implement": -0.11856240791680868, 
        "land surfac": -0.06654537879010305, 
        "precis recal": 0.09420263795679773, 
        "paper describ": -0.033544630988066704, 
        "result demonstr": 0.0732910971416536, 
        "semant similar": 0.05329514127778938, 
        "top k": 0.09266018974499292, 
        "decis make": -0.0322072846610718, 
        "even though": 0.05962422946111784, 
        "domain ontolog": -0.12283250574148943, 
        "semi supervis": 0.2556911080421778, 
        "mobil devic": -0.09972269326179092, 
        "machin translat": 0.015665690923821012, 
        "genet algorithm": 0.0465137836814794, 
        "present novel": 0.11122798675099806, 
        "social media": 0.06385753316259532, 
        "vector space": 0.0029352536073616207, 
        "data sourc": 0.023138638910188313, 
        "result show": 0.09896871209126656, 
        "inform need": -0.04533814264973051, 
        "text mine": 0.07686192199675199, 
        "retriev ir": 0.060721851920224966, 
        "propos method": 0.13979626966088837, 
        "take account": 0.07842501543359107, 
        "wavelet transform": 0.01806426186443353, 
        "imag retriev": 0.040697324332774884, 
        "associ rule": 0.10618186132892207, 
        "soil moistur": -0.16439842569646518, 
        "cbir system": 0.0592287804937676, 
        "user interfac": -0.17670841513470403, 
        "img ab": 0.0, 
        "ground truth": 0.16049063954230763, 
        "featur vector": 0.10485990050054636, 
        "high resolut": 0.07995641277786947, 
        "languag model": 0.09951934732272343, 
        "princip compon": 0.11054287894177926, 
        "allow user": -0.06862302550309499, 
        "propos algorithm": 0.14671270185916646, 
        "fine grain": 0.11626956310510224, 
        "latent semant": 0.05860342477313614, 
        "recommend system": 0.05243737274157066, 
        "retriev cbir": 0.0704210042714232, 
        "end user": -0.05942506119000138, 
        "featur select": 0.14953392010064842, 
        "distanc measur": 0.02038363128988368, 
        "wide rang": -0.017681642736814024, 
        "e commerc": -0.07749929384180977, 
        "water vapor": -0.026082914008139682, 
        "propos new": 0.06357142379401387, 
        "recent year": 0.07487435043814143, 
        "becom import": 0.0038190692965649263, 
        "well known": 0.08759553572893959, 
        "data set": 0.0786774228952232, 
        "cloud comput": -0.06787929081978003, 
        "web site": -0.05489206837234415, 
        "machin learn": 0.17024156571188118, 
        "n gram": 0.14223688259347594, 
        "high dimension": 0.057037549537422565, 
        "support vector": 0.17351880492662966, 
        "search engin": -0.031680412258598925, 
        "time seri": 0.035356597158595425,