{
    "47": {
        "em first": 0.0, 
        "self organ": -0.019055318982997907, 
        "img class": 0.0, 
        "user interest": 0.022547897718638743, 
        "manag system": 0.13900532375087576, 
        "ab contain": 0.0, 
        "cross languag": 0.042061899169833265, 
        "social network": 0.11890985485412407, 
        "take advantag": -0.020176365835104945, 
        "first page": -0.3287639101256927, 
        "sup sup": 0.02999665982189748, 
        "low level": -0.0720414249436184, 
        "inform retriev": 0.005076211634423612, 
        "remot sens": 0.04116012579544599, 
        "digit librari": 0.08649505416472406, 
        "cultur heritag": 0.05620140977192265, 
        "space model": -0.07809665900258808, 
        "previou work": -0.007633616185971478, 
        "case studi": 0.15175478962803293, 
        "extens experi": -0.015276886417478614, 
        "p p": 0.2951168562676347, 
        "relationship among": 0.03124355419730544, 
        "big data": 0.07094317626874867, 
        "cluster algorithm": -0.06082157450691615, 
        "variant small": -0.32892188148780194, 
        "experi show": -0.19975276954637225, 
        "spatio tempor": -0.01893999117413678, 
        "fault toler": -0.03517112951640007, 
        "class img": 0.0, 
        "radi transfer": 0.10395801983275224, 
        "real world": 0.033165360933050794, 
        "level featur": -0.029383190001050736, 
        "similar measur": -0.15989794020457185, 
        "user prefer": -0.05114128950055583, 
        "propos novel": -0.10497320725904924, 
        "huge amount": 0.04767084621760042, 
        "present new": -0.12193911866728302, 
        "e g": 0.08871055214129395, 
        "sub sub": 0.009720035064962152, 
        "textur featur": -0.18230400708246552, 
        "page articl": -0.23652506064450457, 
        "knowledg base": 0.09538680483913947, 
        "xploreasset imag": 0.0, 
        "color histogram": -0.1494638919659499, 
        "gaussian mixtur": 0.017387637566768994, 
        "bug report": 0.04797796316248779, 
        "paper discuss": 0.10156708327826618, 
        "semant gap": -0.0035802426546998403, 
        "png border": 0.0, 
        "address issu": 0.049377934076726734, 
        "import role": 0.0762279312966421, 
        "hidden markov": -0.012157848010756658, 
        "propos approach": -0.06255373674691696, 
        "search result": -0.11627512958651681, 
        "result indic": -0.05639384230663121, 
        "improv perform": -0.07383146194832964, 
        "vector machin": -0.04235445679320775, 
        "wide web": 0.06209133351856154, 
        "bright temperatur": 0.1452720931622033, 
        "sensor network": -0.0700192947474412, 
        "solid src": 0.0, 
        "retriev perform": -0.19628450750525145, 
        "latent dirichlet": 0.030508384342961072, 
        "px solid": 0.0, 
        "signific improv": -0.011519193429393778, 
        "absimag png": 0.0, 
        "f measur": 0.03940165654786004, 
        "new approach": -0.06493842988630094, 
        "font size": -0.4185922840448014, 
        "surfac temperatur": 0.06665442967037215, 
        "demonstr effect": -0.021904428031695282, 
        "commonli use": -0.007083780355100144, 
        "br br": 0.1777042290426071, 
        "visual featur": -0.0402842969366803, 
        "paper present": -0.029184576153010858, 
        "experiment result": -0.13908466886431717, 
        "font variant": 0.0, 
        "invert index": -0.043334690800258105, 
        "web servic": 0.055261375845870736, 
        "recal precis": -0.10731262715066237, 
        "imag absimag": 0.0, 
        "mobil phone": 0.1036956688449335, 
        "respons time": -0.02662862518966695, 
        "e learn": 0.5756451643040036, 
        "style font": -0.23108230871077204, 
        "inform extract": 0.007310071042874041, 
        "ad hoc": -0.05007450202274683, 
        "real time": -0.00825880135892839, 
        "color textur": -0.030343484989298855, 
        "small cap": 0.0, 
        "stack overflow": 0.12582044513430896, 
        "singular valu": -0.0969854720245907, 
        "time consum": 0.11201609411253277, 
        "machin svm": 0.0062807972219345864, 
        "k mean": -0.056680531648192395, 
        "style width": 0.0, 
        "k nearest": -0.04185940905760218, 
        "state art": -0.09460391897945464, 
        "high qualiti": 0.09609068126928944, 
        "wide use": -0.05267383472230792, 
        "high level": -0.058489853141052914, 
        "medic imag": 0.00039454339931394196, 
        "paper propos": -0.1147399512160824, 
        "data mine": 0.10418969393366814, 
        "content base": -0.13848043888796582, 
        "question answer": 0.12728834093516808, 
        "larg number": 0.015100361911495136, 
        "artifici intellig": 0.11627155202420274, 
        "xml document": -0.07000079740140742, 
        "larg amount": 0.018381688613475184, 
        "base imag": -0.18320192076312047, 
        "web page": -0.07211038760343721, 
        "bag word": 0.008249133901248377, 
        "markov model": -0.02812756116829404, 
        "co occurr": -0.04303827935771059, 
        "width border": 0.0, 
        "wind speed": 0.08007702958317582, 
        "mobil agent": 0.020561955655295845, 
        "design implement": 0.06885983286649858, 
        "land surfac": -0.042324342137056874, 
        "precis recal": -0.045510336168694, 
        "paper describ": 0.049855586544987264, 
        "result demonstr": -0.0812640179537091, 
        "semant similar": -0.05095372998842639, 
        "top k": -0.027645483778673915, 
        "decis make": 0.09729825788915024, 
        "even though": 0.03343856223336247, 
        "domain ontolog": 0.11431647983729562, 
        "semi supervis": 0.07396002187173527, 
        "mobil devic": 0.04862292806646966, 
        "machin translat": 0.06487890740451863, 
        "genet algorithm": 0.019932708125829663, 
        "present novel": -0.12127360436381612, 
        "social media": 0.15766074666564506, 
        "vector space": -0.1034586318412372, 
        "data sourc": -0.033108223077113544, 
        "result show": -0.08472220744139163, 
        "inform need": -0.009929316886437705, 
        "text mine": 0.10929665898145426, 
        "retriev ir": 0.028250158111201365, 
        "propos method": -0.21275395698153649, 
        "take account": -0.04049644599961872, 
        "wavelet transform": -0.1516118203413612, 
        "imag retriev": -0.20577646941038782, 
        "associ rule": 0.02373230453247504, 
        "soil moistur": 0.02153630343664913, 
        "cbir system": 0.022469518575231613, 
        "user interfac": 0.044897599927885216, 
        "img ab": 0.0, 
        "ground truth": 0.018679993920461387, 
        "featur vector": -0.10518895604525227, 
        "high resolut": 0.018435356465479724, 
        "languag model": -0.035888025284922465, 
        "princip compon": -0.004750213920460761, 
        "allow user": -0.031974185379984865, 
        "propos algorithm": -0.21656954007813345, 
        "fine grain": 0.027815921975603532, 
        "latent semant": -0.0030843018525884506, 
        "recommend system": 0.05794241832376164, 
        "retriev cbir": -0.04948500884789388, 
        "end user": 0.06836742606253765, 
        "featur select": -0.04720577171725885, 
        "distanc measur": -0.05698728931518369, 
        "wide rang": 0.026481910799564082, 
        "e commerc": 0.12067525993581348, 
        "water vapor": 0.06488785220794901, 
        "propos new": -0.1710451038256579, 
        "recent year": 0.007728908305575247, 
        "becom import": -0.02754848863485098, 
        "well known": -0.015645764871381168, 
        "data set": -0.005568705097196586, 
        "cloud comput": 0.018404068293959748, 
        "web site": 0.08824869605170245, 
        "machin learn": 0.15121157164857302, 
        "n gram": -0.05855529081181002, 
        "high dimension": -0.09112728869469236, 
        "support vector": -0.05518546342941559, 
        "search engin": -0.07621309816011003,