{
    "48": {
        "em first": 0.0, 
        "self organ": 0.023877774695282128, 
        "img class": 0.0, 
        "user interest": -0.13305758315930358, 
        "manag system": -0.12727169865164464, 
        "ab contain": 0.0, 
        "cross languag": -0.0296666597302526, 
        "social network": -0.07454159126504752, 
        "take advantag": 0.0005312632639256742, 
        "first page": -0.2751765202901874, 
        "sup sup": 0.2056894727486608, 
        "low level": 0.008427131161671991, 
        "inform retriev": -0.07447707264173466, 
        "remot sens": 0.22334074039695287, 
        "digit librari": -0.17818001657147775, 
        "cultur heritag": 0.04178533108994522, 
        "space model": -0.04060819847147387, 
        "previou work": -0.01422458234330227, 
        "case studi": -0.178344840471077, 
        "extens experi": 0.10019056530649974, 
        "p p": 0.10494127167774876, 
        "relationship among": 0.0078006427174130534, 
        "big data": -0.008313650872043617, 
        "cluster algorithm": -0.06444661478495818, 
        "variant small": -0.43171987628738107, 
        "experi show": -0.10439235669878803, 
        "spatio tempor": 0.11215100435891687, 
        "fault toler": 0.1577549893840491, 
        "class img": 0.0, 
        "radi transfer": 0.3961384749518721, 
        "real world": -0.05073890356475085, 
        "level featur": 0.05296170756069393, 
        "similar measur": -0.11582332131620998, 
        "user prefer": -0.10355565726422258, 
        "propos novel": -0.017435561522896614, 
        "huge amount": -0.037039945454160415, 
        "present new": -0.14292973517953494, 
        "e g": 0.0758822438864845, 
        "sub sub": 0.5001918184461608, 
        "textur featur": 0.10183798057461853, 
        "page articl": -0.34349302565096146, 
        "knowledg base": -0.25966336077916635, 
        "xploreasset imag": 0.0, 
        "color histogram": 0.08765391419519401, 
        "gaussian mixtur": 0.17700600007301348, 
        "bug report": -0.03719350834475101, 
        "paper discuss": -0.11755274239991247, 
        "semant gap": -0.03274891729367387, 
        "png border": 0.0, 
        "address issu": 0.0701298902413277, 
        "import role": -0.11435742767333701, 
        "hidden markov": 0.10454402396745059, 
        "propos approach": -0.05745253153968345, 
        "search result": -0.2176046758047766, 
        "result indic": 0.09835251827457753, 
        "improv perform": 0.004687205809299491, 
        "vector machin": 0.03794441521174316, 
        "wide web": -0.21107535612640413, 
        "bright temperatur": 0.36512867339333543, 
        "sensor network": 0.12539860400257022, 
        "solid src": 0.0, 
        "retriev perform": 0.007074617216915555, 
        "latent dirichlet": 0.0642236782364178, 
        "px solid": 0.0, 
        "signific improv": 0.09520820263502229, 
        "absimag png": 0.0, 
        "f measur": 0.10275032194541862, 
        "new approach": -0.04168123685966153, 
        "font size": -0.38135348310079215, 
        "surfac temperatur": 0.3464884002419992, 
        "demonstr effect": 0.004579365238754996, 
        "commonli use": -0.052272341286218826, 
        "br br": 0.07009454585978504, 
        "visual featur": -0.028608412502343465, 
        "paper present": -0.03844659112451006, 
        "experiment result": -0.007598641045313883, 
        "font variant": 0.0, 
        "invert index": 0.06873358514214169, 
        "web servic": -0.014046977098290161, 
        "recal precis": 0.003703573718791385, 
        "imag absimag": 0.0, 
        "mobil phone": 0.033510369709986415, 
        "respons time": 0.0639910184040853, 
        "e learn": 0.03949833578615619, 
        "style font": -0.09367182659458469, 
        "inform extract": -0.1465736056245554, 
        "ad hoc": -0.06223974232970102, 
        "real time": 0.010510041483905656, 
        "color textur": 0.0841309158508993, 
        "small cap": 0.0, 
        "stack overflow": -0.01890726722240304, 
        "singular valu": 0.10730916919663926, 
        "time consum": -0.07527625254937666, 
        "machin svm": 0.055086370214613656, 
        "k mean": -0.03042384438198608, 
        "style width": 0.0, 
        "k nearest": 0.09471164074255625, 
        "state art": 0.000119814364766544, 
        "high qualiti": -0.010758347886720556, 
        "wide use": 0.02464135229294682, 
        "high level": -0.030484405915018373, 
        "medic imag": -0.005960137689625889, 
        "paper propos": -0.020191670978910732, 
        "data mine": -0.0533730539960771, 
        "content base": 0.020955395990054405, 
        "question answer": -0.19168192503229184, 
        "larg number": 0.03606234713402988, 
        "artifici intellig": -0.01095303747162658, 
        "xml document": -0.017407403528447975, 
        "larg amount": -0.008737856093107756, 
        "base imag": -0.05291024081461317, 
        "web page": -0.23508453908795857, 
        "bag word": 0.024432408402015895, 
        "markov model": 0.09682585650606772, 
        "co occurr": -0.13260520188540362, 
        "width border": 0.0, 
        "wind speed": 0.28665978563081235, 
        "mobil agent": 0.1002633525638595, 
        "design implement": -0.036162491757644306, 
        "land surfac": 0.35757053367847086, 
        "precis recal": -0.07028373949212449, 
        "paper describ": -0.08026863080687718, 
        "result demonstr": 0.09219710485250218, 
        "semant similar": -0.06222343051284274, 
        "top k": 0.20065430015293936, 
        "decis make": -0.17090469193326777, 
        "even though": -0.07577363651251762, 
        "domain ontolog": -0.155471265845924, 
        "semi supervis": 0.10546433749298434, 
        "mobil devic": -0.16885143907896782, 
        "machin translat": -0.06006218178133958, 
        "genet algorithm": 0.029216377761004532, 
        "present novel": -0.005064493794386283, 
        "social media": -0.10873545732717664, 
        "vector space": -0.08050219982391507, 
        "data sourc": 0.011549066274855566, 
        "result show": 0.019962206461225304, 
        "inform need": -0.15408979467140888, 
        "text mine": -0.12014365076571049, 
        "retriev ir": -0.0889449249067463, 
        "propos method": 0.02049902846113806, 
        "take account": 0.0324621287346984, 
        "wavelet transform": 0.14227707462895747, 
        "imag retriev": -0.05823786019174925, 
        "associ rule": -0.10344748793164432, 
        "soil moistur": 0.2511657513738736, 
        "cbir system": 0.0002768378297649519, 
        "user interfac": -0.20831624756424796, 
        "img ab": 0.0, 
        "ground truth": 0.05243343141714551, 
        "featur vector": 0.1459330798246471, 
        "high resolut": 0.19084126048308683, 
        "languag model": 0.030945480584014945, 
        "princip compon": 0.15542575075194487, 
        "allow user": -0.06815835403079507, 
        "propos algorithm": 0.010779091152757336, 
        "fine grain": 0.009202356918397362, 
        "latent semant": -0.07072115421259179, 
        "recommend system": -0.029536102258596424, 
        "retriev cbir": -0.007270825132565735, 
        "end user": 0.0386356328428952, 
        "featur select": -0.018107116159650175, 
        "distanc measur": 0.05638157901491882, 
        "wide rang": 0.11650150167330277, 
        "e commerc": -0.09118332580329608, 
        "water vapor": 0.302558991282548, 
        "propos new": -0.030699331234607462, 
        "recent year": -0.03569950014705878, 
        "becom import": -0.014086971199368515, 
        "well known": 0.03679976206350842, 
        "data set": 0.07345664653889758, 
        "cloud comput": 0.024283398290404167, 
        "web site": -0.18109328442735867, 
        "machin learn": -0.09778326908895695, 
        "n gram": 0.09887557414562839, 
        "high dimension": 0.09412086445788667, 
        "support vector": 0.030748627297881546, 
        "search engin": -0.26438714837067134,