{
    "49": {
        "em first": 0.0, 
        "self organ": -0.1259485890293231, 
        "img class": 0.0340729898255332, 
        "user interest": -0.37723062181705186, 
        "manag system": -0.3788165933883712, 
        "ab contain": 0.0340729898255332, 
        "cross languag": 0.06079371573997642, 
        "social network": -0.1037546317833479, 
        "take advantag": -0.07853547686660894, 
        "first page": -0.1664923624274168, 
        "sup sup": 0.7675869713482867, 
        "low level": -0.10220578659817865, 
        "inform retriev": -0.06303254107033508, 
        "remot sens": 0.27314454060710164, 
        "digit librari": -0.3826850356630579, 
        "cultur heritag": 0.0104520569235213, 
        "space model": -0.13025961214824458, 
        "previou work": 0.014031975006690888, 
        "case studi": -0.1977126227163732, 
        "extens experi": 0.1948486159323762, 
        "p p": 0.039808702502673876, 
        "relationship among": -0.030713171766841706, 
        "big data": 0.07357686655539139, 
        "cluster algorithm": -0.18078710641029114, 
        "variant small": -0.1397685138753865, 
        "experi show": -0.07934578330092038, 
        "spatio tempor": -0.0983613675379406, 
        "fault toler": 0.239802434071851, 
        "class img": 0.0340729898255332, 
        "radi transfer": 0.6280577264745703, 
        "real world": -0.005340657369263549, 
        "level featur": -0.13199691250611692, 
        "similar measur": -0.041315777086568424, 
        "user prefer": -0.26185976007684547, 
        "propos novel": 0.026924162028138153, 
        "huge amount": -0.1654060402139025, 
        "present new": 0.06168259134092296, 
        "e g": 0.1807621170011516, 
        "sub sub": 0.7385411764955779, 
        "textur featur": 0.014001978953304826, 
        "page articl": -0.09813194557193358, 
        "knowledg base": -0.1532257191555909, 
        "xploreasset imag": 0.0340729898255332, 
        "color histogram": -0.08684616223520485, 
        "gaussian mixtur": 0.016870664276484454, 
        "bug report": 0.03696022875130167, 
        "paper discuss": -0.23919378035945527, 
        "semant gap": 0.10289180279487768, 
        "png border": 0.0340729898255332, 
        "address issu": 0.0014399557377827686, 
        "import role": -0.15061754357423637, 
        "hidden markov": 0.07980489611814733, 
        "propos approach": -0.05620667464450303, 
        "search result": -0.2285234113740573, 
        "result indic": 0.11376218572808695, 
        "improv perform": 0.0390885356859122, 
        "vector machin": 0.05193819916467187, 
        "wide web": -0.22195737201967541, 
        "bright temperatur": 0.46800005507264525, 
        "sensor network": 0.17963958524518595, 
        "solid src": 0.0, 
        "retriev perform": 0.11470549724669771, 
        "latent dirichlet": 0.0814483795336501, 
        "px solid": 0.0, 
        "signific improv": 0.15383794705108758, 
        "absimag png": 0.0, 
        "f measur": 0.14966462283208054, 
        "new approach": 0.07614749002510718, 
        "font size": -0.6436811921102993, 
        "surfac temperatur": 0.6300029053767119, 
        "demonstr effect": 0.08136833127232397, 
        "commonli use": 0.02944240413478799, 
        "br br": 0.19916619556576395, 
        "visual featur": -0.028232537256781126, 
        "paper present": -0.04058191710364455, 
        "experiment result": -0.018108590797302, 
        "font variant": 0.0340729898255332, 
        "invert index": 0.2925382194946961, 
        "web servic": -0.2841220507461738, 
        "recal precis": -0.16070468699075044, 
        "imag absimag": 0.0340729898255332, 
        "mobil phone": 0.006673553032401929, 
        "respons time": 0.013760627898891549, 
        "e learn": -0.050954867549148304, 
        "style font": -0.7761551449908727, 
        "inform extract": -0.1716542085814476, 
        "ad hoc": -0.08096594881981027, 
        "real time": -0.011684710228836612, 
        "color textur": -0.17443113543354344, 
        "small cap": 0.0340729898255332, 
        "stack overflow": 0.10034692859320221, 
        "singular valu": 0.22159176565216046, 
        "time consum": -0.11824101744352951, 
        "machin svm": 0.13084983434353198, 
        "k mean": -0.15093122295384376, 
        "style width": 0.0340729898255332, 
        "k nearest": 0.08010694185355509, 
        "state art": 0.12806780589459932, 
        "high qualiti": -0.01758889618086111, 
        "wide use": -0.04184035214197006, 
        "high level": -0.03776707526519205, 
        "medic imag": -0.15692966431402391, 
        "paper propos": -0.01798460366107704, 
        "data mine": -0.03666055611986711, 
        "content base": -0.15650645570336957, 
        "question answer": -0.1386548540250147, 
        "larg number": 0.10079664501430965, 
        "artifici intellig": -0.14618063479488222, 
        "xml document": -0.07399415573540526, 
        "larg amount": -0.17617001157663909, 
        "base imag": -0.15101787244648213, 
        "web page": -0.30623415814461635, 
        "bag word": 0.046888922718718244, 
        "markov model": 0.015532283115156267, 
        "co occurr": 0.007544211006778953, 
        "width border": 0.0, 
        "wind speed": 0.5267067776424396, 
        "mobil agent": -0.17023044750687844, 
        "design implement": -0.08165618392799714, 
        "land surfac": 0.6381936069546754, 
        "precis recal": -0.06335288280135078, 
        "paper describ": -0.13808314842075983, 
        "result demonstr": 0.1747848241857234, 
        "semant similar": -0.1609280490206662, 
        "top k": 0.28323759085455846, 
        "decis make": -0.1850316049824941, 
        "even though": 0.013653303458597374, 
        "domain ontolog": -0.30836558320612856, 
        "semi supervis": -0.07383296021075132, 
        "mobil devic": -0.15255580043613082, 
        "machin translat": 0.033911567782566765, 
        "genet algorithm": -0.002652148852158104, 
        "present novel": -0.020798677458119447, 
        "social media": 0.014896951626747233, 
        "vector space": -0.12140417482315008, 
        "data sourc": -0.048188736231826464, 
        "result show": 0.05354478876258469, 
        "inform need": -0.2716225105525738, 
        "text mine": -0.16558581626894803, 
        "retriev ir": -0.1418677581951778, 
        "propos method": -0.06107318842650285, 
        "take account": -0.047827419250024046, 
        "wavelet transform": 0.024488906864422046, 
        "imag retriev": -0.10782878360263413, 
        "associ rule": 0.10305911122925535, 
        "soil moistur": 0.4726266228465277, 
        "cbir system": -0.053123758968415535, 
        "user interfac": -0.13952657338454383, 
        "img ab": 0.0340729898255332, 
        "ground truth": 0.33991565379055916, 
        "featur vector": 0.09366812022604332, 
        "high resolut": 0.3949444434946906, 
        "languag model": 0.028729799018811987, 
        "princip compon": 0.32947317481362265, 
        "allow user": -0.05701034789518919, 
        "propos algorithm": 0.05415596549964991, 
        "fine grain": 0.14602015697234003, 
        "latent semant": -0.0753642285840866, 
        "recommend system": -0.15240676495804667, 
        "retriev cbir": -0.12276487399866173, 
        "end user": -0.1601849616965797, 
        "featur select": -0.006940882005114701, 
        "distanc measur": 0.08661809333696406, 
        "wide rang": 0.14588338825458003, 
        "e commerc": -0.10062529222806293, 
        "water vapor": 0.6835863546254541, 
        "propos new": 0.022345716129197068, 
        "recent year": -0.09043573361410524, 
        "becom import": -0.1707738951290045, 
        "well known": 0.10142828693278332, 
        "data set": 0.16212660005543758, 
        "cloud comput": -0.17849879129395665, 
        "web site": -0.13224585004972264, 
        "machin learn": -0.04196534111970043, 
        "n gram": 0.35543702735401334,