{
    "4": {
        "em first": 0.0, 
        "self organ": -0.05179494215372066, 
        "img class": 0.0, 
        "user interest": 0.05751761162196746, 
        "manag system": 0.13989484619275344, 
        "ab contain": 0.0, 
        "cross languag": -0.19617930734287461, 
        "social network": 0.1191078306403327, 
        "take advantag": 0.041293737162203796, 
        "first page": -0.789868413044575, 
        "sup sup": 0.009658804146882817, 
        "low level": -0.19409611198140433, 
        "inform retriev": 0.029116423891563353, 
        "remot sens": -0.15375751943555513, 
        "digit librari": -0.04868307495817383, 
        "cultur heritag": 0.09301524714749498, 
        "space model": -0.19189301600979625, 
        "previou work": -0.002347134074378817, 
        "case studi": 0.001521629696670033, 
        "extens experi": -0.019523458896504073, 
        "p p": 0.25033715501817183, 
        "relationship among": -0.07799181163801171, 
        "big data": 0.130830346449583, 
        "cluster algorithm": -0.11873415633547278, 
        "variant small": -0.5466696714259097, 
        "experi show": -0.10803625691942766, 
        "spatio tempor": 0.05434716486772171, 
        "fault toler": 0.2660152995669665, 
        "class img": 0.0, 
        "radi transfer": -0.14403909125037234, 
        "real world": 0.08310152306184498, 
        "level featur": -0.13874692745479333, 
        "similar measur": -0.2557075349502522, 
        "user prefer": 0.10711689467120607, 
        "propos novel": 0.0037657623314523696, 
        "huge amount": 0.08079508054668731, 
        "present new": -0.07782432546046195, 
        "e g": 0.12046830936421578, 
        "sub sub": -0.06732706936786849, 
        "textur featur": -0.24523972235170333, 
        "page articl": -0.42489311303667593, 
        "knowledg base": -0.014324400498546408, 
        "xploreasset imag": 0.0, 
        "color histogram": -0.2951790870912908, 
        "gaussian mixtur": -0.19079802745515279, 
        "bug report": -0.07094025531976027, 
        "paper discuss": 0.027705944520416748, 
        "semant gap": -0.10141340564392543, 
        "png border": 0.0, 
        "address issu": 0.13353056868034768, 
        "import role": -0.043986330840872674, 
        "hidden markov": -0.20140524855295697, 
        "propos approach": -0.08647772612909342, 
        "search result": -0.05875054249649965, 
        "result indic": -0.0780108748467726, 
        "improv perform": -0.08901133761712315, 
        "vector machin": -0.15114982098264462, 
        "wide web": 0.023205512912958227, 
        "bright temperatur": -0.19968898315371375, 
        "sensor network": 0.19420062311141884, 
        "solid src": 0.0, 
        "retriev perform": -0.21031638284303655, 
        "latent dirichlet": -0.0735815389262564, 
        "px solid": 0.0, 
        "signific improv": -0.08450284371743627, 
        "absimag png": 0.0, 
        "f measur": -0.10351184527150889, 
        "new approach": -0.09371458245073833, 
        "font size": -0.5966398112752618, 
        "surfac temperatur": -0.2186124085202821, 
        "demonstr effect": -0.017802314404541674, 
        "commonli use": -0.04153071604371142, 
        "br br": 0.04292289631496019, 
        "visual featur": -0.14139998814752391, 
        "paper present": 0.02782873569625818, 
        "experiment result": -0.0965811278291242, 
        "font variant": 0.0, 
        "invert index": 0.008833414864462976, 
        "web servic": 0.14457289772185877, 
        "recal precis": -0.13386287578210196, 
        "imag absimag": 0.0, 
        "mobil phone": 0.347619978677057, 
        "respons time": 0.23396040596962545, 
        "e learn": 0.0342363942490869, 
        "style font": -0.4113673886386473, 
        "inform extract": -0.0610864854421361, 
        "ad hoc": 0.21630438077575456, 
        "real time": 0.20351937258812514, 
        "color textur": -0.1869878208168161, 
        "small cap": 0.0, 
        "stack overflow": -0.018810489747959912, 
        "singular valu": -0.09381594839716417, 
        "time consum": -0.04644106116091064, 
        "machin svm": -0.12220399149975347, 
        "k mean": -0.2191369377317733, 
        "style width": 0.0, 
        "k nearest": -0.06525134968937496, 
        "state art": -0.023421221617830675, 
        "high qualiti": 0.07199647167942368, 
        "wide use": 0.046284712005469665, 
        "high level": -0.08373608283695508, 
        "medic imag": -0.04557318483244172, 
        "paper propos": 0.02454854840182815, 
        "data mine": -0.0013735433908411132, 
        "content base": -0.11331232054257041, 
        "question answer": -0.09265067819198394, 
        "larg number": 0.11547288325222216, 
        "artifici intellig": -0.010041511135897683, 
        "xml document": -0.12161249039377874, 
        "larg amount": 0.06502926019765913, 
        "base imag": -0.16084986343332328, 
        "web page": -0.060889081335115475, 
        "bag word": -0.1571699320610928, 
        "markov model": -0.13947872419427895, 
        "co occurr": -0.12605259459133117, 
        "width border": 0.0, 
        "wind speed": -0.17375380426913278, 
        "mobil agent": 0.2996102234881281, 
        "design implement": 0.15248572090972254, 
        "land surfac": -0.185082045700446, 
        "precis recal": -0.24531482049940193, 
        "paper describ": 0.06409346280272925, 
        "result demonstr": -0.039570578511124964, 
        "semant similar": -0.1620029368221398, 
        "top k": 0.023844716665390134, 
        "decis make": 0.015880808353832494, 
        "even though": 0.05566340428677337, 
        "domain ontolog": -0.10601724845496323, 
        "semi supervis": -0.10492809828278962, 
        "mobil devic": 0.3609452690047633, 
        "machin translat": -0.15765629528770037, 
        "genet algorithm": -0.10641305221002097, 
        "present novel": -0.060655791345200216, 
        "social media": 0.05873253413201466, 
        "vector space": -0.21669620844913853, 
        "data sourc": 0.1291094664407482, 
        "result show": -0.054835103738265153, 
        "inform need": 0.0024664583910407956, 
        "text mine": -0.14470209200446518, 
        "retriev ir": -0.11193836139730347, 
        "propos method": -0.11872542000269541, 
        "take account": 0.005117324684751585, 
        "wavelet transform": -0.26067663469671554, 
        "imag retriev": -0.1871412495880493, 
        "associ rule": -0.08395093776034313, 
        "soil moistur": -0.29855360164576616, 
        "cbir system": -0.11248263683635307, 
        "user interfac": 0.1532847803012083, 
        "img ab": 0.0, 
        "ground truth": -0.11439512746428962, 
        "featur vector": -0.2800601857379866, 
        "high resolut": -0.156477990016554, 
        "languag model": -0.2138525087059348, 
        "princip compon": -0.1945595120596956, 
        "allow user": 0.17983285632465387, 
        "propos algorithm": -0.06868247383038031, 
        "fine grain": 0.19995465390100148, 
        "latent semant": -0.12524452587481885, 
        "recommend system": 0.08136711719933622, 
        "retriev cbir": -0.13565689220714908, 
        "end user": 0.1940610844577136, 
        "featur select": -0.23224423321019433, 
        "distanc measur": -0.22284442342685182, 
        "wide rang": 0.09641949989950947, 
        "e commerc": 0.08036078111776014, 
        "water vapor": -0.08431009355612437, 
        "propos new": -0.0679090069580163, 
        "recent year": 0.049455439094438614, 
        "becom import": 0.054131237547759836, 
        "well known": -0.0023991330347119186, 
        "data set": -0.048705314270665684, 
        "cloud comput": 0.3136581611110031, 
        "web site": 0.05257493073085593, 
        "machin learn": -0.18479376219208807, 
        "n gram": -0.17701638091815022, 
        "high dimension": -0.15070759949662532, 
        "support vector": -0.1882769209421895, 
        "search engin": -0.03584164093587625,