{
    "50": {
        "em first": 0.0, 
        "self organ": -0.03764902581179949, 
        "img class": 0.0, 
        "user interest": 0.24838669072188285, 
        "manag system": 0.11740659470173927, 
        "ab contain": 0.0, 
        "cross languag": 0.026569878405100757, 
        "social network": 0.3204648183368932, 
        "take advantag": 0.07539775938681384, 
        "first page": -1.083774556330996, 
        "sup sup": -0.12636120747204468, 
        "low level": -0.1305898623257188, 
        "inform retriev": 0.12141507015412646, 
        "remot sens": -0.20337353864784366, 
        "digit librari": 0.10866433536112173, 
        "cultur heritag": 0.1746955567900747, 
        "space model": -0.028826643967848786, 
        "previou work": -0.05412821747812944, 
        "case studi": 0.07375546568986362, 
        "extens experi": -0.0782206005531725, 
        "p p": 0.3437388443701719, 
        "relationship among": -0.0048832024878615495, 
        "big data": 0.17745300176658813, 
        "cluster algorithm": -0.10007970090130663, 
        "variant small": -0.9325236053887935, 
        "experi show": -0.07839836554930822, 
        "spatio tempor": -0.09279528501069341, 
        "fault toler": 0.02891919183229135, 
        "class img": 0.0, 
        "radi transfer": -0.25107924649112173, 
        "real world": 0.11737615884940665, 
        "level featur": -0.24478374378889833, 
        "similar measur": -0.15909456606329925, 
        "user prefer": 0.18817384715844934, 
        "propos novel": -0.021188187720790095, 
        "huge amount": 0.1850137069416804, 
        "present new": -0.12177544201151441, 
        "e g": 0.10066839345215293, 
        "sub sub": -0.08423143534912174, 
        "textur featur": -0.2855129406203875, 
        "page articl": -0.9867620506263657, 
        "knowledg base": 0.1438545598445358, 
        "xploreasset imag": 0.0, 
        "color histogram": -0.17631557102787243, 
        "gaussian mixtur": -0.21937473916508116, 
        "bug report": 0.06868809925546965, 
        "paper discuss": 0.06112035484003225, 
        "semant gap": -0.10421809711882718, 
        "png border": 0.0, 
        "address issu": 0.04979061768513445, 
        "import role": 0.07784704679089192, 
        "hidden markov": -0.19248473283545459, 
        "propos approach": 0.007472439994695111, 
        "search result": 0.1139825788912344, 
        "result indic": -0.06904406700311229, 
        "improv perform": -0.09166711902248544, 
        "vector machin": -0.08479131948715012, 
        "wide web": 0.25058670789725035, 
        "bright temperatur": -0.2400016868591218, 
        "sensor network": -0.10601250114411855, 
        "solid src": 0.0, 
        "retriev perform": -0.19700936383261913, 
        "latent dirichlet": -0.008859944153764501, 
        "px solid": 0.0, 
        "signific improv": -0.07696342955275332, 
        "absimag png": 0.0, 
        "f measur": 0.01806773675499862, 
        "new approach": -0.03741148755263467, 
        "font size": -0.8124025494441144, 
        "surfac temperatur": -0.2837993836668733, 
        "demonstr effect": -0.0019686510444524023, 
        "commonli use": -0.07078441105714608, 
        "br br": 0.14052361689569146, 
        "visual featur": -0.12421043992535942, 
        "paper present": 0.007054992664953031, 
        "experiment result": -0.0835815271499238, 
        "font variant": 0.0, 
        "invert index": 0.027270565268531603, 
        "web servic": 0.1604145229417954, 
        "recal precis": 0.02990785235315685, 
        "imag absimag": 0.0, 
        "mobil phone": 0.20994456333577613, 
        "respons time": 0.03225050870166669, 
        "e learn": 0.2004385361033052, 
        "style font": -0.7331936573633933, 
        "inform extract": 0.10865642344167908, 
        "ad hoc": 0.008215661461470826, 
        "real time": 0.09389714609460229, 
        "color textur": -0.18649049049508737, 
        "small cap": 0.0, 
        "stack overflow": 0.06822691774570142, 
        "singular valu": -0.18877051997191527, 
        "time consum": 0.0380442117514795, 
        "machin svm": -0.10687967820193787, 
        "k mean": -0.13637993324093414, 
        "style width": 0.0, 
        "k nearest": -0.21646326473653404, 
        "state art": -0.018982992178714842, 
        "high qualiti": 0.08222115655760616, 
        "wide use": 0.021958588970563703, 
        "high level": -0.04956460229486482, 
        "medic imag": -0.10782416636185459, 
        "paper propos": 0.026684330182647854, 
        "data mine": 0.03206982220521484, 
        "content base": -0.1085683026792648, 
        "question answer": 0.07621814886918278, 
        "larg number": 0.0660052262242585, 
        "artifici intellig": 0.11723040990811165, 
        "xml document": -0.033531342311607204, 
        "larg amount": 0.09184054251003873, 
        "base imag": -0.24186213773482, 
        "web page": 0.137844749289307, 
        "bag word": -0.12875939245738688, 
        "markov model": -0.14718377543314454, 
        "co occurr": -0.0887509737387012, 
        "width border": 0.0, 
        "wind speed": -0.2682182015593145, 
        "mobil agent": 0.06426017990923916, 
        "design implement": 0.1276988047095828, 
        "land surfac": -0.23346898648575812, 
        "precis recal": 0.015402345343147144, 
        "paper describ": 0.05745630202016977, 
        "result demonstr": -0.06765037865133933, 
        "semant similar": -0.04541719910113299, 
        "top k": -0.07280210729351444, 
        "decis make": 0.16085528112208594, 
        "even though": 0.06768990084927627, 
        "domain ontolog": 0.09437999114343706, 
        "semi supervis": -0.1106824788604418, 
        "mobil devic": 0.21908107684142195, 
        "machin translat": -0.021300015020034174, 
        "genet algorithm": -0.09977358605880418, 
        "present novel": -0.0808454481266389, 
        "social media": 0.29532084712558415, 
        "vector space": -0.06473687278828617, 
        "data sourc": 0.13328419630782756, 
        "result show": -0.06052829356510532, 
        "inform need": 0.2084165028261039, 
        "text mine": 0.027582544622088936, 
        "retriev ir": 0.08653800449973145, 
        "propos method": -0.08803771623591179, 
        "take account": 0.041556304468418466, 
        "wavelet transform": -0.2517487888261632, 
        "imag retriev": -0.2700247568291418, 
        "associ rule": 0.012942974357006608, 
        "soil moistur": -0.2858596426325891, 
        "cbir system": -0.13409219514608622, 
        "user interfac": 0.1542004748991909, 
        "img ab": 0.0, 
        "ground truth": -0.17395740664843948, 
        "featur vector": -0.34980186662750307, 
        "high resolut": -0.24467673645818747, 
        "languag model": -0.12025247639597342, 
        "princip compon": -0.15001919222331592, 
        "allow user": 0.20653451879508478, 
        "propos algorithm": -0.11804911225206803, 
        "fine grain": 0.13373228836495957, 
        "latent semant": -0.13371763427727046, 
        "recommend system": 0.2887593495493449, 
        "retriev cbir": -0.24942397766154245, 
        "end user": 0.18812838556592357, 
        "featur select": -0.2140932308739637, 
        "distanc measur": -0.2587393701915191, 
        "wide rang": 0.09714659803441741, 
        "e commerc": 0.25498989298162034, 
        "water vapor": -0.19314502123659863, 
        "propos new": -0.05975693228044053, 
        "recent year": 0.11566046082739732, 
        "becom import": 0.13880614837664687, 
        "well known": -0.05338400522321243, 
        "data set": -0.05876224576289997, 
        "cloud comput": 0.16965637002849665, 
        "web site": 0.21898058263766468, 
        "machin learn": 0.05714476122285038, 
        "n gram": -0.14940680579072682, 
        "high dimension": -0.29780745534866354, 
        "support vector": -0.0892560422060611, 
        "search engin": 0.14081680886560172, 
        "time seri": -0.2737464212713902,