{
    "51": {
        "em first": 0.0, 
        "self organ": 0.011797536540612965, 
        "img class": 0.0, 
        "user interest": 0.04976291442964807, 
        "manag system": -0.1256356121596136, 
        "ab contain": 0.0, 
        "cross languag": 0.1802745906844882, 
        "social network": -0.09840885823412453, 
        "take advantag": 0.10557322398632424, 
        "first page": -1.007130381139592, 
        "sup sup": -0.24768601554972305, 
        "low level": 0.14082781780588913, 
        "inform retriev": 0.14024490327768788, 
        "remot sens": -0.40156372421960423, 
        "digit librari": -0.057874747826134894, 
        "cultur heritag": -0.07896134944230053, 
        "space model": 0.274891995191909, 
        "previou work": 0.07815089310989057, 
        "case studi": -0.05175009424159102, 
        "extens experi": 0.04168564993682242, 
        "p p": 0.3165109990895916, 
        "relationship among": 0.179484069266932, 
        "big data": 0.05013882865391966, 
        "cluster algorithm": 0.11432405507093629, 
        "variant small": -0.8234908563083259, 
        "experi show": 0.11020459245637396, 
        "spatio tempor": -0.007895739894857394, 
        "fault toler": -0.3771059284366615, 
        "class img": 0.0, 
        "radi transfer": -0.10960198221405601, 
        "real world": 0.033851540270740686, 
        "level featur": 0.1296415526646102, 
        "similar measur": 0.17862808419602028, 
        "user prefer": 0.03691413288525061, 
        "propos novel": 0.09412222981983157, 
        "huge amount": 0.044159024354614114, 
        "present new": 0.0789915560354038, 
        "e g": 0.058636988385578, 
        "sub sub": -0.29886945995177966, 
        "textur featur": -0.2227451952524964, 
        "page articl": -1.2867854489389468, 
        "knowledg base": 0.20103577455803015, 
        "xploreasset imag": 0.0, 
        "color histogram": -0.2333447237262337, 
        "gaussian mixtur": -0.06069203108500811, 
        "bug report": 0.05615798299520551, 
        "paper discuss": -0.04342995386119963, 
        "semant gap": 0.13750161473008077, 
        "png border": 0.0, 
        "address issu": -0.005896018645057153, 
        "import role": 0.170871309783978, 
        "hidden markov": 0.08468124313363544, 
        "propos approach": 0.18584623657263502, 
        "search result": 0.13530406248022675, 
        "result indic": 0.05764984385345648, 
        "improv perform": 0.08774749806066025, 
        "vector machin": 0.1329565939359222, 
        "wide web": 0.021901053865011826, 
        "bright temperatur": -0.23229107211066907, 
        "sensor network": -0.5709516598692929, 
        "solid src": 0.0, 
        "retriev perform": 0.102691849338832, 
        "latent dirichlet": 0.3482684527834824, 
        "px solid": 0.0, 
        "signific improv": 0.12379159060187721, 
        "absimag png": 0.0, 
        "f measur": 0.2363589304973992, 
        "new approach": 0.14453369278127015, 
        "font size": -1.2697528043319664, 
        "surfac temperatur": -0.16278295832806453, 
        "demonstr effect": 0.13141992112146317, 
        "commonli use": 0.0919362266981988, 
        "br br": -0.0321886036507168, 
        "visual featur": 0.2114014736920511, 
        "paper present": 0.05607123407392387, 
        "experiment result": 0.12378024962045105, 
        "font variant": 0.0, 
        "invert index": 0.09556955567642582, 
        "web servic": -0.08298834415367709, 
        "recal precis": 0.16863420047888011, 
        "imag absimag": 0.0, 
        "mobil phone": -0.27022709710669585, 
        "respons time": -0.22588618032269053, 
        "e learn": 0.031877409218011965, 
        "style font": -0.37197558866773706, 
        "inform extract": 0.20281297211078766, 
        "ad hoc": -0.12345428217061294, 
        "real time": -0.15599796825064327, 
        "color textur": -0.04730099352483834, 
        "small cap": 0.0, 
        "stack overflow": -0.08486279170842775, 
        "singular valu": 0.21688731351671084, 
        "time consum": 0.07339076383770328, 
        "machin svm": 0.13378363652040076, 
        "k mean": 0.1277369462161787, 
        "style width": 0.0, 
        "k nearest": -0.055141598875263126, 
        "state art": 0.12493477870619267, 
        "high qualiti": 0.013896357304397106, 
        "wide use": 0.07050719560004212, 
        "high level": 0.14302090502937645, 
        "medic imag": -0.035359423580117226, 
        "paper propos": 0.1037010826032028, 
        "data mine": -0.021438873600999896, 
        "content base": -0.006756126546693181, 
        "question answer": 0.19930513554151624, 
        "larg number": -0.012253740048885374, 
        "artifici intellig": 0.027243013964880627, 
        "xml document": 0.05873993743328563, 
        "larg amount": 0.06067490176919317, 
        "base imag": -0.06369452001436848, 
        "web page": 0.10849549736984218, 
        "bag word": 0.4141631591699035, 
        "markov model": 0.08390002014787075, 
        "co occurr": 0.27279657901479604, 
        "width border": 0.0, 
        "wind speed": -0.11564026912213214, 
        "mobil agent": -0.3841571060276398, 
        "design implement": -0.0600141550552971, 
        "land surfac": -0.28541686345924067, 
        "precis recal": 0.17107634425308857, 
        "paper describ": -0.01939287086602271, 
        "result demonstr": 0.0659818161629481, 
        "semant similar": 0.4427970478820141, 
        "top k": -0.06752360460055631, 
        "decis make": -0.051390353816402, 
        "even though": 0.06432632621929293, 
        "domain ontolog": 0.19949988720913603, 
        "semi supervis": 0.22824672215421626, 
        "mobil devic": -0.14901671929097585, 
        "machin translat": 0.2405369693743121, 
        "genet algorithm": -0.06086009833748699, 
        "present novel": 0.0997795386227033, 
        "social media": 0.05916039045872502, 
        "vector space": 0.27027821046144446, 
        "data sourc": -0.1024138337457958, 
        "result show": 0.09303991239858753, 
        "inform need": 0.0508244421871472, 
        "text mine": 0.283827200740756, 
        "retriev ir": 0.1855714160367063, 
        "propos method": 0.14988647684086706, 
        "take account": 0.094488317426798, 
        "wavelet transform": -0.13980362875725708, 
        "imag retriev": -0.0485093264870686, 
        "associ rule": -0.040315862998071175, 
        "soil moistur": -0.29058282954998416, 
        "cbir system": -0.11657179234779981, 
        "user interfac": -0.08277013340976108, 
        "img ab": 0.0, 
        "ground truth": -0.14198465315437997, 
        "featur vector": 0.04164766933135433, 
        "high resolut": -0.4335556172696248, 
        "languag model": 0.2588959761971463, 
        "princip compon": 0.07363789181223253, 
        "allow user": -0.022970297859165666, 
        "propos algorithm": 0.003268187608162266, 
        "fine grain": 0.07044797598379088, 
        "latent semant": 0.39359572067108844, 
        "recommend system": -0.028303302181664547, 
        "retriev cbir": -0.08625114891309425, 
        "end user": -0.09006522872137379, 
        "featur select": 0.07453736485745656, 
        "distanc measur": -0.12683066171182725, 
        "wide rang": -0.08276477193268231, 
        "e commerc": -0.16354010763740479, 
        "water vapor": -0.12174279941571743, 
        "propos new": 0.10297836078395321, 
        "recent year": 0.028428388354685363, 
        "becom import": 0.029130419102737504, 
        "well known": 0.06831986201991552, 
        "data set": 0.05407664510269024, 
        "cloud comput": -0.23379530527825534, 
        "web site": -0.0568334384745692, 
        "machin learn": 0.1551335437445403, 
        "n gram": 0.25806909523487354, 
        "high dimension": -0.025673260470230243, 
        "support vector": 0.128932685376985, 
        "search engin": 0.07547047536350422, 
        "time seri": -0.27405141803358135, 
        "synthet apertur": -0.3639122096248137,