{
    "52": {
        "em first": 0.0, 
        "self organ": 0.040557430455579926, 
        "img class": 0.0, 
        "user interest": 0.09855832852803342, 
        "manag system": -0.25387551394192764, 
        "ab contain": 0.0, 
        "cross languag": 0.00921149550948594, 
        "social network": -0.11417387452854405, 
        "take advantag": 0.048226169576633435, 
        "first page": -2.0625095811166427, 
        "sup sup": 0.07725484564408253, 
        "low level": 0.15004668278264832, 
        "inform retriev": 0.08456386066251513, 
        "remot sens": -0.14433710823996698, 
        "digit librari": -0.18484302501628966, 
        "cultur heritag": -0.24412595527160025, 
        "space model": 0.29779884264463663, 
        "previou work": 0.09234636293944391, 
        "case studi": -0.11683266364080885, 
        "extens experi": 0.15407074009397262, 
        "p p": 0.17465758281884408, 
        "relationship among": 0.10160259641226188, 
        "big data": -0.1405090842684992, 
        "cluster algorithm": 0.19831546826341187, 
        "variant small": -1.223840339867068, 
        "experi show": 0.1568850422356047, 
        "spatio tempor": 0.013075990253090867, 
        "fault toler": -0.25333844349543067, 
        "class img": 0.0, 
        "radi transfer": 0.0053974208292947735, 
        "real world": 0.01155878065634415, 
        "level featur": 0.19909242111622819, 
        "similar measur": 0.5171047157811395, 
        "user prefer": -0.012773966459248108, 
        "propos novel": 0.11007966511125067, 
        "huge amount": -0.028298339271925425, 
        "present new": 0.1319291202681327, 
        "e g": 0.026434010014197422, 
        "sub sub": -0.08791515881011872, 
        "textur featur": 0.2068683261648508, 
        "page articl": -1.240573791951329, 
        "knowledg base": -0.05480820738304011, 
        "xploreasset imag": 0.0, 
        "color histogram": 0.27581790853534927, 
        "gaussian mixtur": 0.11957477576394267, 
        "bug report": 0.23787556932644832, 
        "paper discuss": -0.20443237054391794, 
        "semant gap": 0.1371844805637298, 
        "png border": 0.0, 
        "address issu": 0.03998741913307611, 
        "import role": 0.0992812381625155, 
        "hidden markov": 0.021541088444190525, 
        "propos approach": 0.17890008147183042, 
        "search result": 0.07091302550242719, 
        "result indic": 0.15046650311090576, 
        "improv perform": 0.18991791588227186, 
        "vector machin": 0.14253710512061427, 
        "wide web": -0.06945128447722118, 
        "bright temperatur": -0.0061158140685001056, 
        "sensor network": -0.24563209601015248, 
        "solid src": 0.0, 
        "retriev perform": 0.2596811012877684, 
        "latent dirichlet": 0.10835246709615741, 
        "px solid": 0.0, 
        "signific improv": 0.18764390013649604, 
        "absimag png": 0.0, 
        "f measur": 0.23436489874496058, 
        "new approach": 0.11968065367895038, 
        "font size": -1.228275076846595, 
        "surfac temperatur": -0.19792194971623195, 
        "demonstr effect": 0.10528557725071884, 
        "commonli use": 0.1398419525002041, 
        "br br": -0.2748639034746596, 
        "visual featur": 0.15648360134478193, 
        "paper present": 0.04072939484498919, 
        "experiment result": 0.18254336342556762, 
        "font variant": 0.0, 
        "invert index": 0.06483857144435883, 
        "web servic": -0.15708927509763604, 
        "recal precis": 0.26195570965293025, 
        "imag absimag": 0.0, 
        "mobil phone": -0.22605033973085545, 
        "respons time": -0.01753515863570354, 
        "e learn": -0.17502501895789682, 
        "style font": -0.38672079463268993, 
        "inform extract": -0.11685709230621147, 
        "ad hoc": -0.09207916790708666, 
        "real time": -0.14828632041322398, 
        "color textur": 0.28008813666357335, 
        "small cap": 0.0, 
        "stack overflow": -0.024634319058806683, 
        "singular valu": 0.10683537868163426, 
        "time consum": 0.06999062340758419, 
        "machin svm": 0.16501357630966837, 
        "k mean": 0.16394756452439388, 
        "style width": 0.0, 
        "k nearest": 0.2531359997824852, 
        "state art": 0.14651579213865948, 
        "high qualiti": 0.03872476941816179, 
        "wide use": 0.14425605876529357, 
        "high level": 0.0710696732451677, 
        "medic imag": 0.11540720942295982, 
        "paper propos": 0.10234663951713868, 
        "data mine": 0.013633439233955458, 
        "content base": 0.19391287408364827, 
        "question answer": -0.0065431810313590555, 
        "larg number": 0.006663423950707016, 
        "artifici intellig": -0.05251306301567067, 
        "xml document": 0.04859574264826777, 
        "larg amount": -0.03968079456025207, 
        "base imag": 0.2217994638333361, 
        "web page": -0.023709183924939467, 
        "bag word": 0.13649399660716016, 
        "markov model": 0.06349140567209091, 
        "co occurr": 0.2407003582813852, 
        "width border": 0.0, 
        "wind speed": -0.10867384049688479, 
        "mobil agent": -0.17091505336321733, 
        "design implement": -0.20320224376165777, 
        "land surfac": -0.09310881123418394, 
        "precis recal": 0.2807938304498869, 
        "paper describ": -0.07732676818443196, 
        "result demonstr": 0.16474970924019872, 
        "semant similar": 0.45577653617271696, 
        "top k": 0.006661492965461719, 
        "decis make": -0.1284219883376276, 
        "even though": 0.020736824315792934, 
        "domain ontolog": -0.04828333476868379, 
        "semi supervis": -0.020073313165389184, 
        "mobil devic": -0.20768483727561754, 
        "machin translat": 0.0026839541895638465, 
        "genet algorithm": 0.07072493839936246, 
        "present novel": 0.15408444912095368, 
        "social media": -0.14613780574265278, 
        "vector space": 0.31212623980487314, 
        "data sourc": -0.18478689197806505, 
        "result show": 0.17304380642541878, 
        "inform need": 0.006750736353012035, 
        "text mine": 0.061884169799292725, 
        "retriev ir": 0.16253840067242703, 
        "propos method": 0.19969567471012684, 
        "take account": 0.14626426563726608, 
        "wavelet transform": 0.11181396947392656, 
        "imag retriev": 0.22463870719560075, 
        "associ rule": 0.00950510580938975, 
        "soil moistur": -0.21175925392669948, 
        "cbir system": 0.2691142460674631, 
        "user interfac": -0.12619646880153906, 
        "img ab": 0.0, 
        "ground truth": 0.10967927607768357, 
        "featur vector": 0.29421369544085296, 
        "high resolut": -0.0638252571778436, 
        "languag model": 0.10746250594792274, 
        "princip compon": 0.17281446468023184, 
        "allow user": -0.013638770205379356, 
        "propos algorithm": 0.11505863143966405, 
        "fine grain": 0.06657610460251995, 
        "latent semant": 0.21323902564933786, 
        "recommend system": 0.08623572865649752, 
        "retriev cbir": 0.22371855234837312, 
        "end user": -0.20525316618142722, 
        "featur select": 0.13218222969603938, 
        "distanc measur": 0.4793592200920994, 
        "wide rang": -0.018503674830714863, 
        "e commerc": -0.1820036166960075, 
        "water vapor": -0.13073536170180375, 
        "propos new": 0.18453883966907608, 
        "recent year": 0.0019143427617464423, 
        "becom import": 0.012878547004540032, 
        "well known": 0.13608041987756697, 
        "data set": 0.1563347108343227, 
        "cloud comput": -0.19141474328060573, 
        "web site": -0.08297957184243732, 
        "machin learn": 0.08291997639615886, 
        "n gram": 0.12188721016426125, 
        "high dimension": 0.19830842052970027, 
        "support vector": 0.14349558142436752, 
        "search engin": 0.028163711354578746, 
        "time seri": 0.14986039561923603,