{
    "53": {
        "em first": 0.0, 
        "self organ": 0.02155228883287688, 
        "img class": 0.0, 
        "user interest": 0.02694007917574025, 
        "manag system": -0.0013987026738656839, 
        "ab contain": 0.0, 
        "cross languag": 0.05040935823978938, 
        "social network": -0.04863687354396514, 
        "take advantag": 0.05435961603945394, 
        "first page": -0.5881336400579208, 
        "sup sup": 0.011566697596456097, 
        "low level": 0.013822107157020855, 
        "inform retriev": -0.01755364803208316, 
        "remot sens": -0.09693711565653744, 
        "digit librari": 0.019914432765908957, 
        "cultur heritag": 0.0629459135653727, 
        "space model": -0.046721919186398946, 
        "previou work": 0.013791184856066016, 
        "case studi": -0.03361919680115558, 
        "extens experi": 0.026944278535773226, 
        "p p": 0.20026918416159806, 
        "relationship among": 0.06032786472462112, 
        "big data": 0.05125465998599354, 
        "cluster algorithm": -0.03608173878405726, 
        "variant small": -0.6254930753099569, 
        "experi show": -0.012273208604526954, 
        "spatio tempor": 0.10188501282209662, 
        "fault toler": 0.10305879148129286, 
        "class img": 0.0, 
        "radi transfer": 0.0003442353397975729, 
        "real world": 0.004782065173909638, 
        "level featur": 0.03126039433282588, 
        "similar measur": 0.051937677930383216, 
        "user prefer": -0.0171282457985589, 
        "propos novel": 0.014523425723978831, 
        "huge amount": 0.10860837358799653, 
        "present new": 0.07155174338516938, 
        "e g": 0.05330058344337323, 
        "sub sub": 0.09969460010490111, 
        "textur featur": -0.03984414793994132, 
        "page articl": -0.5208615857058638, 
        "knowledg base": -0.03693617958948835, 
        "xploreasset imag": 0.0, 
        "color histogram": -0.0269611085722066, 
        "gaussian mixtur": 0.1751694982683923, 
        "bug report": 0.00020793100986864492, 
        "paper discuss": 0.014046728090626286, 
        "semant gap": 0.002823707691572897, 
        "png border": 0.0, 
        "address issu": 0.01954921654776027, 
        "import role": 0.08053978106907225, 
        "hidden markov": 0.23415701173641174, 
        "propos approach": 0.010431306350167318, 
        "search result": -0.051177176174215654, 
        "result indic": 0.09310444462700114, 
        "improv perform": 0.013215434927600545, 
        "vector machin": 0.04348319286856054, 
        "wide web": 0.04007458218448809, 
        "bright temperatur": -0.05849034669786306, 
        "sensor network": -0.04236318862015192, 
        "solid src": 0.0, 
        "retriev perform": -0.10377461746487211, 
        "latent dirichlet": -0.022659468008164787, 
        "px solid": 0.0, 
        "signific improv": 0.0633058568008493, 
        "absimag png": 0.0, 
        "f measur": 0.06691489075969126, 
        "new approach": 0.013587470160549538, 
        "font size": -0.5481775722452013, 
        "surfac temperatur": -0.06204296918852273, 
        "demonstr effect": -0.07693506103598549, 
        "commonli use": 0.02568951635391163, 
        "br br": 0.5341015501566253, 
        "visual featur": -0.015591812047180114, 
        "paper present": 0.040315141457169246, 
        "experiment result": -0.0007847325591120464, 
        "font variant": 0.0, 
        "invert index": 0.1381139127999788, 
        "web servic": -0.09792697686568652, 
        "recal precis": 0.013191344116845319, 
        "imag absimag": 0.0, 
        "mobil phone": -0.013806092780326698, 
        "respons time": 0.05001596122795733, 
        "e learn": 0.054518463147989346, 
        "style font": -0.15979158912571914, 
        "inform extract": 0.0021988731956332744, 
        "ad hoc": 0.053405432131303505, 
        "real time": 0.07309073763286217, 
        "color textur": 0.016129524551849544, 
        "small cap": 0.0, 
        "stack overflow": 0.02063766285467786, 
        "singular valu": 0.041378215683499656, 
        "time consum": -0.030074763480447967, 
        "machin svm": 0.02204937133085013, 
        "k mean": 0.0013106330278558824, 
        "style width": 0.0, 
        "k nearest": -0.07348661789144971, 
        "state art": 0.08359141876784207, 
        "high qualiti": -0.09584428308706314, 
        "wide use": 0.06609439319854306, 
        "high level": -0.0357317216913845, 
        "medic imag": -0.035790864815895926, 
        "paper propos": -0.04469104954438697, 
        "data mine": -0.027130537015250873, 
        "content base": -0.024913090221719576, 
        "question answer": -0.1215653974858406, 
        "larg number": 0.0768355226956305, 
        "artifici intellig": 0.06134520184282991, 
        "xml document": 0.07575611490045382, 
        "larg amount": -0.017516338429691573, 
        "base imag": -0.1660467567211529, 
        "web page": -0.0911280047136497, 
        "bag word": 0.08793979054840474, 
        "markov model": 0.21766833822940193, 
        "co occurr": -0.04369570131964905, 
        "width border": 0.0, 
        "wind speed": -0.0008872149983764673, 
        "mobil agent": -0.07802157330289734, 
        "design implement": -0.04210246058147622, 
        "land surfac": -0.03734681761172392, 
        "precis recal": -0.032601876855882665, 
        "paper describ": 0.03492187494941034, 
        "result demonstr": 0.014463150910116063, 
        "semant similar": -0.004945360916936763, 
        "top k": -0.07474845180298487, 
        "decis make": -0.08303766204876399, 
        "even though": 0.07607797817504137, 
        "domain ontolog": -0.08097981435062523, 
        "semi supervis": -0.006659788589549505, 
        "mobil devic": -0.012396383138880968, 
        "machin translat": 0.0750883536295362, 
        "genet algorithm": 0.05321099561686741, 
        "present novel": 0.08496456435549408, 
        "social media": 0.04724857157699146, 
        "vector space": -0.008101067963785506, 
        "data sourc": 0.02709794949914731, 
        "result show": 0.014683016709259318, 
        "inform need": -0.06844283429291077, 
        "text mine": 0.11420961307175141, 
        "retriev ir": -0.05855463484891559, 
        "propos method": -0.01091188337545664, 
        "take account": 0.09704496084508922, 
        "wavelet transform": 0.15576568472259075, 
        "imag retriev": -0.216312901601698, 
        "associ rule": 0.03705100521897871, 
        "soil moistur": -0.019907345480467027, 
        "cbir system": -0.0891065582523912, 
        "user interfac": -0.026070741285830014, 
        "img ab": 0.0, 
        "ground truth": 0.1526902749211512, 
        "featur vector": 0.019223759290009548, 
        "high resolut": 0.08144367479621864, 
        "languag model": 0.10207469505603317, 
        "princip compon": 0.10641008408870044, 
        "allow user": -0.017202298747294002, 
        "propos algorithm": -0.01073236825134057, 
        "fine grain": 0.010263811945953263, 
        "latent semant": -0.050848553716645185, 
        "recommend system": 0.020946246072891365, 
        "retriev cbir": -0.05603555965580916, 
        "end user": 0.0261330038002156, 
        "featur select": 0.01256259705168833, 
        "distanc measur": 0.18569085866465435, 
        "wide rang": 0.06200305567952347, 
        "e commerc": -0.016159324758182058, 
        "water vapor": 0.07034600594032075, 
        "propos new": -0.020390489695614578, 
        "recent year": 0.05795323580831217, 
        "becom import": 0.07101424347656837, 
        "well known": -0.006851441523145961, 
        "data set": -0.04774081337226996, 
        "cloud comput": 0.07425874294079435, 
        "web site": 0.07879871507854348, 
        "machin learn": 0.03963641145713471, 
        "n gram": 0.12352019024117186, 
        "high dimension": -0.037659104964841275, 
        "support vector": 0.03206787238740622, 
        "search engin": -0.1236014757772376,