{
    "54": {
        "em first": 0.0, 
        "self organ": -0.07670843407762427, 
        "img class": 0.0, 
        "user interest": 0.4717885177805162, 
        "manag system": 0.007205145558446084, 
        "ab contain": 0.0, 
        "cross languag": 0.017926482810596073, 
        "social network": 0.21618230484012002, 
        "take advantag": 0.10299937428034672, 
        "first page": -1.3149465885441733, 
        "sup sup": -0.07553232564745249, 
        "low level": 0.03688276279327468, 
        "inform retriev": 0.128930723014385, 
        "remot sens": -0.43206047686544496, 
        "digit librari": 0.1269406334355239, 
        "cultur heritag": 0.12565518447930618, 
        "space model": 0.041514646904647755, 
        "previou work": 0.004932428037297262, 
        "case studi": -0.013920438550860047, 
        "extens experi": 0.024039976195895457, 
        "p p": 0.4808722305820598, 
        "relationship among": 0.018464621578751884, 
        "big data": 0.04704782968991918, 
        "cluster algorithm": 0.005927179891187542, 
        "variant small": -1.0516618460327714, 
        "experi show": -0.014482155380925756, 
        "spatio tempor": -0.015284750530915122, 
        "fault toler": -0.08625772120794503, 
        "class img": 0.0, 
        "radi transfer": -0.44349248663189267, 
        "real world": 0.0754177242036449, 
        "level featur": -0.05897652439376209, 
        "similar measur": -0.04631137499066598, 
        "user prefer": 0.46959571397638195, 
        "propos novel": 0.03972573970749875, 
        "huge amount": 0.22962780659463286, 
        "present new": -0.06232890157099426, 
        "e g": 0.08892148094864485, 
        "sub sub": -0.21077487903405515, 
        "textur featur": -0.30998908117364904, 
        "page articl": -0.8163446936456216, 
        "knowledg base": 0.150523491730997, 
        "xploreasset imag": 0.0, 
        "color histogram": -0.2697009354759609, 
        "gaussian mixtur": -0.32254874089855556, 
        "bug report": -0.07171274855830358, 
        "paper discuss": -0.03736493296388658, 
        "semant gap": 0.12154497878274126, 
        "png border": 0.0, 
        "address issu": 0.01818650646081842, 
        "import role": 0.04485986261419888, 
        "hidden markov": -0.22581340241180695, 
        "propos approach": 0.0835287554826163, 
        "search result": 0.456396486800407, 
        "result indic": 0.006100389507421484, 
        "improv perform": -0.041075606900735584, 
        "vector machin": -0.06640001666163732, 
        "wide web": 0.3261613194664418, 
        "bright temperatur": -0.522019552208537, 
        "sensor network": -0.39641175547985547, 
        "solid src": 0.0, 
        "retriev perform": -0.09186739404856062, 
        "latent dirichlet": -0.03267227486466155, 
        "px solid": 0.0, 
        "signific improv": -0.005316996196972949, 
        "absimag png": 0.0, 
        "f measur": -0.02733013604722095, 
        "new approach": -0.01999479871034883, 
        "font size": -1.1709766889184197, 
        "surfac temperatur": -0.5616003252343257, 
        "demonstr effect": 0.1429576237934832, 
        "commonli use": -0.0550082822338329, 
        "br br": 0.15387473371220114, 
        "visual featur": 0.0796807951023267, 
        "paper present": 0.044900880369952, 
        "experiment result": -0.008163268964765324, 
        "font variant": 0.0, 
        "invert index": 0.1599876392322392, 
        "web servic": 0.09425993435373467, 
        "recal precis": 0.0689023826700422, 
        "imag absimag": 0.0, 
        "mobil phone": 0.16498841295232902, 
        "respons time": 0.06899456417620911, 
        "e learn": 0.17141352515315003, 
        "style font": -0.8893974451683564, 
        "inform extract": 0.001056180910941729, 
        "ad hoc": -0.10188189319686823, 
        "real time": 0.03062277206084092, 
        "color textur": -0.003314148888611982, 
        "small cap": 0.0, 
        "stack overflow": 0.1915079228379235, 
        "singular valu": -0.1566292409769435, 
        "time consum": 0.10595938297009343, 
        "machin svm": -0.09028296463017159, 
        "k mean": -0.06325935786019418, 
        "style width": 0.0, 
        "k nearest": -0.06769460196807839, 
        "state art": 0.002696360297985332, 
        "high qualiti": 0.14956424650852368, 
        "wide use": 0.016588919701629706, 
        "high level": 0.03873552796582916, 
        "medic imag": -0.1712494976252676, 
        "paper propos": 0.06339824163723465, 
        "data mine": -0.011817243525563592, 
        "content base": 0.041742300995348584, 
        "question answer": 0.07345340911202944, 
        "larg number": 0.10748306108591757, 
        "artifici intellig": 0.053403684477624905, 
        "xml document": 0.027549568453294353, 
        "larg amount": 0.12897759478873755, 
        "base imag": -0.060071653562917354, 
        "web page": 0.30930365711409785, 
        "bag word": -0.09483630236180311, 
        "markov model": -0.13606147186538503, 
        "co occurr": -0.030294082705173673, 
        "width border": 0.0, 
        "wind speed": -0.15375363543547016, 
        "mobil agent": -0.042018994190363194, 
        "design implement": 0.12384277125534322, 
        "land surfac": -0.505116585318333, 
        "precis recal": 0.091508519269564, 
        "paper describ": 0.03287050118100744, 
        "result demonstr": -0.015752560270149006, 
        "semant similar": 0.055447542538680984, 
        "top k": 0.09707693872246459, 
        "decis make": -0.030082382365777663, 
        "even though": 0.1332253523185233, 
        "domain ontolog": 0.18604660905748052, 
        "semi supervis": -0.15297011951145006, 
        "mobil devic": 0.20965251911716415, 
        "machin translat": -0.15917537889339273, 
        "genet algorithm": 0.09747064399796387, 
        "present novel": -0.021867795643858115, 
        "social media": 0.1620137343370125, 
        "vector space": 0.014427752064758027, 
        "data sourc": 0.07176239780921002, 
        "result show": -0.0047125106964136555, 
        "inform need": 0.37303095818127, 
        "text mine": -0.02822201087551102, 
        "retriev ir": 0.15407313296368308, 
        "propos method": -0.030041010915347405, 
        "take account": 0.11099942350377698, 
        "wavelet transform": -0.2704794789440355, 
        "imag retriev": -0.0953341272308859, 
        "associ rule": 0.019054028892439324, 
        "soil moistur": -0.8808076368446994, 
        "cbir system": 0.07784561973058218, 
        "user interfac": 0.3324729995581651, 
        "img ab": 0.0, 
        "ground truth": -0.297495300053527, 
        "featur vector": -0.1918033043300898, 
        "high resolut": -0.4870710579947287, 
        "languag model": -0.08913391216716118, 
        "princip compon": -0.2751101940715129, 
        "allow user": 0.36732719670995617, 
        "propos algorithm": -0.0473706990224486, 
        "fine grain": 0.10284593227677183, 
        "latent semant": -0.10237415851975058, 
        "recommend system": 0.3726655004928695, 
        "retriev cbir": -0.07525214655936789, 
        "end user": 0.33841160214847044, 
        "featur select": -0.2536125674089521, 
        "distanc measur": -0.2267258250206168, 
        "wide rang": 0.05892732094687784, 
        "e commerc": 0.21888030288279373, 
        "water vapor": -0.0622015669960025, 
        "propos new": -0.008761928024050243, 
        "recent year": 0.11192913407270012, 
        "becom import": 0.12364196130976209, 
        "well known": 0.00011365977338189705, 
        "data set": -0.03627494671692629, 
        "cloud comput": 0.13459375286234876, 
        "web site": 0.24956528424850438, 
        "machin learn": 0.038160369966792194, 
        "n gram": -0.1698005899807652, 
        "high dimension": -0.16510708932113466, 
        "support vector": -0.0707354320345314, 
        "search engin": 0.40897876350426504, 
        "time seri": -0.21448267463465276,