{
    "55": {
        "em first": 0.0, 
        "self organ": 0.026491493584053564, 
        "img class": 0.0, 
        "user interest": 0.03086428702963288, 
        "manag system": 0.2633921967166995, 
        "ab contain": 0.0, 
        "cross languag": 0.137258533000855, 
        "social network": -0.018290142884080127, 
        "take advantag": 0.20793391922797594, 
        "first page": -0.5276949721226858, 
        "sup sup": 0.07625220401842601, 
        "low level": -0.04161138797225041, 
        "inform retriev": 0.013586300092573602, 
        "remot sens": -0.07745560770277748, 
        "digit librari": 0.955748655589856, 
        "cultur heritag": 0.9891337391963746, 
        "space model": -0.003432344849267575, 
        "previou work": -0.20620677618803096, 
        "case studi": 0.1591949907292524, 
        "extens experi": -0.15432691564226, 
        "p p": 0.07537168189568388, 
        "relationship among": 0.12079224722946003, 
        "big data": 0.27180587235471126, 
        "cluster algorithm": -0.2719173172025262, 
        "variant small": -0.35612334481293323, 
        "experi show": -0.16135028273301963, 
        "spatio tempor": 0.10494284310872501, 
        "fault toler": -0.2161344230607481, 
        "class img": 0.0, 
        "radi transfer": -0.23380293231754723, 
        "real world": -0.08838864358412479, 
        "level featur": -0.1326130502107287, 
        "similar measur": -0.26153384583225214, 
        "user prefer": -0.07373891684651834, 
        "propos novel": -0.1642618165221957, 
        "huge amount": 0.29514861392642605, 
        "present new": -0.17401117842358085, 
        "e g": 0.10363341569312415, 
        "sub sub": 0.09610632767271568, 
        "textur featur": 0.05732453720573839, 
        "page articl": -0.30040304190618555, 
        "knowledg base": 0.06367782243497748, 
        "xploreasset imag": 0.0, 
        "color histogram": -0.3442474036828028, 
        "gaussian mixtur": -0.13035783659078315, 
        "bug report": -0.005342947529145316, 
        "paper discuss": 0.1384059652082855, 
        "semant gap": -0.03225848896024677, 
        "png border": 0.0, 
        "address issu": 0.22700373023465276, 
        "import role": 0.027290388567666815, 
        "hidden markov": -0.0005364490408084649, 
        "propos approach": -0.061889633345524345, 
        "search result": -0.07713022686244239, 
        "result indic": -0.22838080968745023, 
        "improv perform": -0.5913104680638833, 
        "vector machin": -0.1350314308973064, 
        "wide web": 0.08404980066789047, 
        "bright temperatur": -0.03712042099059559, 
        "sensor network": -0.39780901729309237, 
        "solid src": 0.0, 
        "retriev perform": -0.39355205884049604, 
        "latent dirichlet": -0.07459909250508275, 
        "px solid": 0.0, 
        "signific improv": -0.17653205562552787, 
        "absimag png": 0.0, 
        "f measur": 0.017283798541478844, 
        "new approach": -0.0727979020956619, 
        "font size": -0.29178153143065316, 
        "surfac temperatur": -0.2255946660958439, 
        "demonstr effect": -0.3526085580395453, 
        "commonli use": 0.12709075352130023, 
        "br br": 0.04221990347526321, 
        "visual featur": 0.17402450807036504, 
        "paper present": 0.02877546569816441, 
        "experiment result": -0.2223358741634759, 
        "font variant": 0.0, 
        "invert index": -0.02184086520571413, 
        "web servic": 0.04178241244299781, 
        "recal precis": 0.1000441282161092, 
        "imag absimag": 0.0, 
        "mobil phone": 0.31343743240263566, 
        "respons time": -0.238026872813743, 
        "e learn": 0.25138467193191744, 
        "style font": -0.21408369270975397, 
        "inform extract": 0.05127349165515393, 
        "ad hoc": -0.06508176720403423, 
        "real time": 0.03797999943513887, 
        "color textur": 0.17051132937853694, 
        "small cap": 0.0, 
        "stack overflow": 0.004454726444989875, 
        "singular valu": -0.24908886826830368, 
        "time consum": 0.12226514062948102, 
        "machin svm": 0.023306812888958205, 
        "k mean": -0.05280757712959795, 
        "style width": 0.0, 
        "k nearest": -0.2568221167290815, 
        "state art": -0.23268644519648637, 
        "high qualiti": 0.04311410795332178, 
        "wide use": -0.0485164703818845, 
        "high level": 0.009066099543111227, 
        "medic imag": 0.2836581929574469, 
        "paper propos": -0.20747685882612746, 
        "data mine": -0.05307279108173779, 
        "content base": 0.02148952636666244, 
        "question answer": -0.3500973056693326, 
        "larg number": 0.01234626384370533, 
        "artifici intellig": 0.0038517744202103644, 
        "xml document": -0.0817187481465988, 
        "larg amount": 0.07984918311593879, 
        "base imag": -0.08035314742527944, 
        "web page": -0.0863196375546418, 
        "bag word": -0.2609964326473156, 
        "markov model": -0.033131264881856665, 
        "co occurr": -0.23399753024118736, 
        "width border": 0.0, 
        "wind speed": 0.021886146672583016, 
        "mobil agent": -0.1490742916318227, 
        "design implement": 0.22021802816068534, 
        "land surfac": -0.31315505526879556, 
        "precis recal": -0.15365411188288275, 
        "paper describ": 0.08936873146151963, 
        "result demonstr": -0.194733972752525, 
        "semant similar": -0.3039289294634381, 
        "top k": -0.024471352344997588, 
        "decis make": -0.060988385305136034, 
        "even though": 0.05158425296024246, 
        "domain ontolog": 0.1028988143096791, 
        "semi supervis": -0.25231020862175674, 
        "mobil devic": 0.024214190430694157, 
        "machin translat": -0.08549111541976899, 
        "genet algorithm": -0.27991141080063736, 
        "present novel": -0.14292511147242934, 
        "social media": -0.04468274098764096, 
        "vector space": -0.045685529993944866, 
        "data sourc": 0.2120398615075518, 
        "result show": -0.1855851370395842, 
        "inform need": 0.04561938048356642, 
        "text mine": 0.08233897658063054, 
        "retriev ir": 0.04580176393704075, 
        "propos method": -0.16956408952283394, 
        "take account": 0.058792782836251056, 
        "wavelet transform": 0.04904767377104439, 
        "imag retriev": -0.11633418447091651, 
        "associ rule": -0.18144517005464966, 
        "soil moistur": -0.006396836285367085, 
        "cbir system": 0.22266535748748922, 
        "user interfac": 0.22098610585036607, 
        "img ab": 0.0, 
        "ground truth": 0.06594601304751165, 
        "featur vector": -0.1619215693844186, 
        "high resolut": 0.2464803365009102, 
        "languag model": -0.11043860498132123, 
        "princip compon": -0.2119605985446091, 
        "allow user": 0.1945489189099152, 
        "propos algorithm": -0.22156769838040516, 
        "fine grain": -0.07951677326753659, 
        "latent semant": -0.2961054392691432, 
        "recommend system": 0.12163062513911224, 
        "retriev cbir": 0.06021270440371897, 
        "end user": 0.28149690815848544, 
        "featur select": 0.025015404330506773, 
        "distanc measur": 0.09038745980278141, 
        "wide rang": 0.2648075836119006, 
        "e commerc": -0.034146819667831875, 
        "water vapor": -0.20420330988133487, 
        "propos new": -0.14316477048405735, 
        "recent year": 0.06394163583776674, 
        "becom import": 0.2758458384218686, 
        "well known": -0.19156723533803136, 
        "data set": -0.17116242044604266, 
        "cloud comput": 0.07553713519285332, 
        "web site": -0.05067457466248906, 
        "machin learn": 0.033672582280740875, 
        "n gram": -0.10650303242529988, 
        "high dimension": -0.4120369911807151, 
        "support vector": -0.11998279876560432, 
        "search engin": -0.05002833660776847, 
        "time seri": -0.1907677155479988,