{
    "56": {
        "em first": 0.0, 
        "self organ": 0.0018149082391055473, 
        "img class": 0.0, 
        "user interest": -0.09976542835772459, 
        "manag system": -0.16164718236685918, 
        "ab contain": 0.0, 
        "cross languag": 0.5810317646963635, 
        "social network": -0.06425967868792805, 
        "take advantag": -0.005729727650806607, 
        "first page": -0.5745709924395692, 
        "sup sup": -0.15428153628260655, 
        "low level": -0.041991118072065854, 
        "inform retriev": 0.15589038340576447, 
        "remot sens": -0.3218373180707834, 
        "digit librari": -0.03027955215170328, 
        "cultur heritag": -0.0021613488100696216, 
        "space model": 0.17689721437195308, 
        "previou work": 0.11956167917552907, 
        "case studi": -0.08253457823283963, 
        "extens experi": -0.07735698052157314, 
        "p p": 0.17421730074485337, 
        "relationship among": 0.02613660688133477, 
        "big data": 0.06025580867259632, 
        "cluster algorithm": -0.08307083877858609, 
        "variant small": -0.6759441416706539, 
        "experi show": 0.10036955438431847, 
        "spatio tempor": -0.023594952955658964, 
        "fault toler": -0.1760101645522072, 
        "class img": 0.0, 
        "radi transfer": -0.08627796340465119, 
        "real world": 0.03186503713640734, 
        "level featur": -0.09489140464768175, 
        "similar measur": 0.07034155337895687, 
        "user prefer": -0.054424008462424144, 
        "propos novel": 0.03909145710540056, 
        "huge amount": 0.07464765702772991, 
        "present new": 0.05399075165934305, 
        "e g": 0.059684839931865796, 
        "sub sub": -0.16498292376123028, 
        "textur featur": -0.19008507606139322, 
        "page articl": -0.7549190539904695, 
        "knowledg base": 0.21675852540984256, 
        "xploreasset imag": 0.0, 
        "color histogram": -0.04231621052955688, 
        "gaussian mixtur": 0.007360625554653951, 
        "bug report": 0.2094538970309431, 
        "paper discuss": -0.009230906124927496, 
        "semant gap": -0.12693256001570433, 
        "png border": 0.0, 
        "address issu": -0.05556960440504018, 
        "import role": 0.1741418045326664, 
        "hidden markov": 0.2146370185824149, 
        "propos approach": 0.1375173171838657, 
        "search result": 0.003210176903305048, 
        "result indic": 0.04500587652961033, 
        "improv perform": 0.10811050597816992, 
        "vector machin": 0.1568509938514311, 
        "wide web": 0.056721439723132996, 
        "bright temperatur": -0.08694128608129784, 
        "sensor network": -0.2317433059487631, 
        "solid src": 0.0, 
        "retriev perform": -0.006371612141392636, 
        "latent dirichlet": 0.2109475923844897, 
        "px solid": 0.0, 
        "signific improv": 0.17148750995914308, 
        "absimag png": 0.0, 
        "f measur": 0.37083284746693307, 
        "new approach": 0.0954718681773861, 
        "font size": -0.8890342567344826, 
        "surfac temperatur": -0.1498288076515179, 
        "demonstr effect": -0.00022788621783351518, 
        "commonli use": 0.02408545829463347, 
        "br br": 0.10341132448667718, 
        "visual featur": -0.029152782127672198, 
        "paper present": 0.04386677237345757, 
        "experiment result": 0.05003897038875277, 
        "font variant": 0.0, 
        "invert index": 0.08646375711237701, 
        "web servic": -0.1867961374458137, 
        "recal precis": 0.010198172316530014, 
        "imag absimag": 0.0, 
        "mobil phone": -0.05904335599119719, 
        "respons time": -0.17226423409375624, 
        "e learn": -0.06710272168029421, 
        "style font": -0.2373850394333204, 
        "inform extract": 0.29080598941896224, 
        "ad hoc": -0.09309042827840722, 
        "real time": -0.06269566096105553, 
        "color textur": -0.14968463358192408, 
        "small cap": 0.0, 
        "stack overflow": 0.14860920882853415, 
        "singular valu": -0.0065340149091137854, 
        "time consum": 0.04758772017447216, 
        "machin svm": 0.19293039047186009, 
        "k mean": -0.06238548942674714, 
        "style width": 0.0, 
        "k nearest": -0.045160664723357564, 
        "state art": 0.12708220796572023, 
        "high qualiti": 0.06834193152328867, 
        "wide use": 0.052864596478485584, 
        "high level": -0.05176767188528627, 
        "medic imag": -0.16179289000361066, 
        "paper propos": 0.07960407269990494, 
        "data mine": -0.03628169837821451, 
        "content base": -0.19793182604529103, 
        "question answer": 0.3344873398804833, 
        "larg number": -0.05555306669281627, 
        "artifici intellig": 0.08881731163774095, 
        "xml document": -0.00850224999256889, 
        "larg amount": 0.05933030589576278, 
        "base imag": -0.32902210891076583, 
        "web page": 0.07535230845899148, 
        "bag word": 0.2762665140056837, 
        "markov model": 0.1934719483466157, 
        "co occurr": 0.2726741936737282, 
        "width border": 0.0, 
        "wind speed": -0.06333586464850811, 
        "mobil agent": -0.08294960248816641, 
        "design implement": -0.09710030987765723, 
        "land surfac": -0.227826897790424, 
        "precis recal": 0.17895584147461843, 
        "paper describ": 0.04292886379481535, 
        "result demonstr": 0.011242904320948058, 
        "semant similar": 0.27944862103050827, 
        "top k": -0.09066614402353242, 
        "decis make": -0.04809923126102806, 
        "even though": 0.1360622348766439, 
        "domain ontolog": 0.083166998260964, 
        "semi supervis": 0.21341056999487706, 
        "mobil devic": -0.11495797740134353, 
        "machin translat": 0.6487734993328554, 
        "genet algorithm": -0.10225025044899637, 
        "present novel": 0.0745868449875914, 
        "social media": 0.1715095829058592, 
        "vector space": 0.19502882964944993, 
        "data sourc": -0.047002787089149935, 
        "result show": 0.06920220888060817, 
        "inform need": -0.02970415687741736, 
        "text mine": 0.22569086600333785, 
        "retriev ir": 0.2364999931836955, 
        "propos method": 0.10557254825920447, 
        "take account": 0.007192357202487129, 
        "wavelet transform": -0.05287236072034908, 
        "imag retriev": -0.291261070501707, 
        "associ rule": -0.12245284515879946, 
        "soil moistur": -0.13983903250361612, 
        "cbir system": -0.14893180297119135, 
        "user interfac": -0.04281377331068727, 
        "img ab": 0.0, 
        "ground truth": -0.05612680788266749, 
        "featur vector": -0.05607652842249149, 
        "high resolut": -0.043697820852226336, 
        "languag model": 0.4301786423017745, 
        "princip compon": 0.0056440148409795735, 
        "allow user": -0.08262829638609812, 
        "propos algorithm": -0.11679014841005246, 
        "fine grain": 0.05152378577963727, 
        "latent semant": 0.21755738217756562, 
        "recommend system": -0.11933553266977472, 
        "retriev cbir": -0.22405268357449484, 
        "end user": -0.08633014574445694, 
        "featur select": 0.08337464405726101, 
        "distanc measur": -0.12928062713984573, 
        "wide rang": -0.0247015613365749, 
        "e commerc": -0.11419795813602304, 
        "water vapor": -0.07232659187076805, 
        "propos new": 0.04494565750857357, 
        "recent year": 0.01909636262901483, 
        "becom import": 0.06745722959682209, 
        "well known": 0.020458547770520568, 
        "data set": -0.005520014785444538, 
        "cloud comput": -0.2201223046853764, 
        "web site": -0.06706500465628468, 
        "machin learn": 0.2501614247100891, 
        "n gram": 0.4067707614637676, 
        "high dimension": -0.2382238437611893, 
        "support vector": 0.14702200885337166, 
        "search engin": 0.03152288000992575, 
        "time seri": -0.21633276157772394,