{
    "57": {
        "em first": 0.0, 
        "self organ": -0.017659555110940733, 
        "img class": 0.0, 
        "user interest": 0.08855127908777369, 
        "manag system": -0.017054709798289637, 
        "ab contain": 0.0, 
        "cross languag": 0.014211267921503156, 
        "social network": 0.019855683359241653, 
        "take advantag": 0.08102518352514955, 
        "first page": -0.5251269994029727, 
        "sup sup": 0.24387287963320578, 
        "low level": -0.24207355819566018, 
        "inform retriev": -0.04269679508774505, 
        "remot sens": -0.09025069666534724, 
        "digit librari": -0.1569316827006976, 
        "cultur heritag": -0.01395118793038518, 
        "space model": -0.09565433387076382, 
        "previou work": -0.21687336256305614, 
        "case studi": 0.032738748993103806, 
        "extens experi": -0.03769991772553856, 
        "p p": 0.1610725291195721, 
        "relationship among": 0.01921455365996316, 
        "big data": 0.11047403036210018, 
        "cluster algorithm": -0.1496432235311478, 
        "variant small": -0.6366115912107116, 
        "experi show": -0.07645509095911965, 
        "spatio tempor": 0.12791811069643624, 
        "fault toler": 0.14555251474752884, 
        "class img": 0.0, 
        "radi transfer": -0.017829454278705394, 
        "real world": -0.10370263046951274, 
        "level featur": -0.104698634887376, 
        "similar measur": -0.07095913109190996, 
        "user prefer": 0.006745543576360719, 
        "propos novel": 0.0879021653275295, 
        "huge amount": 0.1043633184400005, 
        "present new": -0.09392382048655641, 
        "e g": 0.033361263514915446, 
        "sub sub": 0.06574879650387531, 
        "textur featur": -0.06614543605212905, 
        "page articl": -0.41323614264731373, 
        "knowledg base": -0.18711032747275655, 
        "xploreasset imag": 0.0, 
        "color histogram": -0.0427068029569351, 
        "gaussian mixtur": 0.029500983882814417, 
        "bug report": 0.036760632232281196, 
        "paper discuss": -0.05885294035935477, 
        "semant gap": -0.03218166640296045, 
        "png border": 0.0, 
        "address issu": 0.1061315276648945, 
        "import role": -0.10954686426942058, 
        "hidden markov": -0.02568891140276682, 
        "propos approach": -0.05129058266019102, 
        "search result": -0.25935092445249686, 
        "result indic": -0.06284586994798194, 
        "improv perform": 0.07081198852757943, 
        "vector machin": -0.05528924594098584, 
        "wide web": -0.012346797472986355, 
        "bright temperatur": -0.06966583976291112, 
        "sensor network": 0.12645297519416984, 
        "solid src": 0.0, 
        "retriev perform": -0.05847119330473952, 
        "latent dirichlet": 0.013978513081777406, 
        "px solid": 0.0, 
        "signific improv": -0.02488833296256927, 
        "absimag png": 0.0, 
        "f measur": -0.023200109767389177, 
        "new approach": -0.11461971720958186, 
        "font size": -0.4708226138031606, 
        "surfac temperatur": -0.04794762735933085, 
        "demonstr effect": -0.028161145346623485, 
        "commonli use": -0.0062609485815778455, 
        "br br": 0.19078842026216714, 
        "visual featur": -0.090521497875475, 
        "paper present": 0.038629146135879304, 
        "experiment result": -0.0360984039889548, 
        "font variant": 0.0, 
        "invert index": 0.21065273815877786, 
        "web servic": -0.04804972887161392, 
        "recal precis": 0.004169300501633438, 
        "imag absimag": 0.0, 
        "mobil phone": 0.04686646095844195, 
        "respons time": 0.21673094419654365, 
        "e learn": -0.01677119424644222, 
        "style font": -0.1658466657618181, 
        "inform extract": -0.009822800419227002, 
        "ad hoc": 0.06761911297194552, 
        "real time": 0.10557973774352793, 
        "color textur": 0.007657156336916789, 
        "small cap": 0.0, 
        "stack overflow": -0.04987112233666907, 
        "singular valu": 0.08431355150808797, 
        "time consum": -0.03686337890199686, 
        "machin svm": 0.019535720209323957, 
        "k mean": -0.028558854832088944, 
        "style width": 0.0, 
        "k nearest": 0.00972099809982985, 
        "state art": -0.04056522162893791, 
        "high qualiti": -0.07635056438486185, 
        "wide use": -0.07662061547438004, 
        "high level": -0.1128264771365218, 
        "medic imag": 0.10461315988087455, 
        "paper propos": 0.0447142214938748, 
        "data mine": 0.026762645293572876, 
        "content base": -0.07237431670273338, 
        "question answer": -0.12638718643126945, 
        "larg number": 0.04125694958393482, 
        "artifici intellig": 0.07281024702070202, 
        "xml document": 0.006234647309232798, 
        "larg amount": 0.0165004015217158, 
        "base imag": -0.21385969257275192, 
        "web page": -0.09510520862356595, 
        "bag word": -0.050777991676436596, 
        "markov model": -0.03809551344421321, 
        "co occurr": -0.03278151941618754, 
        "width border": 0.0, 
        "wind speed": -0.022611421114242032, 
        "mobil agent": -0.05959985158997362, 
        "design implement": 0.07904923598043784, 
        "land surfac": -0.04740159898723259, 
        "precis recal": -0.0011507671702812258, 
        "paper describ": -0.03601624769631532, 
        "result demonstr": 0.03417639830415674, 
        "semant similar": -0.08735926233840582, 
        "top k": 0.1700285736195637, 
        "decis make": 0.06438505166945227, 
        "even though": 0.0769304682581365, 
        "domain ontolog": -0.020828207402748808, 
        "semi supervis": 0.02446918108334597, 
        "mobil devic": 0.1306340581115211, 
        "machin translat": -0.03242449593744826, 
        "genet algorithm": -0.06584506254577811, 
        "present novel": 0.041990142345566854, 
        "social media": 0.07744124605998827, 
        "vector space": -0.08044812138121664, 
        "data sourc": 0.03008898458729022, 
        "result show": 0.08409706545581942, 
        "inform need": -0.08229531074921906, 
        "text mine": -0.005761621556502203, 
        "retriev ir": -0.020583207549739836, 
        "propos method": -0.12201279223584231, 
        "take account": 0.007117586854900846, 
        "wavelet transform": 0.09039325124454453, 
        "imag retriev": -0.23527983077918016, 
        "associ rule": 0.0036911158502518212, 
        "soil moistur": -0.10127094703535094, 
        "cbir system": -0.021293940574525133, 
        "user interfac": -0.10826702377649747, 
        "img ab": 0.0, 
        "ground truth": -0.027945761330954978, 
        "featur vector": 0.0014617755582495393, 
        "high resolut": 0.03678510452704516, 
        "languag model": -0.05310023578062417, 
        "princip compon": 0.07753255000568847, 
        "allow user": -0.08323404872806921, 
        "propos algorithm": -0.0637126010787969, 
        "fine grain": 0.2199977895201674, 
        "latent semant": -0.08677698111171957, 
        "recommend system": -0.0247070717880187, 
        "retriev cbir": -0.1478134851964903, 
        "end user": 0.16530217612667986, 
        "featur select": 0.014393028574994027, 
        "distanc measur": 0.04994369765497859, 
        "wide rang": 0.08142218469082106, 
        "e commerc": 0.1276891486872556, 
        "water vapor": -0.04515783340056351, 
        "propos new": 0.009665979341747096, 
        "recent year": 0.07210072369693878, 
        "becom import": 0.06686423462730598, 
        "well known": -0.040772968311657685, 
        "data set": -0.04222534819486257, 
        "cloud comput": 0.011047492615901756, 
        "web site": 0.12285439368743725, 
        "machin learn": -0.034910510976836055, 
        "n gram": 0.03767665516605747, 
        "high dimension": 0.03477869777502583, 
        "support vector": -0.062023334169899996, 
        "search engin": -0.08516051226067882,