{
    "58": {
        "em first": 0.0, 
        "self organ": -0.06350307757237234, 
        "img class": 0.0, 
        "user interest": -0.03940869109631599, 
        "manag system": 0.06322308484380174, 
        "ab contain": 0.0, 
        "cross languag": 0.03759459621621483, 
        "social network": 0.05111747415052309, 
        "take advantag": 0.00990987182394553, 
        "first page": -0.862986375636099, 
        "sup sup": -0.020437100015763595, 
        "low level": -0.016699773743810886, 
        "inform retriev": 0.06132783101228967, 
        "remot sens": -0.0183577743099072, 
        "digit librari": 0.03339311917164451, 
        "cultur heritag": 0.016145930068773545, 
        "space model": 0.010854681691634104, 
        "previou work": 0.03460313775981571, 
        "case studi": 0.17961230123559638, 
        "extens experi": -0.037435734693280036, 
        "p p": 0.2415478236422307, 
        "relationship among": -0.01628945242873234, 
        "big data": 0.05395248754841803, 
        "cluster algorithm": -0.024153808844380835, 
        "variant small": -0.8256526429980484, 
        "experi show": -0.08465000200416911, 
        "spatio tempor": -0.032830678975862934, 
        "fault toler": -0.00859279583003376, 
        "class img": 0.0, 
        "radi transfer": -0.024765733943087898, 
        "real world": 0.03910046300740911, 
        "level featur": -0.016186775523587677, 
        "similar measur": -0.014538288114816826, 
        "user prefer": -0.07998082453467593, 
        "propos novel": -0.049298327475153246, 
        "huge amount": 0.035601246641888004, 
        "present new": -0.0521613751000561, 
        "e g": 0.06955574113286696, 
        "sub sub": -0.047045955530107465, 
        "textur featur": -0.12519603220271108, 
        "page articl": -0.5590603692253251, 
        "knowledg base": 0.042676361652086214, 
        "xploreasset imag": 0.0, 
        "color histogram": -0.13344620030428853, 
        "gaussian mixtur": -0.00312601187056067, 
        "bug report": 0.38032527267821836, 
        "paper discuss": 0.010463347988097876, 
        "semant gap": -0.116771437020692, 
        "png border": 0.0, 
        "address issu": 0.06130247525170287, 
        "import role": 0.027074293663234467, 
        "hidden markov": -0.05764894402124679, 
        "propos approach": 0.03920239923185808, 
        "search result": -0.019637444711557595, 
        "result indic": 0.02095258526791316, 
        "improv perform": -0.002469203863637902, 
        "vector machin": -0.0542564562713989, 
        "wide web": 0.04351684573753684, 
        "bright temperatur": -0.06189567245978228, 
        "sensor network": -0.10322296650410184, 
        "solid src": 0.0, 
        "retriev perform": -0.07375817473110732, 
        "latent dirichlet": 0.08570273257138868, 
        "px solid": 0.0, 
        "signific improv": -0.023325273793729194, 
        "absimag png": 0.0, 
        "f measur": 0.01567019737265693, 
        "new approach": 0.02601411640491047, 
        "font size": -0.846733499965009, 
        "surfac temperatur": -0.12629402725958974, 
        "demonstr effect": -0.004312379170446735, 
        "commonli use": -0.002465568457602207, 
        "br br": 0.05849851549414587, 
        "visual featur": -0.08681530914519957, 
        "paper present": 0.023920801944031796, 
        "experiment result": -0.05368176874990035, 
        "font variant": 0.0, 
        "invert index": -0.05560949601868942, 
        "web servic": 0.004107212844368385, 
        "recal precis": -0.022686581011853977, 
        "imag absimag": 0.0, 
        "mobil phone": 0.01939885845838177, 
        "respons time": -0.012304222037182597, 
        "e learn": 0.005641151911457258, 
        "style font": -0.31215697043387275, 
        "inform extract": 0.06159769323156411, 
        "ad hoc": 0.010772028798385628, 
        "real time": 0.01583706475978182, 
        "color textur": -0.1367877984034147, 
        "small cap": 0.0, 
        "stack overflow": 0.172975658667945, 
        "singular valu": -0.05516993357160146, 
        "time consum": 0.09247399469429059, 
        "machin svm": -0.02451847630216878, 
        "k mean": -0.10274563740504032, 
        "style width": 0.0, 
        "k nearest": -0.09446299039409087, 
        "state art": 0.07533561304540552, 
        "high qualiti": 0.05426086044631396, 
        "wide use": 0.02226268530574186, 
        "high level": 0.016599126921445058, 
        "medic imag": 0.039662339237875426, 
        "paper propos": -0.0401776043850641, 
        "data mine": 0.0870543953783171, 
        "content base": -0.05216505050203071, 
        "question answer": 0.023222633238539743, 
        "larg number": 0.04222512051276269, 
        "artifici intellig": 0.042351635283860496, 
        "xml document": -0.025861853690414483, 
        "larg amount": 0.04621313968888425, 
        "base imag": -0.07662317313391767, 
        "web page": -0.004352860995093353, 
        "bag word": -0.00845679523665381, 
        "markov model": -0.06451991005039673, 
        "co occurr": -0.04468178795248099, 
        "width border": 0.0, 
        "wind speed": -0.08743928800430084, 
        "mobil agent": -0.04179171862589925, 
        "design implement": -0.01940358617317984, 
        "land surfac": -0.09910521702487683, 
        "precis recal": 0.054252926825617005, 
        "paper describ": 0.026047949667689287, 
        "result demonstr": -0.04867779273282962, 
        "semant similar": -0.022064332250302195, 
        "top k": -0.024638647334823703, 
        "decis make": 0.08594634572554496, 
        "even though": 0.07701383273905486, 
        "domain ontolog": 0.020047528690807465, 
        "semi supervis": 0.029620290279445224, 
        "mobil devic": -0.0019204619686905328, 
        "machin translat": 0.017196672142093847, 
        "genet algorithm": 0.004727662046655208, 
        "present novel": 0.012023502034514565, 
        "social media": 0.0630714183092077, 
        "vector space": 0.022315033108437424, 
        "data sourc": 0.08542073638499244, 
        "result show": -0.019276214192320496, 
        "inform need": -0.011842958049575858, 
        "text mine": 0.09052149224348756, 
        "retriev ir": 0.14127794957590512, 
        "propos method": -0.06168819200544527, 
        "take account": 0.01798966826894995, 
        "wavelet transform": -0.12524963168593925, 
        "imag retriev": -0.10907046303709636, 
        "associ rule": 0.001284450612355239, 
        "soil moistur": -0.13376239081845298, 
        "cbir system": -0.06156427561096034, 
        "user interfac": 0.04526400714935729, 
        "img ab": 0.0, 
        "ground truth": 0.03783843373166176, 
        "featur vector": -0.13925076909638165, 
        "high resolut": 0.02166535376334242, 
        "languag model": -0.07713417391627206, 
        "princip compon": -0.0072558202056510965, 
        "allow user": -0.03884556828959789, 
        "propos algorithm": -0.11093747372818813, 
        "fine grain": 0.05780554348941087, 
        "latent semant": 0.0906799964783552, 
        "recommend system": 0.025658951322058927, 
        "retriev cbir": -0.05732697753079797, 
        "end user": 0.06782448636071518, 
        "featur select": -0.02072759141568155, 
        "distanc measur": -0.08988224891823607, 
        "wide rang": 0.02420428045267151, 
        "e commerc": -0.0560034600635587, 
        "water vapor": 0.038726252249712066, 
        "propos new": -0.06340063053666563, 
        "recent year": 0.013946848410301495, 
        "becom import": 0.02914703059287399, 
        "well known": 0.018044688132629754, 
        "data set": 0.02432606049002914, 
        "cloud comput": -0.04680354280248466, 
        "web site": 0.047105573407566326, 
        "machin learn": 0.11492850337465839, 
        "n gram": 0.006930051046779722, 
        "high dimension": -0.1524233393315313, 
        "support vector": -0.05999826317431114, 
        "search engin": -0.02642632606121379,