{
    "59": {
        "em first": 0.0, 
        "self organ": 0.04052227544190481, 
        "img class": 0.0, 
        "user interest": -0.0006356915826012475, 
        "manag system": 0.22020279260147466, 
        "ab contain": 0.0, 
        "cross languag": -0.0380664450195069, 
        "social network": -0.10595901142151838, 
        "take advantag": 0.01454071758242397, 
        "first page": -1.02354374390029, 
        "sup sup": 0.022431738817410486, 
        "low level": -0.07159270433109242, 
        "inform retriev": 0.06001621568003384, 
        "remot sens": -0.10130218875531066, 
        "digit librari": 0.007523977318212935, 
        "cultur heritag": -0.015343567748994315, 
        "space model": -0.09938216162402243, 
        "previou work": -0.06093789571365701, 
        "case studi": 0.030818802060471814, 
        "extens experi": -0.01234032378887446, 
        "p p": 0.37653519941689395, 
        "relationship among": -0.1071342549574425, 
        "big data": 0.13428912608324942, 
        "cluster algorithm": -0.1336356658637106, 
        "variant small": -0.7718728433653794, 
        "experi show": -0.1010911948260287, 
        "spatio tempor": 0.053012738768604864, 
        "fault toler": 0.28539390611628757, 
        "class img": 0.0, 
        "radi transfer": -0.06844965505951581, 
        "real world": 0.018895467503231192, 
        "level featur": -0.15012392828953436, 
        "similar measur": -0.15917963660650547, 
        "user prefer": -0.03430443996796538, 
        "propos novel": -0.11611241160147971, 
        "huge amount": 0.04527068324920948, 
        "present new": -0.07625996633968109, 
        "e g": 0.052496310335602814, 
        "sub sub": -0.053586602248298004, 
        "textur featur": -0.15007204654122872, 
        "page articl": -0.6282348818657725, 
        "knowledg base": 0.036273938682370915, 
        "xploreasset imag": 0.0, 
        "color histogram": -0.16098186665045025, 
        "gaussian mixtur": -0.03997772102349808, 
        "bug report": -0.04848810710579724, 
        "paper discuss": 0.08282743853211867, 
        "semant gap": -0.1434354379638108, 
        "png border": 0.0, 
        "address issu": 0.0853177008210965, 
        "import role": -0.0018776386143636561, 
        "hidden markov": -0.16164347496347903, 
        "propos approach": -0.07946895929234346, 
        "search result": -0.10694241113591178, 
        "result indic": -0.04883007150618352, 
        "improv perform": -0.04001702993480985, 
        "vector machin": -0.18014543916429862, 
        "wide web": 0.0445043621484087, 
        "bright temperatur": -0.17095115635954206, 
        "sensor network": 0.08481936757119019, 
        "solid src": 0.0, 
        "retriev perform": -0.11102176877919862, 
        "latent dirichlet": -0.10024813124824718, 
        "px solid": 0.0, 
        "signific improv": -0.1061472825586716, 
        "absimag png": 0.0, 
        "f measur": -0.19989369173908042, 
        "new approach": -0.051019152742937564, 
        "font size": -0.7324013764313541, 
        "surfac temperatur": -0.18205795156884336, 
        "demonstr effect": -0.041327319732624095, 
        "commonli use": -0.06579222043683898, 
        "br br": -0.019615982843689834, 
        "visual featur": -0.1332742250069047, 
        "paper present": 0.05621792278098841, 
        "experiment result": -0.08787133131500761, 
        "font variant": 0.0, 
        "invert index": 0.027884176307879805, 
        "web servic": 0.1430306315249732, 
        "recal precis": -0.05061925474259398, 
        "imag absimag": 0.0, 
        "mobil phone": 0.06199302078540024, 
        "respons time": 0.25060327357236956, 
        "e learn": 0.11031072110659944, 
        "style font": -0.2527406245151275, 
        "inform extract": -0.016023372822424543, 
        "ad hoc": 0.1021932200087033, 
        "real time": 0.18302206800111578, 
        "color textur": -0.1384086825778413, 
        "small cap": 0.0, 
        "stack overflow": -0.04258588689693619, 
        "singular valu": -0.08153329725196803, 
        "time consum": 0.04385902500441685, 
        "machin svm": -0.0570957835236138, 
        "k mean": -0.26186377374761555, 
        "style width": 0.0, 
        "k nearest": -0.10767859385783488, 
        "state art": -0.005918883909153919, 
        "high qualiti": -0.025627186814641968, 
        "wide use": -0.0026001879088797418, 
        "high level": -0.024887400590556285, 
        "medic imag": 0.04275819750089242, 
        "paper propos": -0.022294664599327423, 
        "data mine": 0.03753285949124981, 
        "content base": -0.04692935644675708, 
        "question answer": -0.12541653510404488, 
        "larg number": 0.0820072169036025, 
        "artifici intellig": 0.10997229610259183, 
        "xml document": -0.06937937542797468, 
        "larg amount": 0.0490731601961411, 
        "base imag": -0.07236804203606488, 
        "web page": -0.06651059592284121, 
        "bag word": -0.2009765567075587, 
        "markov model": -0.14621015793113548, 
        "co occurr": -0.17098309165155223, 
        "width border": 0.0, 
        "wind speed": -0.2232175240586634, 
        "mobil agent": 0.37543717355374817, 
        "design implement": 0.2649287026411125, 
        "land surfac": -0.1024990532143423, 
        "precis recal": -0.08542260964853167, 
        "paper describ": 0.09000796628981625, 
        "result demonstr": -0.04809999844106366, 
        "semant similar": -0.18521729449521845, 
        "top k": -0.02752760186108877, 
        "decis make": 0.08108771443566731, 
        "even though": 0.024676310109227495, 
        "domain ontolog": 0.018722233541621704, 
        "semi supervis": -0.07671703935145398, 
        "mobil devic": 0.13390831121627417, 
        "machin translat": -0.10264664484963652, 
        "genet algorithm": 0.02262093443234872, 
        "present novel": -0.032804554292522235, 
        "social media": -0.1259927403446679, 
        "vector space": -0.10673703676063245, 
        "data sourc": 0.1533232148478365, 
        "result show": -0.04500204458157478, 
        "inform need": -0.02781714218957786, 
        "text mine": -0.10989899390438349, 
        "retriev ir": -0.05121869994440479, 
        "propos method": -0.1445129954080439, 
        "take account": -0.05542465102917625, 
        "wavelet transform": -0.08667592904375351, 
        "imag retriev": -0.09305757110032757, 
        "associ rule": -0.04283331163518775, 
        "soil moistur": -0.188152225780098, 
        "cbir system": 0.07246008583753859, 
        "user interfac": 0.14512607343723477, 
        "img ab": 0.0, 
        "ground truth": -0.1351387636183548, 
        "featur vector": -0.11575698092963971, 
        "high resolut": -0.11986411932547485, 
        "languag model": -0.22728076879312048, 
        "princip compon": -0.10162061583136367, 
        "allow user": 0.07029307118045897, 
        "propos algorithm": -0.12949756475715452, 
        "fine grain": 0.051555579478461816, 
        "latent semant": -0.11989323326805601, 
        "recommend system": 0.011313224602636096, 
        "retriev cbir": -0.05760233461278854, 
        "end user": 0.161656318060249, 
        "featur select": -0.15111376677125066, 
        "distanc measur": -0.13004658995948865, 
        "wide rang": 0.08456783142948449, 
        "e commerc": 0.07055763807872951, 
        "water vapor": -0.13067875995639983, 
        "propos new": -0.10059217092876452, 
        "recent year": 0.02821585830163891, 
        "becom import": 0.06727213086033301, 
        "well known": -0.015338667478890716, 
        "data set": -0.09701580243196917, 
        "cloud comput": 0.22875854906674306, 
        "web site": 0.040939246947978694, 
        "machin learn": -0.05838034614907395, 
        "n gram": -0.15811809078729178, 
        "high dimension": -0.07869231836590547, 
        "support vector": -0.1876775493953161, 
        "search engin": 0.004005725098619325,