{
    "5": {
        "em first": 0.0, 
        "self organ": -0.0025513037811196178, 
        "img class": 0.032855223053202265, 
        "user interest": -0.3695119257555118, 
        "manag system": 0.02556856613863848, 
        "ab contain": 0.032855223053202265, 
        "cross languag": -0.1044305670052932, 
        "social network": -0.1747086890446925, 
        "take advantag": 0.04245316336769995, 
        "first page": -0.8079356502914116, 
        "sup sup": 0.20114274211489774, 
        "low level": -0.08199177574836215, 
        "inform retriev": 0.041785014298823114, 
        "remot sens": -0.30512275708682335, 
        "digit librari": -0.17025416599639173, 
        "cultur heritag": -0.06429222693792092, 
        "space model": 0.11970567436571086, 
        "previou work": 0.04789303504376869, 
        "case studi": 0.2640591292155494, 
        "extens experi": 0.010756158155180646, 
        "p p": 0.26961544855770236, 
        "relationship among": -0.10128586609962542, 
        "big data": 0.08893861780871, 
        "cluster algorithm": -0.09580014322019276, 
        "variant small": -0.37370169007461657, 
        "experi show": -0.045186729623779086, 
        "spatio tempor": 0.08129846337315284, 
        "fault toler": 0.27657230105611336, 
        "class img": 0.032855223053202265, 
        "radi transfer": 0.17559349140871136, 
        "real world": 0.028930823952636988, 
        "level featur": -0.11475226377699022, 
        "similar measur": -0.06550787176955591, 
        "user prefer": -0.2848046976258313, 
        "propos novel": 0.045797171262191155, 
        "huge amount": -0.03403317157547547, 
        "present new": 0.025164134747377415, 
        "e g": 0.15452639040711783, 
        "sub sub": 0.09732121662858803, 
        "textur featur": -0.2954716401057379, 
        "page articl": -0.2848514539175965, 
        "knowledg base": -0.15758223206899355, 
        "xploreasset imag": 0.032855223053202265, 
        "color histogram": -0.1477664555783917, 
        "gaussian mixtur": 0.14830389669340707, 
        "bug report": 0.5952851771074663, 
        "paper discuss": -0.003242294934494792, 
        "semant gap": -0.19394620942525168, 
        "png border": 0.032855223053202265, 
        "address issu": 0.13709628891295023, 
        "import role": 0.019746510556545922, 
        "hidden markov": 0.01828974208607001, 
        "propos approach": 0.08692671103837495, 
        "search result": -0.21678788850401232, 
        "result indic": 0.08414346585343384, 
        "improv perform": 0.1052940172602369, 
        "vector machin": -0.2642006941180863, 
        "wide web": -0.35816510834093357, 
        "bright temperatur": -0.14469365074547816, 
        "sensor network": 0.15575829300826688, 
        "solid src": 0.0, 
        "retriev perform": -0.05539222596839019, 
        "latent dirichlet": 0.23705923140939972, 
        "px solid": 0.0, 
        "signific improv": -0.07788967358940614, 
        "absimag png": 0.0, 
        "f measur": -0.06197679804440245, 
        "new approach": 0.021564459837416623, 
        "font size": -0.36601089296516215, 
        "surfac temperatur": -0.010973636292253907, 
        "demonstr effect": -0.10882873213853349, 
        "commonli use": -0.051268842501481414, 
        "br br": 0.017410113974380383, 
        "visual featur": 0.056588501529214685, 
        "paper present": -0.028678557342544195, 
        "experiment result": -0.022860928553458882, 
        "font variant": 0.032855223053202265, 
        "invert index": 0.19188127816530115, 
        "web servic": -0.0772822075396425, 
        "recal precis": -0.02399246493208982, 
        "imag absimag": 0.032855223053202265, 
        "mobil phone": 0.10496808806311948, 
        "respons time": 0.04960823683512333, 
        "e learn": -0.14350031037007835, 
        "style font": -0.10088860313751054, 
        "inform extract": -0.09654552564340567, 
        "ad hoc": 0.04558286339191504, 
        "real time": -0.060263473880919974, 
        "color textur": -0.30652684367075683, 
        "small cap": 0.032855223053202265, 
        "stack overflow": 0.34384346721768316, 
        "singular valu": -0.17520202447899297, 
        "time consum": 0.07911061137896355, 
        "machin svm": -0.07415794205241243, 
        "k mean": -0.05343266662873629, 
        "style width": 0.032855223053202265, 
        "k nearest": -0.13272562348020728, 
        "state art": 0.212593416010674, 
        "high qualiti": 0.008202998398755726, 
        "wide use": 0.09207311242523424, 
        "high level": 0.08955356614061677, 
        "medic imag": -0.10817021901520761, 
        "paper propos": 0.011483667505219165, 
        "data mine": -0.11871940725966006, 
        "content base": -0.1164285787625136, 
        "question answer": -0.05860741684478509, 
        "larg number": -0.008243983931351817, 
        "artifici intellig": 0.05629585621874067, 
        "xml document": 0.029469736715339506, 
        "larg amount": -0.013453287774296165, 
        "base imag": -0.10265876813266278, 
        "web page": -0.20953790025819938, 
        "bag word": -0.14045686985134895, 
        "markov model": 0.024832473282828373, 
        "co occurr": -0.0027030974967803957, 
        "width border": 0.0, 
        "wind speed": -0.08358506509633044, 
        "mobil agent": 0.1511076497126775, 
        "design implement": -0.08813741348904625, 
        "land surfac": -0.1954739877307985, 
        "precis recal": 0.04208723289538614, 
        "paper describ": -0.16126249759443864, 
        "result demonstr": 0.02857563978879297, 
        "semant similar": 0.0009354906707318192, 
        "top k": -0.05338964918578787, 
        "decis make": -0.21406518502534042, 
        "even though": 0.1965752804614919, 
        "domain ontolog": -0.10241438283928507, 
        "semi supervis": -0.10531410883951137, 
        "mobil devic": -0.05293543259699831, 
        "machin translat": 0.03399920147558484, 
        "genet algorithm": 0.1291530213663047, 
        "present novel": 0.09504240921790134, 
        "social media": -0.04918628260304382, 
        "vector space": 0.1396967636963886, 
        "data sourc": 0.010412977444343748, 
        "result show": 0.009888530025121566, 
        "inform need": -0.2177908942505725, 
        "text mine": -0.15733495330462982, 
        "retriev ir": 0.19502950008494355, 
        "propos method": 0.03630938521841923, 
        "take account": 0.03672647404882831, 
        "wavelet transform": 0.009487456209664924, 
        "imag retriev": -0.08958005892144554, 
        "associ rule": -0.22255834734255897, 
        "soil moistur": -0.07839303975470398, 
        "cbir system": -0.1583511572022537, 
        "user interfac": -0.2508019297704238, 
        "img ab": 0.032855223053202265, 
        "ground truth": -0.12046914576316863, 
        "featur vector": -0.08101367836257488, 
        "high resolut": 0.05553944739926225, 
        "languag model": -0.1001962628193157, 
        "princip compon": -0.08600368444854284, 
        "allow user": -0.03726330436999884, 
        "propos algorithm": 0.02957881575116208, 
        "fine grain": 0.06301703739765424, 
        "latent semant": 0.23862344853403772, 
        "recommend system": -0.07525184707037491, 
        "retriev cbir": -0.04670096455922851, 
        "end user": 0.025123204804107225, 
        "featur select": 0.027613358763305902, 
        "distanc measur": -0.027701309735803134, 
        "wide rang": 0.038534624146956395, 
        "e commerc": -0.03665995148179548, 
        "water vapor": 0.06135859186726544, 
        "propos new": -0.031957246700858616, 
        "recent year": -0.06966419792224507, 
        "becom import": 0.04371278882926657, 
        "well known": 0.10540468075909817, 
        "data set": 0.027481829377797518, 
        "cloud comput": -0.10276730416287272, 
        "web site": -0.09719562300080441, 
        "machin learn": -0.06439720363861515, 
        "n gram": -0.06585052647344139,