{
    "6": {
        "em first": 0.0, 
        "self organ": -0.002909539921088864, 
        "img class": 0.02325529065730615, 
        "user interest": -0.022579555526107735, 
        "manag system": -0.17133714162458802, 
        "ab contain": 0.02325529065730615, 
        "cross languag": -0.04839404809693675, 
        "social network": -0.06343915966085072, 
        "take advantag": 0.0451699611431793, 
        "first page": -0.4778718738129121, 
        "sup sup": 0.1720926415537712, 
        "low level": 0.08995958055682174, 
        "inform retriev": -0.1542895639960589, 
        "remot sens": 0.2987027067105749, 
        "digit librari": -0.20468338274602524, 
        "cultur heritag": -0.02288334228108472, 
        "space model": -0.12549462053802876, 
        "previou work": -0.018136002036478093, 
        "case studi": -0.05825727733083304, 
        "extens experi": 0.016845327832282972, 
        "p p": 0.053937348428160635, 
        "relationship among": 0.028819472859423188, 
        "big data": -0.03907169860811846, 
        "cluster algorithm": -0.07025274201902179, 
        "variant small": -0.48166889925484213, 
        "experi show": -0.010289167474358027, 
        "spatio tempor": 0.27062734263640253, 
        "fault toler": 0.007389924184352102, 
        "class img": 0.02325529065730615, 
        "radi transfer": 0.3145316730251838, 
        "real world": -0.03935351852612097, 
        "level featur": 0.11731408390403511, 
        "similar measur": 0.04921791136100295, 
        "user prefer": -0.08030658984570388, 
        "propos novel": 0.042173448171452146, 
        "huge amount": 0.011023022381081663, 
        "present new": -0.03192466086985286, 
        "e g": 0.08400430866938562, 
        "sub sub": 0.15990869250315265, 
        "textur featur": 0.183154626270281, 
        "page articl": -0.5555729825709311, 
        "knowledg base": -0.12712318580298765, 
        "xploreasset imag": 0.02325529065730615, 
        "color histogram": 0.18451139026812247, 
        "gaussian mixtur": 0.06398999446080889, 
        "bug report": -0.020596800556856813, 
        "paper discuss": -0.06263412679839833, 
        "semant gap": 0.09987021932070944, 
        "png border": 0.02325529065730615, 
        "address issu": -0.016844947067157175, 
        "import role": 0.004054162000332512, 
        "hidden markov": -0.017882787407471144, 
        "propos approach": -0.051906887130873394, 
        "search result": -0.20029936331147064, 
        "result indic": 0.08600195813538228, 
        "improv perform": -0.08248508767750572, 
        "vector machin": 0.039214504478536236, 
        "wide web": -0.09312924096947016, 
        "bright temperatur": 0.28124214272049064, 
        "sensor network": 0.08006050081178417, 
        "solid src": 0.0, 
        "retriev perform": 0.07008378464737264, 
        "latent dirichlet": 0.02015114846481251, 
        "px solid": 0.0, 
        "signific improv": 0.03066708738115591, 
        "absimag png": 0.0, 
        "f measur": -0.05445535069315369, 
        "new approach": 0.041078229785697154, 
        "font size": -0.560921184778196, 
        "surfac temperatur": 0.3169788442280298, 
        "demonstr effect": 0.035733838439549415, 
        "commonli use": 0.03847882727824991, 
        "br br": -0.004124500998857678, 
        "visual featur": 0.08679909262504315, 
        "paper present": -0.025339234150000917, 
        "experiment result": 0.032273862535320615, 
        "font variant": 0.02325529065730615, 
        "invert index": -0.009036740981748755, 
        "web servic": -0.1645196081699629, 
        "recal precis": -0.00039893307689912484, 
        "imag absimag": 0.02325529065730615, 
        "mobil phone": 0.04309858818474822, 
        "respons time": 0.008095659510978384, 
        "e learn": -0.03129040615065842, 
        "style font": -0.1914224906598635, 
        "inform extract": -0.01928180037220104, 
        "ad hoc": -0.037745943323340365, 
        "real time": 0.12546300760666618, 
        "color textur": 0.1914018184339045, 
        "small cap": 0.02325529065730615, 
        "stack overflow": -0.10124008216162597, 
        "singular valu": -0.0011629025028722303, 
        "time consum": -0.04273372121012681, 
        "machin svm": 0.032643608670699036, 
        "k mean": -0.002751188948190004, 
        "style width": 0.02325529065730615, 
        "k nearest": 0.09779076170156654, 
        "state art": -0.011409366980212743, 
        "high qualiti": -0.03722671349984698, 
        "wide use": 0.07646980005543319, 
        "high level": 0.05810739452900633, 
        "medic imag": 0.14434471775904661, 
        "paper propos": -0.027253845564439452, 
        "data mine": -0.06583815572392702, 
        "content base": 0.10341457680839239, 
        "question answer": -0.1733009788447479, 
        "larg number": 0.02572333113315325, 
        "artifici intellig": -0.09196769537725925, 
        "xml document": -0.13010758642158146, 
        "larg amount": -0.02228927629810176, 
        "base imag": 0.12006857066305465, 
        "web page": -0.15634926751760533, 
        "bag word": 0.02589984723821631, 
        "markov model": -0.036207266925699436, 
        "co occurr": 0.05910790389444671, 
        "width border": 0.0, 
        "wind speed": 0.27219173400633745, 
        "mobil agent": -0.0635536113759619, 
        "design implement": -0.06469989162609988, 
        "land surfac": 0.3316606132642058, 
        "precis recal": -0.04774906986331813, 
        "paper describ": -0.012722369057697594, 
        "result demonstr": 0.03382814487913856, 
        "semant similar": -0.1189486619315789, 
        "top k": 0.034184403567932085, 
        "decis make": -0.06500750676298885, 
        "even though": 0.13320073141225386, 
        "domain ontolog": -0.14916474082544506, 
        "semi supervis": 0.007238878168391265, 
        "mobil devic": -0.008150748939627996, 
        "machin translat": -0.08260699744734169, 
        "genet algorithm": -0.011089684205123171, 
        "present novel": 0.050426630240731414, 
        "social media": 0.03291060977343501, 
        "vector space": -0.18584125434817678, 
        "data sourc": -0.043396623110979, 
        "result show": 0.060454401474404555, 
        "inform need": -0.15073163549674667, 
        "text mine": -0.10639367617660786, 
        "retriev ir": -0.2023129140300149, 
        "propos method": 0.05504536135366801, 
        "take account": 0.10373889704224402, 
        "wavelet transform": 0.1789712220805078, 
        "imag retriev": 0.1240002060147369, 
        "associ rule": -0.03411056023881738, 
        "soil moistur": 0.2319744075333107, 
        "cbir system": 0.12486979785776525, 
        "user interfac": -0.040152386006188985, 
        "img ab": 0.02325529065730615, 
        "ground truth": 0.19790504741812534, 
        "featur vector": 0.15422180400903376, 
        "high resolut": 0.4281347477855821, 
        "languag model": -0.11128693356343149, 
        "princip compon": 0.23069283315845734, 
        "allow user": -0.03793693519973991, 
        "propos algorithm": 0.05463313003994269, 
        "fine grain": 0.02020337438663737, 
        "latent semant": -0.08068259523693051, 
        "recommend system": -0.12754972438807516, 
        "retriev cbir": 0.1270087593769061, 
        "end user": -0.04947750547273483, 
        "featur select": -0.03103863631470254, 
        "distanc measur": 0.11992265971343236, 
        "wide rang": 0.09016662182982164, 
        "e commerc": -0.11647452183350578, 
        "water vapor": 0.3508143833064904, 
        "propos new": 0.00946983499284669, 
        "recent year": -0.032777025830934156, 
        "becom import": 0.06635371387234852, 
        "well known": 0.023393642568472615, 
        "data set": 0.07011809892624137, 
        "cloud comput": -0.13624235658085565, 
        "web site": -0.15680677172774962, 
        "machin learn": -0.11873028538514069, 
        "n gram": -0.08437644675983452,