{
    "7": {
        "em first": 0.0, 
        "self organ": 0.2973632635262353, 
        "img class": 0.0, 
        "user interest": 0.09070265054747147, 
        "manag system": -0.35758784159543966, 
        "ab contain": 0.0, 
        "cross languag": 0.02304991617930709, 
        "social network": -0.12284507244213355, 
        "take advantag": 0.03334937070254311, 
        "first page": -1.1603610901547214, 
        "sup sup": 0.10492623136928562, 
        "low level": 0.0815752298592304, 
        "inform retriev": 0.11420953870974938, 
        "remot sens": -0.16703524242870155, 
        "digit librari": -0.17023409099128853, 
        "cultur heritag": -0.4477820389505107, 
        "space model": 0.3962481683071598, 
        "previou work": 0.05828883318624546, 
        "case studi": -0.2888233139193484, 
        "extens experi": 0.11380994808431805, 
        "p p": 0.724555485583629, 
        "relationship among": 0.09793119057146629, 
        "big data": 0.04120267327261402, 
        "cluster algorithm": 0.7334300847621533, 
        "variant small": -1.4047032552981316, 
        "experi show": 0.20645291802957563, 
        "spatio tempor": -0.14054025837839584, 
        "fault toler": -0.2499766568086756, 
        "class img": 0.0, 
        "radi transfer": -0.2258954207749128, 
        "real world": 0.1019463061485171, 
        "level featur": 0.08416155604687643, 
        "similar measur": 0.30097941443918014, 
        "user prefer": -0.027640215202537725, 
        "propos novel": 0.1722533925616945, 
        "huge amount": 0.08798220332842137, 
        "present new": 0.10733652199604846, 
        "e g": 0.006526726508716574, 
        "sub sub": -0.052904281211509946, 
        "textur featur": 0.03209776152837011, 
        "page articl": -1.5984390504806523, 
        "knowledg base": -0.10956741488505514, 
        "xploreasset imag": 0.0, 
        "color histogram": 0.02990902925160731, 
        "gaussian mixtur": 0.22998530102789874, 
        "bug report": -0.040379270431444084, 
        "paper discuss": -0.19746983549028876, 
        "semant gap": 0.1105165891925334, 
        "png border": 0.0, 
        "address issu": 0.09230206382322796, 
        "import role": 0.12119685187818861, 
        "hidden markov": 0.10835712534848412, 
        "propos approach": 0.17204298815263894, 
        "search result": 0.2575697621421845, 
        "result indic": 0.09474340281515001, 
        "improv perform": 0.22328594721565684, 
        "vector machin": 0.2308866165579707, 
        "wide web": -0.006630321710066461, 
        "bright temperatur": 0.07628539245596949, 
        "sensor network": -0.3947491677118469, 
        "solid src": 0.0, 
        "retriev perform": 0.21850546127313916, 
        "latent dirichlet": 0.2839588724973358, 
        "px solid": 0.0, 
        "signific improv": 0.1746696127976015, 
        "absimag png": 0.0, 
        "f measur": 0.39151133668212307, 
        "new approach": 0.07522613137872097, 
        "font size": -1.8710660424884011, 
        "surfac temperatur": 0.039428624625360426, 
        "demonstr effect": 0.18426421525573153, 
        "commonli use": 0.16673011804749213, 
        "br br": 0.08543912231561289, 
        "visual featur": 0.11500189899220388, 
        "paper present": 0.036513403182828745, 
        "experiment result": 0.23586169082882966, 
        "font variant": 0.0, 
        "invert index": 0.10072321129954948, 
        "web servic": -0.25505694205517127, 
        "recal precis": 0.2273123390080745, 
        "imag absimag": 0.0, 
        "mobil phone": -0.2404757059438494, 
        "respons time": -0.08490273093527773, 
        "e learn": -0.2253624100674328, 
        "style font": -0.17613078001899948, 
        "inform extract": -0.018270535582443712, 
        "ad hoc": -0.03871157743530096, 
        "real time": -0.07709564960572649, 
        "color textur": 0.039851249189682296, 
        "small cap": 0.0, 
        "stack overflow": -0.17497442153577067, 
        "singular valu": 0.5194875772174403, 
        "time consum": 0.07142540197180859, 
        "machin svm": 0.21389018069118326, 
        "k mean": 0.7205208206365612, 
        "style width": 0.0, 
        "k nearest": 0.17071285703958478, 
        "state art": 0.17322560996478528, 
        "high qualiti": 0.15689740522280624, 
        "wide use": 0.17064197320680527, 
        "high level": -0.004240508681668037, 
        "medic imag": -0.03353761796894628, 
        "paper propos": 0.14046864997762631, 
        "data mine": 0.24681802504363898, 
        "content base": 0.03513131155097934, 
        "question answer": -0.23996428486306443, 
        "larg number": 0.10440323148809086, 
        "artifici intellig": -0.17911002615339194, 
        "xml document": 0.15917653493554554, 
        "larg amount": 0.04582273961738742, 
        "base imag": -0.017845137197531225, 
        "web page": 0.16634703479617077, 
        "bag word": 0.39596721905848337, 
        "markov model": 0.13352641438023605, 
        "co occurr": 0.3272483894288134, 
        "width border": 0.0, 
        "wind speed": -0.09129502422764092, 
        "mobil agent": -0.3389496993357558, 
        "design implement": -0.1615776563149927, 
        "land surfac": 0.026091332323609807, 
        "precis recal": 0.21216892251983638, 
        "paper describ": -0.11606717516584775, 
        "result demonstr": 0.15387321345866228, 
        "semant similar": 0.2625413212721771, 
        "top k": 0.04579132247633721, 
        "decis make": -0.24063156261036936, 
        "even though": -0.007587613859854305, 
        "domain ontolog": -0.11124686496336611, 
        "semi supervis": 0.376622867409677, 
        "mobil devic": -0.1991845580797711, 
        "machin translat": -0.019540472750100814, 
        "genet algorithm": 0.3308684042860154, 
        "present novel": 0.18142455326734253, 
        "social media": -0.02004961208165436, 
        "vector space": 0.41101195036504784, 
        "data sourc": -0.13343628986754824, 
        "result show": 0.19531324261818045, 
        "inform need": -0.006604999403611859, 
        "text mine": 0.3743985222797645, 
        "retriev ir": 0.15042964446735974, 
        "propos method": 0.2108493087660023, 
        "take account": -0.027266590637995046, 
        "wavelet transform": -0.21169412082038178, 
        "imag retriev": 0.020891944342753488, 
        "associ rule": 0.24510779597304383, 
        "soil moistur": 0.03559024030860864, 
        "cbir system": 0.00788985877434853, 
        "user interfac": -0.22869497195433228, 
        "img ab": 0.0, 
        "ground truth": 0.06297075590405068, 
        "featur vector": 0.227761613884571, 
        "high resolut": -0.22194798580934239, 
        "languag model": 0.1691078993037529, 
        "princip compon": 0.3112887188231461, 
        "allow user": -0.10121043364668753, 
        "propos algorithm": 0.31755644286770096, 
        "fine grain": -0.04825277079110342, 
        "latent semant": 0.3850042134291306, 
        "recommend system": 0.039647716608849776, 
        "retriev cbir": -0.005289382399710005, 
        "end user": -0.1604892668395198, 
        "featur select": 0.35529940115955544, 
        "distanc measur": 0.26380050676338584, 
        "wide rang": 0.0031054258006904738, 
        "e commerc": -0.13526178765102553, 
        "water vapor": 0.10960145285932474, 
        "propos new": 0.21078169578428915, 
        "recent year": -0.027403066147585625, 
        "becom import": 0.09788848548862404, 
        "well known": 0.16534664624378143, 
        "data set": 0.23141711774764082, 
        "cloud comput": -0.1685462805628829, 
        "web site": -0.08760278550341571, 
        "machin learn": 0.1419460410488021, 
        "n gram": 0.21723448811281554, 
        "high dimension": 0.3508497831294926, 
        "support vector": 0.2451211742013986, 
        "search engin": 0.10006817375435914, 
        "time seri": 0.06604615885204358, 
        "synthet apertur": -0.08356018604082896,