{
    "8": {
        "em first": 0.0, 
        "self organ": 0.06868589225758255, 
        "img class": 0.0, 
        "user interest": -0.03272732666606237, 
        "manag system": -0.14106405553082121, 
        "ab contain": 0.0, 
        "cross languag": -0.09709873419948717, 
        "social network": -0.03674952651409411, 
        "take advantag": -0.055705990805340166, 
        "first page": -0.5201156444085266, 
        "sup sup": 0.13549472780360297, 
        "low level": 0.03783252275716759, 
        "inform retriev": -0.17669048147382033, 
        "remot sens": 0.4899056083992013, 
        "digit librari": -0.10708288838867956, 
        "cultur heritag": -0.059636037050397175, 
        "space model": 0.027981339627189208, 
        "previou work": -0.054279234512224245, 
        "case studi": -0.0624645176325913, 
        "extens experi": 0.005005460317197077, 
        "p p": 0.1616012126320891, 
        "relationship among": 0.0013326891852724178, 
        "big data": -0.04185338250811531, 
        "cluster algorithm": 0.15064729830409077, 
        "variant small": -0.6291526258221604, 
        "experi show": -0.059347284522927174, 
        "spatio tempor": 0.07552720884637021, 
        "fault toler": 0.008677372026565926, 
        "class img": 0.0, 
        "radi transfer": 0.6249654634756835, 
        "real world": -0.06010436349358052, 
        "level featur": 0.03180206060878277, 
        "similar measur": 0.10909506611127441, 
        "user prefer": -0.03478694781324343, 
        "propos novel": -0.1509951460143902, 
        "huge amount": -0.051801480391738826, 
        "present new": 0.1098255259330395, 
        "e g": 0.03769580557319186, 
        "sub sub": 0.2638165196625408, 
        "textur featur": 0.05648852938871375, 
        "page articl": -0.5207504056688834, 
        "knowledg base": -0.10993268666116662, 
        "xploreasset imag": 0.0, 
        "color histogram": 0.017564731211455988, 
        "gaussian mixtur": 0.17760320118550726, 
        "bug report": -0.02004102890996683, 
        "paper discuss": -0.05317246983496477, 
        "semant gap": -0.02183024085602407, 
        "png border": 0.0, 
        "address issu": -0.013226306658990716, 
        "import role": -0.02096169370845669, 
        "hidden markov": 0.034171745259399255, 
        "propos approach": -0.07698921812334585, 
        "search result": -0.07166734187912935, 
        "result indic": 0.10569724863501344, 
        "improv perform": -0.08519511072030254, 
        "vector machin": 0.019135461442110292, 
        "wide web": -0.10080755458463585, 
        "bright temperatur": 0.5481432207615541, 
        "sensor network": -0.003317406562469913, 
        "solid src": 0.0, 
        "retriev perform": 0.02466771193974919, 
        "latent dirichlet": 0.05786742030017331, 
        "px solid": 0.0, 
        "signific improv": 0.08086122151919084, 
        "absimag png": 0.0, 
        "f measur": 0.18211863024379324, 
        "new approach": -0.004824333083706507, 
        "font size": -0.5684901588800555, 
        "surfac temperatur": 0.4841084315160524, 
        "demonstr effect": 0.03467345481859962, 
        "commonli use": 0.049053048833817954, 
        "br br": -0.02257634483646454, 
        "visual featur": 0.035464464961740175, 
        "paper present": -0.04600351443142792, 
        "experiment result": -0.13822345542956113, 
        "font variant": 0.0, 
        "invert index": 0.009540727724200473, 
        "web servic": -0.12413738340806327, 
        "recal precis": 0.07854151438592596, 
        "imag absimag": 0.0, 
        "mobil phone": -0.10503943673832415, 
        "respons time": -0.010829696435585906, 
        "e learn": -0.11595983956244175, 
        "style font": -0.07156100136602506, 
        "inform extract": -0.0978353542082051, 
        "ad hoc": -0.007218380781232564, 
        "real time": 0.04935427203326328, 
        "color textur": 0.047975542828556594, 
        "small cap": 0.0, 
        "stack overflow": -0.022802912437608597, 
        "singular valu": 0.2750157837238929, 
        "time consum": -0.030658203535430178, 
        "machin svm": 0.07223386997934417, 
        "k mean": 0.18865841389754506, 
        "style width": 0.0, 
        "k nearest": 0.07310150290905339, 
        "state art": -0.09693303887204105, 
        "high qualiti": 0.0013493251498803756, 
        "wide use": -0.01576504084177439, 
        "high level": -0.0388600406477992, 
        "medic imag": 0.005616644407774332, 
        "paper propos": -0.163955082132627, 
        "data mine": -0.06182780125630785, 
        "content base": -0.1945565056904464, 
        "question answer": -0.087819127645684, 
        "larg number": -0.04997307962035116, 
        "artifici intellig": -0.015461106066774593, 
        "xml document": -0.0707074481064833, 
        "larg amount": -0.07093491631079493, 
        "base imag": -0.12399203059334914, 
        "web page": -0.07985350544912276, 
        "bag word": -0.010634353721499895, 
        "markov model": 0.04080479391881882, 
        "co occurr": 0.0549148014297166, 
        "width border": 0.0, 
        "wind speed": 0.8347358066636361, 
        "mobil agent": -0.04041336586164435, 
        "design implement": -0.11534684734915898, 
        "land surfac": 0.4190826665848604, 
        "precis recal": -0.010074710606986712, 
        "paper describ": -0.1836070313868472, 
        "result demonstr": 0.03861044453012106, 
        "semant similar": 0.00567149078434275, 
        "top k": 0.08067786433118496, 
        "decis make": -0.05982567500536899, 
        "even though": 0.09472166659906511, 
        "domain ontolog": -0.12198850385861155, 
        "semi supervis": 0.05886984692479604, 
        "mobil devic": -0.0904341251160516, 
        "machin translat": -0.028597454286331994, 
        "genet algorithm": 0.03231044550895292, 
        "present novel": -0.03203122903201378, 
        "social media": -0.024821830273493342, 
        "vector space": 0.04301628705604536, 
        "data sourc": -0.048734331203540426, 
        "result show": 0.016048357342820757, 
        "inform need": -0.07721519964616011, 
        "text mine": 0.02844889256218082, 
        "retriev ir": -0.01605353392644181, 
        "propos method": -0.055859863436181566, 
        "take account": 0.09638617320259617, 
        "wavelet transform": 0.03219070733665302, 
        "imag retriev": -0.14427228128725259, 
        "associ rule": 0.03296089831663128, 
        "soil moistur": 0.5775562504840328, 
        "cbir system": -0.011693826946514323, 
        "user interfac": -0.14166690301516474, 
        "img ab": 0.0, 
        "ground truth": 0.28023576883456136, 
        "featur vector": 0.08081517674317824, 
        "high resolut": 0.5248277022827277, 
        "languag model": -0.04558047105988364, 
        "princip compon": 0.198441351994287, 
        "allow user": -0.08581260828154817, 
        "propos algorithm": 0.01601713311499442, 
        "fine grain": -0.02793039186154184, 
        "latent semant": 0.0391289226844845, 
        "recommend system": -0.026428547324147747, 
        "retriev cbir": -0.024713772598622587, 
        "end user": -0.10929692674196465, 
        "featur select": 0.07502370010196065, 
        "distanc measur": 0.17719923323411751, 
        "wide rang": 0.04872162796601468, 
        "e commerc": -0.08461930961162112, 
        "water vapor": 0.48768529969597935, 
        "propos new": -0.1223702190651953, 
        "recent year": -0.011823462397516452, 
        "becom import": -0.011032433990397885, 
        "well known": 0.02024024958376255, 
        "data set": 0.24293073626063463, 
        "cloud comput": -0.13570860544882432, 
        "web site": -0.13159726332463406, 
        "machin learn": -0.009793796788120316, 
        "n gram": 0.024672553191874877, 
        "high dimension": 0.08461123257215064, 
        "support vector": 0.020723005296051665, 
        "search engin": -0.08193362777341713,