{
    "9": {
        "em first": 0.0, 
        "self organ": 0.26244200245310373, 
        "img class": 0.0, 
        "user interest": 0.022298487212442472, 
        "manag system": -0.2716654541426264, 
        "ab contain": 0.0, 
        "cross languag": -0.1018013778582584, 
        "social network": -0.1983758744833555, 
        "take advantag": 0.019351143879773998, 
        "first page": -0.668661150636585, 
        "sup sup": 0.3365567900905808, 
        "low level": 0.24910404565959351, 
        "inform retriev": -0.025500855392984897, 
        "remot sens": -0.14948369802716768, 
        "digit librari": -0.23192865557625952, 
        "cultur heritag": -0.11254133043010206, 
        "space model": 0.3086068543754808, 
        "previou work": 0.005728719063812927, 
        "case studi": -0.2766294513857014, 
        "extens experi": 0.38353581495417444, 
        "p p": 0.1535576504054299, 
        "relationship among": 0.03378197611667364, 
        "big data": -0.007558771687160296, 
        "cluster algorithm": 0.19763215812605325, 
        "variant small": -0.745367596752645, 
        "experi show": 0.15470594521756975, 
        "spatio tempor": 0.19534815954097698, 
        "fault toler": -0.09387770341091385, 
        "class img": 0.0, 
        "radi transfer": 0.03386170251587839, 
        "real world": 0.13029378403773642, 
        "level featur": 0.28301037193037953, 
        "similar measur": 0.2569781282546991, 
        "user prefer": -0.0630614235651903, 
        "propos novel": 0.16943233104509536, 
        "huge amount": 0.020642653723184672, 
        "present new": 0.11309848559863273, 
        "e g": 0.06490903050968581, 
        "sub sub": 0.13863498786991174, 
        "textur featur": 0.18468091641748025, 
        "page articl": -1.1522316722691397, 
        "knowledg base": -0.20244753524212405, 
        "xploreasset imag": 0.0, 
        "color histogram": 0.12615732095481696, 
        "gaussian mixtur": 0.14011179334002424, 
        "bug report": -0.043272022326383774, 
        "paper discuss": -0.2204018454044172, 
        "semant gap": 0.2105077082585246, 
        "png border": 0.0, 
        "address issu": 0.05216572789214568, 
        "import role": -0.03724534600256832, 
        "hidden markov": 0.0007611136053276854, 
        "propos approach": 0.11283625932926802, 
        "search result": -0.11647926286748066, 
        "result indic": 0.03824734629064909, 
        "improv perform": 0.10074138815256498, 
        "vector machin": 0.2422098205439236, 
        "wide web": -0.16830991106886475, 
        "bright temperatur": -0.027297650269046063, 
        "sensor network": -0.16873825726912345, 
        "solid src": 0.0, 
        "retriev perform": 0.14092193634428307, 
        "latent dirichlet": 0.17236975429926144, 
        "px solid": 0.0, 
        "signific improv": -0.009367531687905635, 
        "absimag png": 0.0, 
        "f measur": 0.061211448349000344, 
        "new approach": 0.12924507115503597, 
        "font size": -0.8307176774227528, 
        "surfac temperatur": -0.047758820831074245, 
        "demonstr effect": 0.201642003949776, 
        "commonli use": 0.12948374371955285, 
        "br br": -0.03634631126814819, 
        "visual featur": 0.22566900653894564, 
        "paper present": 0.0002180821989852897, 
        "experiment result": 0.16381053320186117, 
        "font variant": 0.0, 
        "invert index": 0.08604865303175831, 
        "web servic": -0.2789702067823371, 
        "recal precis": 0.1376024190044109, 
        "imag absimag": 0.0, 
        "mobil phone": -0.13051917722272613, 
        "respons time": 0.005700323935853723, 
        "e learn": -0.16654140948761734, 
        "style font": -0.08527104882233318, 
        "inform extract": -0.19454646236267956, 
        "ad hoc": -0.04319565655582901, 
        "real time": -0.04479120886370288, 
        "color textur": 0.2437990250619088, 
        "small cap": 0.0, 
        "stack overflow": -0.14405241335660202, 
        "singular valu": 0.41610505510727847, 
        "time consum": 0.008679969170264548, 
        "machin svm": 0.2673724464474877, 
        "k mean": 0.2821128418943229, 
        "style width": 0.0, 
        "k nearest": 0.5249804789451195, 
        "state art": 0.14780857790543117, 
        "high qualiti": 0.0359821474114962, 
        "wide use": 0.12970123795510757, 
        "high level": 0.21200640043906155, 
        "medic imag": 0.1345923757387608, 
        "paper propos": 0.09405727239017253, 
        "data mine": 0.1432476357693791, 
        "content base": 0.19468070624225406, 
        "question answer": -0.27896625175022605, 
        "larg number": 0.06369088475786995, 
        "artifici intellig": -0.01992645095100705, 
        "xml document": -0.054595616460973516, 
        "larg amount": 0.06730811254456964, 
        "base imag": 0.17376754400326594, 
        "web page": -0.1755047191026662, 
        "bag word": 0.19183021204927642, 
        "markov model": 0.03198881007716645, 
        "co occurr": 0.07633823555027941, 
        "width border": 0.0, 
        "wind speed": -0.01057736013987566, 
        "mobil agent": -0.1190407628311244, 
        "design implement": -0.20737095713953688, 
        "land surfac": -0.1458416077232872, 
        "precis recal": 0.0821453194043903, 
        "paper describ": -0.13540312625339704, 
        "result demonstr": 0.17020764394328136, 
        "semant similar": 0.11568095655927592, 
        "top k": 0.25440164513313623, 
        "decis make": -0.19520823240900684, 
        "even though": 0.030130648320904917, 
        "domain ontolog": -0.15977677835855714, 
        "semi supervis": 0.12385729840744136, 
        "mobil devic": -0.17115469954820106, 
        "machin translat": -0.2586254209404571, 
        "genet algorithm": 0.06553455927270078, 
        "present novel": 0.08963301543533762, 
        "social media": -0.11167891251116409, 
        "vector space": 0.36997188719626684, 
        "data sourc": -0.19712892052007097, 
        "result show": 0.1259120663815897, 
        "inform need": -0.2594795252510286, 
        "text mine": -0.008022601822314183, 
        "retriev ir": -0.03590318533486372, 
        "propos method": 0.19317892771834397, 
        "take account": 0.008948641824913024, 
        "wavelet transform": 0.07712129452370751, 
        "imag retriev": 0.16945672384599314, 
        "associ rule": 0.02690828968691257, 
        "soil moistur": -0.1607187315643518, 
        "cbir system": 0.11741438182836429, 
        "user interfac": -0.29791559967229214, 
        "img ab": 0.0, 
        "ground truth": 0.0420037161848934, 
        "featur vector": 0.4458715366082841, 
        "high resolut": 0.15090822346184332, 
        "languag model": -0.07925848431619788, 
        "princip compon": 0.452997266276742, 
        "allow user": -0.036443039545424466, 
        "propos algorithm": 0.22741461403919602, 
        "fine grain": -0.024382977982618445, 
        "latent semant": 0.30140925004311836, 
        "recommend system": -0.0239497885823931, 
        "retriev cbir": 0.1718700530750931, 
        "end user": -0.11887649355293732, 
        "featur select": 0.26383036330521387, 
        "distanc measur": 0.39259990140856543, 
        "wide rang": 0.0072209250381113175, 
        "e commerc": -0.12120520871775768, 
        "water vapor": -0.0703122803303219, 
        "propos new": 0.15896265133067028, 
        "recent year": -0.01812447949230337, 
        "becom import": 0.035699118804106755, 
        "well known": 0.19990159669544544, 
        "data set": 0.2805061619872782, 
        "cloud comput": -0.028087423674326036, 
        "web site": -0.22236414761660162, 
        "machin learn": 0.060649376471620796, 
        "n gram": -0.0037559775031106067, 
        "high dimension": 0.6507442108864028, 
        "support vector": 0.2477862732678389, 
        "search engin": -0.19638654986886575, 
        "time seri": 0.17719713112876567,